accession	organism	kingdom	length	tm_in_first_90
A0A061ACU2	Caenorhabditis	Metazoa	2442	True
A0A061AE05	Caenorhabditis	Metazoa	654	False
A0A075D657	Vinca	Plants	322	False
A0A075TRC0	Penicillium	Fungi	1776	False
A0A076FFM5	Ocimum	Plants	523	False
A0A078CGE6	Brassica	Plants	1299	False
A0A087WPF7	Mus	Metazoa	1261	False
A0A087X1C5	Homo	Metazoa	515	True
A0A095C325	Cryptococcus deuterogattii	Fungi	1408	False
A0A096LP01	Homo	Metazoa	95	True
A0A096MJY4	Rattus	Metazoa	473	False
A0A0B4J1F4	Mus	Metazoa	415	False
A0A0B4J2F0	Homo	Metazoa	54	True
A0A0B4KGY6	melanogaster subgroup	Metazoa	780	False
A0A0B5A051	Humulus	Plants	414	False
A0A0B5L781	Penicillium	Fungi	398	False
A0A0B5LB55	Penicillium	Fungi	433	False
A0A0D2Y5A7	Fusarium oxysporum	Fungi	457	False
A0A0E3JHZ7	Taxus	Plants	555	False
A0A0E3T3B5	Malus	Plants	503	False
A0A0E3T552	Malus	Plants	503	False
A0A0F7G352	Vanilla	Plants	356	False
A0A0G2JTY4	Rattus	Metazoa	1076	False
A0A0G2K047	Rattus	Metazoa	683	False
A0A0G2K309	Rattus	Metazoa	301	True
A0A0G2KTI4	Danio	Metazoa	1136	False
A0A0H5BMX5	Tulipa	Plants	440	False
A0A0J9UVG7	Fusarium oxysporum	Fungi	326	False
A0A0K3AR81	Caenorhabditis	Metazoa	696	False
A0A0K3AUE4	Caenorhabditis	Metazoa	1968	False
A0A0P0WQ90	Oryza sativa	Plants	416	False
A0A0P0X9Z7	Oryza sativa	Plants	1600	False
A0A0R0H9T5	Glycine subgen. Soja	Plants	172	False
A0A0R4IMY7	Danio	Metazoa	1470	False
A0A0R4IY06	Danio	Metazoa	179	False
A0A0S2UWC9	Petunia	Plants	249	False
A0A0U2UYC4	Mycosarcoma	Fungi	493	False
A0A0U3BRC5	Leucosceptrum	Plants	364	False
A0A140LI88	Mus	Metazoa	1857	False
A0A140LIF8	Mus	Metazoa	395	False
A0A143ZZK9	Plasmodium falciparum	Other	1264	False
A0A145P7T2	Lotus	Plants	693	False
A0A163UT06	Caenorhabditis	Metazoa	277	False
A0A178VEK7	Arabidopsis	Plants	300	False
A0A178WF56	Arabidopsis	Plants	71	True
A0A1B1FHP3	Catharanthus	Plants	365	False
A0A1B1WAJ0	Lotus	Plants	509	False
A0A1C3NSL9	Caenorhabditis	Metazoa	1644	False
A0A1D5PRR9	Gallus	Metazoa	2041	False
A0A1D6LTV0	Zea	Plants	627	False
A0A1D8PJ01	Candida albicans	Fungi	895	False
A0A1D8PN96	Candida albicans	Fungi	981	False
A0A1D8PRB7	Candida albicans	Fungi	1105	False
A0A1D9BZF0	Mus	Metazoa	507	False
A0A1L8FDW4	Xenopus	Metazoa	619	False
A0A1S3XSG2	Nicotiana	Plants	786	False
A0A1S4BDC4	Nicotiana	Plants	790	False
A0A1S4FPC9	Stegomyia	Metazoa	3364	False
A0A1W2P872	Mus	Metazoa	492	False
A0A254TZW7	Circumdati	Fungi	524	True
A0A2I0BVG8	Plasmodium falciparum	Other	524	False
A0A2K3DZC4	Chlamydomonas	Plants	156	False
A0A2K8FQU5	Catharanthus	Plants	436	False
A0A2P1GIW2	Catharanthus	Plants	330	False
A0A2P1GIW3	Catharanthus	Plants	320	False
A0A2R8Y7D0	Homo	Metazoa	87	False
A0A2Z5GDY5	Lotus	Plants	658	False
A0A386CAB9	Danio	Metazoa	1355	False
A0A396IUP1	Medicago	Plants	594	False
A0A3S7X906	Leishmania donovani species complex	Other	625	False
A0A437AGY2	Arthrobotrys	Fungi	538	True
A0A445AGS0	Arachis	Plants	203	False
A0A494BA31	Mus	Metazoa	952	False
A0A498JQK2	Malus	Plants	214	False
A0A509AHB6	Plasmodium berghei	Other	523	False
A0A509APT1	Plasmodium berghei	Other	258	True
A0A509AQ68	Plasmodium berghei	Other	446	False
A0A5E4M3Q4	Caenorhabditis	Metazoa	554	False
A0A5F8MPU3	Mus	Metazoa	2282	False
A0A5K1K8H0	Plasmodium falciparum	Other	568	False
A0A5K7RLP0	Mus	Metazoa	589	False
A0A5S9MMK5	Caenorhabditis	Metazoa	443	False
A0A6P3HVI0	Bison bison	Metazoa	535	True
A0A7G5KET3	Aspergillus flavus	Fungi	417	False
A0A7J6K629	Toxoplasma	Other	547	True
A0A7J6KEV6	Toxoplasma	Other	124	False
A0A7U2MSD6	Aspergillus flavus	Fungi	435	False
A0A8C0NGY6	Canis lupus	Metazoa	506	False
A0A8I3NFE2	Canis lupus	Metazoa	1264	False
A0A8I3PDQ1	Canis lupus	Metazoa	834	False
A0A8I3S724	Canis lupus	Metazoa	405	False
A0A8I5ZN27	Rattus	Metazoa	1307	False
A0A8P0N4K0	Canis lupus	Metazoa	1614	False
A0AAR7	Lotus	Plants	518	False
A0AV96	Homo	Metazoa	593	False
A0AVK6	Homo	Metazoa	867	False
A0FGR8	Homo	Metazoa	921	False
A0FGR9	Homo	Metazoa	886	True
A0FKN5	Gallus	Metazoa	742	True
A0JNW5	Homo	Metazoa	1464	False
A0JP82	Silurana	Metazoa	1901	False
A0JPL0	Rattus	Metazoa	549	False
A0MES8	Arabidopsis	Plants	328	False
A0PJY2	Homo	Metazoa	475	False
A0PK05	Homo	Metazoa	275	True
A0SVK0	Arabidopsis	Plants	291	False
A1A4Y4	Homo	Metazoa	181	False
A1A519	Homo	Metazoa	330	False
A1A5B4	Homo	Metazoa	782	False
A1A5H8	Danio	Metazoa	546	False
A1A6H3	Arabidopsis	Plants	379	False
A1A6M1	Arabidopsis	Plants	387	False
A1CWT6	Aspergillus fischeri	Fungi	488	False
A1L167	Homo	Metazoa	161	False
A1L1K8	Rattus	Metazoa	411	False
A1L3P4	Mus	Metazoa	702	True
A1XBS5	Homo	Metazoa	289	False
A1YKT1	Arabidopsis	Plants	433	False
A1Z1Q3	Homo	Metazoa	425	False
A1Z6E0	melanogaster subgroup	Metazoa	279	False
A1Z6S7	melanogaster subgroup	Metazoa	635	False
A1Z6W3	melanogaster subgroup	Metazoa	1299	False
A1Z7A6	melanogaster subgroup	Metazoa	1155	False
A1Z7A8	melanogaster subgroup	Metazoa	634	False
A1Z8D0	melanogaster subgroup	Metazoa	459	False
A1Z8F4	melanogaster subgroup	Metazoa	2577	False
A1Z8N1	melanogaster subgroup	Metazoa	857	False
A1Z8P9	melanogaster subgroup	Metazoa	2346	False
A1Z9G2	melanogaster subgroup	Metazoa	883	False
A1Z9J4	melanogaster subgroup	Metazoa	217	False
A1Z9L3	melanogaster subgroup	Metazoa	1242	False
A1Z9P3	melanogaster subgroup	Metazoa	1576	False
A1Z9X0	melanogaster subgroup	Metazoa	606	False
A1ZAK1	melanogaster subgroup	Metazoa	1007	False
A1ZAW0	melanogaster subgroup	Metazoa	1722	False
A2A259	Mus	Metazoa	760	False
A2A288	Homo	Metazoa	527	False
A2A432	Mus	Metazoa	970	False
A2A5K6	Mus	Metazoa	1337	False
A2A884	Mus	Metazoa	2348	False
A2A8L1	Mus	Metazoa	1946	False
A2A935	Mus	Metazoa	1275	False
A2A9C3	Mus	Metazoa	3431	False
A2AA28	Mus	Metazoa	253	False
A2AAJ9	Mus	Metazoa	8886	False
A2AG06	Mus	Metazoa	965	False
A2AG58	Mus	Metazoa	752	False
A2AH22	Mus	Metazoa	1300	False
A2AIV2	Mus	Metazoa	1811	False
A2AKK5	Mus	Metazoa	416	False
A2AKX3	Mus	Metazoa	2646	False
A2ALU4	Mus	Metazoa	1481	False
A2AM29	Mus	Metazoa	569	False
A2AMM0	Mus	Metazoa	362	False
A2AMT1	Mus	Metazoa	669	False
A2ANU3	Mus	Metazoa	258	False
A2AP18	Mus	Metazoa	1501	False
A2APF3	Mus	Metazoa	636	False
A2APX8	Mus	Metazoa	2009	False
A2ARP9	Mus	Metazoa	588	False
A2AS55	Mus	Metazoa	361	False
A2ASI5	Mus	Metazoa	1947	False
A2ASQ1	Mus	Metazoa	1950	True
A2AU37	Mus	Metazoa	552	False
A2AUU0	Mus	Metazoa	281	False
A2BE28	Mus	Metazoa	776	False
A2CEI6	Danio	Metazoa	1046	False
A2IDD5	Homo	Metazoa	438	False
A2RTF1	Mus	Metazoa	1109	False
A2RVJ8	Arabidopsis	Plants	434	False
A2SWM2	Danio	Metazoa	504	True
A2T1U1	Brassica oleracea	Plants	305	False
A2VCW5	Rattus	Metazoa	479	True
A2VEY9	melanogaster subgroup	Metazoa	693	True
A2XFC1	Oryza sativa	Plants	442	False
A2XKG2	Oryza sativa	Plants	472	False
A3BF39	Oryza sativa	Plants	1067	False
A3KMH1	Homo	Metazoa	1905	False
A3KPQ7	Danio	Metazoa	1378	True
A4D126	Homo	Metazoa	451	False
A4D1E9	Homo	Metazoa	387	False
A4D2B0	Homo	Metazoa	266	False
A4FVP2	Arabidopsis	Plants	565	False
A4GSN8	Arabidopsis	Plants	2093	False
A4IFH6	Bos	Metazoa	52	True
A4L691	Rattus	Metazoa	331	False
A4PES0	Sus	Metazoa	565	False
A4UVI1	Papio	Metazoa	444	False
A5A6S6	Oryctolagus	Metazoa	295	True
A5PKW4	Homo	Metazoa	1024	False
A6H8H2	Mus	Metazoa	1906	False
A6H8Y1	Homo	Metazoa	2624	False
A6HD62	Rattus	Metazoa	304	False
A6ND36	Homo	Metazoa	823	False
A6NDV4	Homo	Metazoa	472	False
A6NFQ2	Homo	Metazoa	919	False
A6NFX1	Homo	Metazoa	504	False
A6NGQ2	Homo	Metazoa	149	False
A6NHQ2	Homo	Metazoa	334	False
A6NHX0	Homo	Metazoa	329	False
A6NJ78	Homo	Metazoa	407	False
A6NK58	Homo	Metazoa	231	False
A6NK89	Homo	Metazoa	507	False
A6NKF2	Homo	Metazoa	412	False
A6NNB3	Homo	Metazoa	132	True
A6YSL1	Zea	Plants	525	False
A7DTF0	Caenorhabditis	Metazoa	337	False
A7L9Z8	Mus	Metazoa	944	False
A7M7C7	Mus	Metazoa	1008	False
A7TUE1	Medicago	Plants	513	False
A7UL74	Arabidopsis	Plants	345	False
A7VJC2	Rattus	Metazoa	353	False
A8CG34	Homo	Metazoa	1229	True
A8DYY6	melanogaster subgroup	Metazoa	616	False
A8J637	Chlamydomonas	Plants	1013	False
A8JUV0	melanogaster subgroup	Metazoa	1653	False
A8K830	Homo	Metazoa	251	False
A8MPH9	melanogaster subgroup	Metazoa	722	False
A8MQL1	Arabidopsis	Plants	1082	False
A8MQN2	Arabidopsis	Plants	616	False
A8MQY1	Arabidopsis	Plants	473	False
A8MR65	Arabidopsis	Plants	201	False
A8MT69	Homo	Metazoa	81	False
A8MTJ6	Homo	Metazoa	420	False
A8MUP2	Homo	Metazoa	240	False
A8MW92	Homo	Metazoa	1017	False
A8MYU2	Homo	Metazoa	1149	True
A8MZ59	Homo	Metazoa	198	False
A8WFJ9	Caenorhabditis	Metazoa	463	False
A9C3R8	Danio	Metazoa	532	False
A9C3R9	Danio	Metazoa	532	False
A9JTM7	Silurana	Metazoa	681	False
A9LNK9	Arabidopsis	Plants	631	False
A9QM74	Homo	Metazoa	516	False
A9T142	Physcomitrium	Plants	375	False
A9UHW6	Homo	Metazoa	222	False
A9XMT3	Lotus	Plants	518	False
A9YTQ3	Homo	Metazoa	697	False
A9YWR6	Medicago	Plants	727	False
B0F481	Arabidopsis	Plants	833	False
B0F9W3	Micropogonias	Metazoa	354	True
B0G0Y8	Dictyostelium	Other	466	False
B0I1T2	Homo	Metazoa	1018	False
B0L3A2	Homo	Metazoa	85	True
B0XMC1	Aspergillus fumigatus	Fungi	433	False
B0Y4X4	Aspergillus fumigatus	Fungi	424	False
B1AL88	Homo	Metazoa	458	True
B1ASB6	Mus	Metazoa	1015	False
B1AWL2	Mus	Metazoa	2495	False
B1AWN6	Mus	Metazoa	2006	False
B1AXD8	Mus	Metazoa	201	False
B1AYL1	Mus	Metazoa	1681	False
B1AZ99	Mus	Metazoa	396	False
B1B534	Oryza sativa	Plants	475	False
B2D6M2	Caenorhabditis	Metazoa	612	False
B2FDA8	Caenorhabditis	Metazoa	1205	False
B2GV06	Rattus	Metazoa	520	False
B2GV50	Rattus	Metazoa	692	False
B2RPY5	Mus	Metazoa	545	True
B2RQL2	Mus	Metazoa	990	False
B2RS91	Mus	Metazoa	656	False
B2RUZ4	Homo	Metazoa	78	True
B2RWS6	Mus	Metazoa	2412	False
B2RX12	Mus	Metazoa	1523	True
B2RXF5	Homo	Metazoa	422	False
B2ZZS9	Oryzias	Metazoa	400	False
B3G515	Danio	Metazoa	353	True
B3H5K9	Arabidopsis	Plants	782	False
B3LF48	Arabidopsis	Plants	546	False
B4XT64	Oryza sativa	Plants	582	False
B5DFG1	Rattus	Metazoa	580	False
B5DFN2	Rattus	Metazoa	483	False
B5KM66	Mus	Metazoa	88	False
B5TYT3	Arabidopsis	Plants	771	True
B5X0I6	Arabidopsis	Plants	1091	False
B5X582	Arabidopsis	Plants	709	False
B6EU02	lizard Leishmania	Other	1098	False
B6HLU1	Penicillium rubens	Fungi	3746	False
B6RAL1	Penicillium	Fungi	1394	False
B6V8E6	Canis lupus	Metazoa	781	False
B6VQ60	Caenorhabditis	Metazoa	609	False
B6ZKM3	Carapichea	Plants	543	False
B6ZLK2	Gallus	Metazoa	1719	False
B7SXM5	Danio	Metazoa	180	False
B7U179	Arabidopsis	Plants	737	False
B7U540	Homo	Metazoa	433	True
B7WN96	Caenorhabditis	Metazoa	317	False
B7XDF1	Xenopus	Metazoa	170	False
B7Z0I7	melanogaster subgroup	Metazoa	351	False
B7Z0L8	melanogaster subgroup	Metazoa	178	False
B7ZR65	Xenopus	Metazoa	477	False
B8NLZ3	Aspergillus flavus	Fungi	570	False
B8XCH5	Arabidopsis	Plants	1081	False
B8ZXI1	Mus	Metazoa	415	False
B9DFA8	Arabidopsis	Plants	664	False
B9DFG3	Arabidopsis	Plants	1171	False
B9DFG5	Arabidopsis	Plants	408	False
B9DFX7	Arabidopsis	Plants	883	False
B9DGD6	Arabidopsis	Plants	743	False
B9DGI8	Arabidopsis	Plants	314	False
B9DGU7	Arabidopsis	Plants	267	False
B9DGY1	Arabidopsis	Plants	695	False
B9DHT4	Arabidopsis	Plants	710	False
B9F1C0	Oryza sativa	Plants	1709	False
B9FDE0	Oryza sativa	Plants	494	False
B9TSP7	Arabidopsis	Plants	548	False
B9U3F2	Gallus	Metazoa	1338	True
B9VRJ2	Papaver	Plants	321	False
C0H4V6	Plasmodium falciparum	Other	262	False
C0HKE1	Mus	Metazoa	130	False
C0HKE2	Mus	Metazoa	130	False
C0HKE3	Mus	Metazoa	130	False
C0HKE4	Mus	Metazoa	130	False
C0HKE5	Mus	Metazoa	130	False
C0HKE6	Mus	Metazoa	130	False
C0HKE7	Mus	Metazoa	130	False
C0HKE8	Mus	Metazoa	130	False
C0HKE9	Mus	Metazoa	130	False
C0LLJ0	Mus	Metazoa	499	False
C0SUT9	Arabidopsis	Plants	1209	False
C4LVG4	Entamoeba histolytica	Other	138	False
C4M4P4	Entamoeba histolytica	Other	148	False
C4R2L0	Komagataella phaffii	Fungi	576	False
C4R3D4	Komagataella phaffii	Fungi	461	True
C5H429	Artemisia	Plants	388	False
C6KIE6	Arabidopsis	Plants	861	False
C6SZ50	Glycine subgen. Soja	Plants	211	False
C6TA59	Glycine subgen. Soja	Plants	214	False
C6ZJZ3	Glycine subgen. Soja	Plants	237	False
C7A2A0	Antirrhinum	Plants	534	False
C7AJA4	Trypanosoma brucei	Other	406	False
C7AU21	Oryza sativa	Plants	278	False
C8KI33	Arabidopsis	Plants	646	False
C8VQG9	Emericella nidulans	Fungi	374	False
C8VSZ2	Emericella nidulans	Fungi	370	False
C8VTS4	Emericella nidulans	Fungi	369	False
C8VTV4	Emericella nidulans	Fungi	573	False
C9JLW8	Homo	Metazoa	97	False
C9JRZ8	Homo	Metazoa	316	False
D0E0C2	Periplaneta	Metazoa	1553	False
D0EL35	Arabidopsis	Plants	1272	False
D0Q0Y7	Rattus	Metazoa	160	True
D0QMC3	Mus	Metazoa	538	False
D0VWM8	Caenorhabditis	Metazoa	414	False
D0VWV4	Sus	Metazoa	169	True
D2CSU4	Petunia	Plants	324	False
D2EAC2	Mus	Metazoa	980	False
D2WL32	Arabidopsis	Plants	899	False
D3GE74	Medicago	Plants	817	False
D3J162	Medicago	Plants	541	False
D3K0R6	Bos	Metazoa	1207	False
D3KY98	Carapichea	Plants	350	False
D3KY99	Carapichea	Plants	350	False
D3KYA0	Carapichea	Plants	358	False
D3KZG3	Caenorhabditis	Metazoa	1285	False
D3W0D1	Homo	Metazoa	207	True
D3YN49	Xenopus	Metazoa	316	False
D3YUJ3	Mus	Metazoa	367	False
D3YXJ0	Mus	Metazoa	1211	False
D3YXK1	Mus	Metazoa	519	False
D3Z120	Mus	Metazoa	399	False
D3Z291	Mus	Metazoa	348	True
D3Z3K2	Mus	Metazoa	276	False
D3Z649	Mus	Metazoa	1135	True
D3Z7H4	Mus	Metazoa	322	True
D3Z7P3	Mus	Metazoa	674	False
D3ZAW2	Rattus	Metazoa	406	True
D3ZD32	Rattus	Metazoa	1948	False
D3ZDM7	Rattus	Metazoa	341	False
D3ZER2	Rattus	Metazoa	416	False
D3ZEY4	Rattus	Metazoa	937	False
D3ZFB6	Rattus	Metazoa	344	False
D3ZGB1	Rattus	Metazoa	1548	False
D3ZI76	Rattus	Metazoa	801	False
D3ZJP6	Rattus	Metazoa	2060	False
D3ZKB9	Rattus	Metazoa	1072	False
D3ZUA0	Rattus	Metazoa	338	False
D3ZUE1	Rattus	Metazoa	857	False
D3ZUI5	Rattus	Metazoa	1133	False
D3ZUQ0	Rattus	Metazoa	406	False
D3ZVU9	Rattus	Metazoa	299	False
D4A1X2	Rattus	Metazoa	885	False
D4A208	Rattus	Metazoa	1071	False
D4A4P4	Rattus	Metazoa	490	False
D4A693	Rattus	Metazoa	457	False
D4A734	Rattus	Metazoa	486	True
D4A7T3	Rattus	Metazoa	952	False
D4AE59	Rattus	Metazoa	436	False
D6MZJ6	Mus	Metazoa	483	True
D6RGH6	Homo	Metazoa	385	False
D6VTK4	Saccharomyces cerevisiae	Fungi	431	True
D7PC76	Tursiops	Metazoa	741	True
D7PF45	Sus	Metazoa	1260	False
D7UQM5	Patiria	Metazoa	407	False
D9PTN5	Caenorhabditis	Metazoa	1009	False
E0CX11	Homo	Metazoa	47	True
E0CZ42	Mus	Metazoa	1862	False
E1AZ71	Mus	Metazoa	1325	False
E1B328	Arabidopsis	Plants	1378	False
E1BF86	Bos	Metazoa	512	True
E1JIT7	melanogaster subgroup	Metazoa	1601	False
E2JF22	Mus	Metazoa	2547	True
E2QYC9	Canis lupus	Metazoa	1828	False
E2RDM9	Canis lupus	Metazoa	172	True
E2RTQ7	Giardia intestinalis	Other	311	False
E2RU10	Giardia intestinalis	Other	238	False
E2RU97	Giardia intestinalis	Other	248	False
E3Q1H1	Trypanosoma brucei	Other	147	False
E3SCZ8	Cavia	Metazoa	142	False
E3VNM4	Arabidopsis	Plants	460	False
E4NKF8	Medicago	Plants	694	False
E7F568	Danio	Metazoa	1343	False
E7FFT2	Danio	Metazoa	916	False
E7FKV8	Oryzias	Metazoa	2742	False
E9AE57	Leishmania major species complex	Other	568	False
E9DVV4	Metarhizium acridum	Fungi	484	False
E9P8D2	Saccharomyces	Fungi	229	False
E9PT37	Rattus	Metazoa	1207	False
E9PTA2	Rattus	Metazoa	1507	False
E9PUL5	Mus	Metazoa	346	False
E9PVD1	Mus	Metazoa	701	False
E9PVX6	Mus	Metazoa	3177	False
E9PYH6	Mus	Metazoa	1716	False
E9PYI1	Mus	Metazoa	671	False
E9PZM4	Mus	Metazoa	1827	False
E9Q236	Mus	Metazoa	1325	True
E9Q2Z1	Mus	Metazoa	1453	False
E9Q3G8	Mus	Metazoa	1462	False
E9Q4F7	Mus	Metazoa	2643	False
E9Q4Z2	Mus	Metazoa	2448	False
E9Q557	Mus	Metazoa	2883	False
E9Q5F9	Mus	Metazoa	2537	False
E9Q5G7	Mus	Metazoa	496	False
E9Q5K9	Mus	Metazoa	736	False
E9Q6W4	Mus	Metazoa	445	False
E9Q7G0	Mus	Metazoa	2094	False
E9Q8T2	Mus	Metazoa	1174	False
E9Q9M8	Mus	Metazoa	600	False
E9QAG8	Mus	Metazoa	526	False
E9QAU8	Mus	Metazoa	347	False
E9QDC5	Danio	Metazoa	294	True
E9RBG1	Aspergillus fumigatus	Fungi	1497	False
F1LM93	Rattus	Metazoa	541	False
F1LQ70	Rattus	Metazoa	663	False
F1LVW7	Rattus	Metazoa	1172	False
F1LYQ8	Rattus	Metazoa	1049	False
F1M386	Rattus	Metazoa	1496	False
F1M3J4	Rattus	Metazoa	1325	True
F1M7Y5	Rattus	Metazoa	596	False
F1MA98	Rattus	Metazoa	2360	False
F1MAB7	Rattus	Metazoa	1050	False
F1MH24	Bos	Metazoa	957	False
F1PTE3	Canis lupus	Metazoa	203	False
F1QC45	Danio	Metazoa	376	False
F1QG30	Danio	Metazoa	545	True
F1QGH7	Danio	Metazoa	780	False
F1QN48	Danio	Metazoa	379	False
F1R2J1	Danio	Metazoa	182	False
F1R5H6	Danio	Metazoa	1444	False
F1RAX4	Danio	Metazoa	670	True
F1REV3	Danio	Metazoa	740	False
F4HQA1	Arabidopsis	Plants	589	False
F4HRT5	Arabidopsis	Plants	1132	False
F4HRV8	Arabidopsis	Plants	596	False
F4HT77	Arabidopsis	Plants	363	False
F4HU58	Arabidopsis	Plants	420	False
F4HVG8	Arabidopsis	Plants	611	False
F4HVZ5	Arabidopsis	Plants	279	False
F4HXL0	Arabidopsis	Plants	713	False
F4HXU3	Arabidopsis	Plants	142	False
F4HXY7	Arabidopsis	Plants	425	True
F4HYF3	Arabidopsis	Plants	401	False
F4HZD1	Arabidopsis	Plants	944	False
F4HZG9	Arabidopsis	Plants	493	False
F4I0K2	Arabidopsis	Plants	614	False
F4I1T7	Arabidopsis	Plants	1819	False
F4I240	Arabidopsis	Plants	1208	False
F4I2H7	Arabidopsis	Plants	790	False
F4I2J8	Arabidopsis	Plants	716	False
F4I316	Arabidopsis	Plants	660	True
F4I3P9	Arabidopsis	Plants	772	False
F4I3V6	Arabidopsis	Plants	192	False
F4I443	Arabidopsis	Plants	714	False
F4I6G4	Arabidopsis	Plants	819	False
F4I718	Arabidopsis	Plants	2136	False
F4I7I0	Arabidopsis	Plants	543	False
F4I8I0	Arabidopsis	Plants	596	True
F4I902	Arabidopsis	Plants	420	False
F4I9G2	Arabidopsis	Plants	426	False
F4I9J7	Arabidopsis	Plants	202	False
F4IAG2	Arabidopsis	Plants	1042	False
F4IAX1	Arabidopsis	Plants	681	False
F4ICK8	Arabidopsis	Plants	502	False
F4IDB2	Arabidopsis	Plants	1325	False
F4IDC2	Arabidopsis	Plants	1043	False
F4IDQ6	Arabidopsis	Plants	1576	False
F4IE66	Arabidopsis	Plants	717	False
F4IED2	Arabidopsis	Plants	528	False
F4IF36	Arabidopsis	Plants	1295	False
F4IGZ2	Arabidopsis	Plants	910	False
F4IH25	Arabidopsis	Plants	753	False
F4IHS2	Arabidopsis	Plants	3574	False
F4IHY7	Arabidopsis	Plants	527	False
F4IIM1	Arabidopsis	Plants	2150	False
F4IN23	Arabidopsis	Plants	321	False
F4INA9	Arabidopsis	Plants	973	False
F4IPE3	Arabidopsis	Plants	445	False
F4IRB4	Arabidopsis	Plants	484	False
F4IRR2	Arabidopsis	Plants	1040	False
F4IS56	Arabidopsis	Plants	479	False
F4IS91	Arabidopsis	Plants	1340	False
F4ISL7	Arabidopsis	Plants	2166	False
F4ITM1	Arabidopsis	Plants	398	False
F4IV16	Arabidopsis	Plants	267	False
F4IV66	Arabidopsis	Plants	1001	False
F4IW47	Arabidopsis	Plants	741	False
F4IXE7	Arabidopsis	Plants	1189	False
F4IY62	Arabidopsis	Plants	883	False
F4J0D2	Arabidopsis	Plants	476	False
F4J117	Arabidopsis	Plants	591	False
F4J264	Arabidopsis	Plants	406	False
F4J2K2	Arabidopsis	Plants	625	False
F4J7T2	Arabidopsis	Plants	1907	False
F4J8G7	Arabidopsis	Plants	2138	False
F4JCB2	Arabidopsis	Plants	601	False
F4JCC1	Arabidopsis	Plants	992	False
F4JCU0	Arabidopsis	Plants	1007	False
F4JCX9	Arabidopsis	Plants	663	False
F4JEI8	Arabidopsis	Plants	317	False
F4JF14	Arabidopsis	Plants	953	False
F4JGZ1	Arabidopsis	Plants	1278	False
F4JHA2	Arabidopsis	Plants	884	False
F4JHH5	Arabidopsis	Plants	787	False
F4JKB6	Arabidopsis	Plants	576	False
F4JL28	Arabidopsis	Plants	234	False
F4JLC1	Arabidopsis	Plants	331	False
F4JN35	Arabidopsis	Plants	512	False
F4JP43	Arabidopsis	Plants	2037	False
F4JP52	Arabidopsis	Plants	826	False
F4JQH3	Arabidopsis	Plants	645	False
F4JRB0	Arabidopsis	Plants	363	False
F4JRS4	Arabidopsis	Plants	707	False
F4JS25	Arabidopsis	Plants	1052	False
F4JT76	Arabidopsis	Plants	1034	False
F4JTE7	Arabidopsis	Plants	298	False
F4JTN2	Arabidopsis	Plants	485	True
F4JTP5	Arabidopsis	Plants	575	False
F4JTS8	Arabidopsis	Plants	2729	False
F4JVH1	Arabidopsis	Plants	907	False
F4JVI3	Arabidopsis	Plants	493	False
F4JW79	Arabidopsis	Plants	1493	False
F4JXF1	Arabidopsis	Plants	581	False
F4JYC8	Arabidopsis	Plants	1706	False
F4JYE9	Arabidopsis	Plants	530	False
F4JZC2	Arabidopsis	Plants	680	False
F4JZG9	Arabidopsis	Plants	384	False
F4JZW1	Arabidopsis	Plants	494	False
F4JZY1	Arabidopsis	Plants	1586	False
F4K2A1	Arabidopsis	Plants	571	False
F4K2E9	Arabidopsis	Plants	1255	False
F4K2R6	Arabidopsis	Plants	563	False
F4K3G5	Arabidopsis	Plants	1297	False
F4K410	Arabidopsis	Plants	675	False
F4K4E3	Arabidopsis	Plants	129	False
F4K687	Arabidopsis	Plants	238	False
F4K933	Arabidopsis	Plants	483	False
F4KAF2	Arabidopsis	Plants	800	False
F4KAV2	Arabidopsis	Plants	442	False
F4KCE9	Arabidopsis	Plants	598	False
F4KDN0	Arabidopsis	Plants	857	False
F4KF14	Arabidopsis	Plants	855	False
F4KFT7	Arabidopsis	Plants	617	False
F4KGQ0	Arabidopsis	Plants	393	False
F4KH86	Arabidopsis	Plants	400	False
F4KHI3	Arabidopsis	Plants	1168	False
F5H094	Homo	Metazoa	687	True
F6TQD1	Mus	Metazoa	307	False
F6VAN0	Mus	Metazoa	656	False
F6ZDS4	Mus	Metazoa	2431	False
F7BJB9	Mus	Metazoa	942	False
F7BWT7	Mus	Metazoa	294	True
F8VPJ6	Mus	Metazoa	1459	False
F8VPN2	Mus	Metazoa	2785	False
F8VPU2	Mus	Metazoa	1048	False
F8VQB6	Mus	Metazoa	2062	False
G1UH28	Punica	Plants	299	False
G2TRN4	Schizosaccharomyces pombe	Fungi	104	False
G2X006	Verticillium dahliae	Fungi	438	False
G2XKQ0	Homo	Metazoa	101	False
G3LSH3	Lotus	Plants	483	False
G3V6S8	Rattus	Metazoa	339	False
G3V7L5	Rattus	Metazoa	412	False
G3X8Y1	Mus	Metazoa	545	False
G3XA57	Mus	Metazoa	512	False
G3Y4N5	Aspergillus niger	Fungi	524	True
G4N7S6	Pyricularia oryzae	Fungi	468	False
G4NCH6	Pyricularia oryzae	Fungi	366	False
G4NCT7	Pyricularia oryzae	Fungi	361	False
G4NE57	Pyricularia oryzae	Fungi	441	False
G4SLH0	Caenorhabditis	Metazoa	18562	False
G5DBJ0	Nicotiana	Plants	252	False
G5E829	Mus	Metazoa	1220	False
G5E8K5	Mus	Metazoa	1961	False
G5EB74	Emericella nidulans	Fungi	1852	False
G5EBH1	Caenorhabditis	Metazoa	1074	False
G5EBK1	Caenorhabditis	Metazoa	783	True
G5EBN9	Caenorhabditis	Metazoa	600	True
G5EBV0	Caenorhabditis	Metazoa	723	False
G5EBX6	Caenorhabditis	Metazoa	876	False
G5EBX9	Caenorhabditis	Metazoa	707	False
G5EBZ4	Caenorhabditis	Metazoa	1829	False
G5EC23	Caenorhabditis	Metazoa	782	False
G5EC32	Caenorhabditis	Metazoa	1005	False
G5EC86	Caenorhabditis	Metazoa	407	False
G5EC89	Caenorhabditis	Metazoa	237	False
G5ECD6	Caenorhabditis	Metazoa	1322	True
G5ECD9	Caenorhabditis	Metazoa	321	True
G5ECG2	Caenorhabditis	Metazoa	467	False
G5ECN5	Caenorhabditis	Metazoa	388	False
G5ECU7	Caenorhabditis	Metazoa	319	False
G5ECY0	Caenorhabditis	Metazoa	967	False
G5ED29	Caenorhabditis	Metazoa	959	False
G5ED47	Caenorhabditis	Metazoa	413	False
G5ED68	Caenorhabditis	Metazoa	676	False
G5EDB2	Caenorhabditis	Metazoa	887	False
G5EDE1	Caenorhabditis	Metazoa	336	False
G5EDE2	Caenorhabditis	Metazoa	175	False
G5EDJ0	Caenorhabditis	Metazoa	419	False
G5EDM4	Caenorhabditis	Metazoa	467	False
G5EDM7	Caenorhabditis	Metazoa	627	False
G5EDN3	Caenorhabditis	Metazoa	1353	False
G5EDP2	Caenorhabditis	Metazoa	412	False
G5EDS1	Caenorhabditis	Metazoa	455	False
G5EDT1	Caenorhabditis	Metazoa	961	False
G5EDU6	Caenorhabditis	Metazoa	280	False
G5EDW5	Caenorhabditis	Metazoa	952	False
G5EDW7	Caenorhabditis	Metazoa	386	False
G5EE01	Caenorhabditis	Metazoa	962	False
G5EE56	Caenorhabditis	Metazoa	533	False
G5EE86	Caenorhabditis	Metazoa	409	False
G5EEC5	Caenorhabditis	Metazoa	414	False
G5EED4	Caenorhabditis	Metazoa	655	False
G5EEG1	Caenorhabditis	Metazoa	482	False
G5EEG7	Caenorhabditis	Metazoa	510	False
G5EEG9	Caenorhabditis	Metazoa	399	False
G5EEH9	Caenorhabditis	Metazoa	1678	False
G5EEK9	Caenorhabditis	Metazoa	873	False
G5EEM0	Caenorhabditis	Metazoa	418	False
G5EEN4	Caenorhabditis	Metazoa	596	False
G5EEQ5	Caenorhabditis	Metazoa	367	False
G5EET5	Caenorhabditis	Metazoa	184	False
G5EET6	Caenorhabditis	Metazoa	818	False
G5EEU2	Caenorhabditis	Metazoa	714	False
G5EEV2	Caenorhabditis	Metazoa	4062	False
G5EEW6	Caenorhabditis	Metazoa	427	False
G5EF48	Caenorhabditis	Metazoa	350	True
G5EF53	Caenorhabditis	Metazoa	1474	False
G5EFF1	Caenorhabditis	Metazoa	445	False
G5EFF5	Caenorhabditis	Metazoa	753	False
G5EFI7	Caenorhabditis	Metazoa	931	False
G5EFQ5	Caenorhabditis	Metazoa	301	False
G5EFS4	Caenorhabditis	Metazoa	311	False
G5EFT5	Caenorhabditis	Metazoa	671	False
G5EFY4	Caenorhabditis	Metazoa	286	False
G5EFY7	Caenorhabditis	Metazoa	295	False
G5EG14	Caenorhabditis	Metazoa	657	False
G5EG17	Caenorhabditis	Metazoa	1149	False
G5EG44	Caenorhabditis	Metazoa	281	False
G5EG86	Caenorhabditis	Metazoa	394	False
G5EGA3	Caenorhabditis	Metazoa	704	False
G5EGB2	Caenorhabditis	Metazoa	459	False
G5EGD2	Caenorhabditis	Metazoa	719	False
G5EGE9	Caenorhabditis	Metazoa	1263	False
G5EGK5	Caenorhabditis	Metazoa	928	False
G5EGK6	Caenorhabditis	Metazoa	2407	False
G5EGP4	Caenorhabditis	Metazoa	865	False
G5EGQ6	Caenorhabditis	Metazoa	2684	False
G5EGS7	Caenorhabditis	Metazoa	324	False
G5EGU9	Caenorhabditis	Metazoa	558	False
G7L166	Medicago	Plants	674	False
H0YL14	Homo	Metazoa	139	True
H1AFJ5	Neoceratodus	Metazoa	655	True
H2KYH4	Caenorhabditis	Metazoa	392	False
H2KYS8	Caenorhabditis	Metazoa	1107	True
H2KYU6	Caenorhabditis	Metazoa	529	False
H2KZB2	Caenorhabditis	Metazoa	603	True
H2KZH5	Caenorhabditis	Metazoa	621	False
H2KZZ2	Caenorhabditis	Metazoa	524	False
H2L006	Caenorhabditis	Metazoa	451	True
H2L008	Caenorhabditis	Metazoa	480	False
H2L056	Caenorhabditis	Metazoa	613	False
H2L099	Caenorhabditis	Metazoa	653	False
H2L0G5	Caenorhabditis	Metazoa	1367	False
H2L0N8	Caenorhabditis	Metazoa	370	False
H2LNR5	Oryzias	Metazoa	746	False
H2LRU7	Oryzias	Metazoa	901	False
H2QII6	Pan	Metazoa	3224	False
H3K2Y6	Arabidopsis	Plants	2235	False
H6CAN5	Exophiala dermatitidis	Fungi	1885	False
H9A1V3	Cannabis	Plants	720	False
I0IUP3	Gallus	Metazoa	830	False
I0IUP4	Gallus	Metazoa	1169	False
I1RC73	Gibberella zeae	Fungi	492	False
I3PB36	Petunia	Plants	570	False
I3PB37	Petunia	Plants	544	False
I3SL57	Lotus	Plants	282	False
I4DST8	Tulipa	Plants	385	False
I6PL68	Oryza sativa	Plants	303	False
I6VSD2	Capra	Metazoa	224	True
J3QMI4	Mus	Metazoa	347	True
J3QMK6	Mus	Metazoa	479	False
J3QMY9	Mus	Metazoa	579	False
J9VE33	Cryptococcus neoformans	Fungi	1094	False
J9VF33	Cryptococcus neoformans	Fungi	1408	False
J9VI03	Cryptococcus neoformans	Fungi	2377	False
J9VLJ9	Cryptococcus neoformans	Fungi	154	False
J9VTB0	Cryptococcus neoformans	Fungi	2106	False
J9VWW9	Cryptococcus neoformans	Fungi	225	False
K0P2S0	Arachis	Plants	231	False
K4C9E2	Solanum subgen. Lycopersicon	Plants	498	False
K4CWS6	Solanum subgen. Lycopersicon	Plants	470	False
K7MTW9	Glycine subgen. Soja	Plants	231	False
K7QHS5	Humulus	Plants	408	False
K7QKH1	Humulus	Plants	393	False
K7WDL7	Catharanthus	Plants	388	False
K7WIZ6	Zea	Plants	623	False
K7WQ45	Solanum subgen. Lycopersicon	Plants	314	False
L0R8F8	Homo	Metazoa	70	False
L7N1X6	Mus	Metazoa	466	False
M0R7Z9	Rattus	Metazoa	475	False
M1J8U6	Prunus	Plants	213	False
M4IQQ5	Humulus	Plants	556	False
M4IRL4	Humulus	Plants	573	False
M9MRD1	melanogaster subgroup	Metazoa	12345	False
M9PFN0	melanogaster subgroup	Metazoa	352	False
O00141	Homo	Metazoa	431	False
O00142	Homo	Metazoa	265	False
O00148	Homo	Metazoa	427	False
O00154	Homo	Metazoa	380	False
O00155	Homo	Metazoa	361	True
O00159	Homo	Metazoa	1063	False
O00160	Homo	Metazoa	1098	False
O00161	Homo	Metazoa	211	False
O00165	Homo	Metazoa	279	False
O00167	Homo	Metazoa	538	False
O00180	Homo	Metazoa	336	True
O00182	Homo	Metazoa	355	False
O00186	Homo	Metazoa	592	False
O00192	Homo	Metazoa	962	False
O00198	Homo	Metazoa	91	True
O00204	Homo	Metazoa	365	False
O00213	Homo	Metazoa	710	False
O00214	Homo	Metazoa	317	False
O00219	Homo	Metazoa	553	True
O00255	Homo	Metazoa	610	False
O00257	Homo	Metazoa	560	False
O00267	Homo	Metazoa	1087	False
O00268	Homo	Metazoa	1085	False
O00270	Homo	Metazoa	319	True
O00287	Homo	Metazoa	272	False
O00291	Homo	Metazoa	1037	False
O00294	Homo	Metazoa	542	False
O00299	Homo	Metazoa	241	True
O00308	Homo	Metazoa	870	False
O00327	Homo	Metazoa	626	False
O00330	Homo	Metazoa	501	False
O00337	Homo	Metazoa	649	True
O00358	Homo	Metazoa	373	False
O00401	Homo	Metazoa	505	False
O00408	Homo	Metazoa	941	False
O00410	Homo	Metazoa	1097	False
O00411	Homo	Metazoa	1230	False
O00421	Homo	Metazoa	344	True
O00422	Homo	Metazoa	153	False
O00425	Homo	Metazoa	579	False
O00429	Homo	Metazoa	736	False
O00442	Homo	Metazoa	366	False
O00443	Homo	Metazoa	1686	False
O00463	Homo	Metazoa	557	False
O00472	Homo	Metazoa	640	False
O00476	Homo	Metazoa	420	False
O00482	Homo	Metazoa	541	False
O00483	Homo	Metazoa	81	True
O00488	Homo	Metazoa	134	False
O00499	Homo	Metazoa	593	False
O00505	Homo	Metazoa	521	False
O00522	Homo	Metazoa	736	False
O00541	Homo	Metazoa	588	False
O00555	Homo	Metazoa	2506	False
O00560	Homo	Metazoa	298	False
O00562	Homo	Metazoa	1244	False
O00566	Homo	Metazoa	681	False
O00567	Homo	Metazoa	594	False
O00571	Homo	Metazoa	662	False
O00574	Homo	Metazoa	342	True
O00590	Homo	Metazoa	384	True
O00623	Homo	Metazoa	359	True
O00625	Homo	Metazoa	290	False
O00628	Homo	Metazoa	323	False
O00712	Homo	Metazoa	420	False
O00716	Homo	Metazoa	465	False
O00743	Homo	Metazoa	305	False
O00746	Homo	Metazoa	187	False
O00750	Homo	Metazoa	1634	False
O00757	Homo	Metazoa	339	False
O00763	Homo	Metazoa	2458	False
O00764	Homo	Metazoa	312	False
O00841	Dictyostelium	Other	802	False
O00910	Dictyostelium	Other	707	False
O01367	melanogaster subgroup	Metazoa	405	False
O01501	Caenorhabditis	Metazoa	524	False
O01683	Caenorhabditis	Metazoa	689	False
O01737	Caenorhabditis	Metazoa	1866	False
O01789	Caenorhabditis	Metazoa	1262	False
O01798	Caenorhabditis	Metazoa	512	False
O01803	Caenorhabditis	Metazoa	211	False
O01811	Caenorhabditis	Metazoa	377	True
O01965	Caenorhabditis	Metazoa	494	False
O01971	Caenorhabditis	Metazoa	166	False
O02101	Caenorhabditis	Metazoa	449	False
O02193	melanogaster subgroup	Metazoa	827	False
O02213	Caenorhabditis	Metazoa	455	True
O02219	Caenorhabditis	Metazoa	453	False
O02274	Caenorhabditis	Metazoa	539	False
O02324	Caenorhabditis	Metazoa	137	False
O02326	Caenorhabditis	Metazoa	467	False
O02495	Caenorhabditis	Metazoa	109	True
O02662	Canis lupus	Metazoa	405	True
O02696	Sus	Metazoa	877	False
O03042	Arabidopsis	Plants	479	False
O04017	Arabidopsis	Plants	375	False
O04121	Spinacia	Plants	439	False
O04130	Arabidopsis	Plants	624	False
O04196	Arabidopsis	Plants	783	False
O04200	Arabidopsis	Plants	331	True
O04209	Arabidopsis	Plants	258	False
O04211	Arabidopsis	Plants	111	False
O04294	Arabidopsis	Plants	531	False
O04308	Arabidopsis	Plants	499	False
O04331	Arabidopsis	Plants	277	True
O04425	Arabidopsis	Plants	747	False
O04479	Arabidopsis	Plants	199	False
O04482	Arabidopsis	Plants	330	False
O04492	Arabidopsis	Plants	419	False
O04616	Arabidopsis	Plants	164	False
O04714	Arabidopsis	Plants	326	True
O04862	Lathyrus	Plants	515	False
O04921	Arabidopsis	Plants	512	False
O04951	Arabidopsis	Plants	307	False
O04983	Arabidopsis	Plants	537	False
O05000	Arabidopsis	Plants	499	True
O08560	Rattus	Metazoa	929	False
O08564	Rattus	Metazoa	282	True
O08573	Mus	Metazoa	353	False
O08574	Mus	Metazoa	370	False
O08575	Mus	Metazoa	532	False
O08579	Mus	Metazoa	259	False
O08581	Mus	Metazoa	336	True
O08583	Mus	Metazoa	255	False
O08586	Mus	Metazoa	403	False
O08590	Rattus	Metazoa	763	True
O08608	Mus	Metazoa	189	False
O08650	Mus	Metazoa	554	True
O08674	Mus	Metazoa	515	False
O08679	Rattus	Metazoa	722	False
O08691	Mus	Metazoa	354	False
O08697	Rattus	Metazoa	184	False
O08715	Mus	Metazoa	857	False
O08750	Mus	Metazoa	462	False
O08755	Mus	Metazoa	465	False
O08759	Mus	Metazoa	870	False
O08773	Rattus	Metazoa	544	False
O08774	Rattus	Metazoa	1387	False
O08785	Mus	Metazoa	855	False
O08786	Mus	Metazoa	436	True
O08790	Mus	Metazoa	351	True
O08808	Mus	Metazoa	1255	False
O08816	Rattus	Metazoa	501	False
O08837	Rattus	Metazoa	802	False
O08839	Rattus	Metazoa	588	False
O08858	Mus	Metazoa	362	True
O08878	Rattus	Metazoa	375	True
O08900	Mus	Metazoa	507	False
O08901	Mus	Metazoa	1058	False
O08966	Mus	Metazoa	556	True
O08967	Mus	Metazoa	399	False
O08997	Mus	Metazoa	68	False
O09018	Rattus	Metazoa	414	False
O09053	Mus	Metazoa	1401	False
O09100	Mus	Metazoa	480	False
O09106	Mus	Metazoa	482	False
O09111	Mus	Metazoa	151	True
O09130	Mus	Metazoa	412	False
O09171	Rattus	Metazoa	407	False
O09174	Mus	Metazoa	381	False
O13281	Nidulantes	Fungi	1852	False
O13286	Schizosaccharomyces pombe	Fungi	556	False
O13297	Saccharomyces cerevisiae	Fungi	549	False
O13298	Schizosaccharomyces pombe	Fungi	434	False
O13326	Schizosaccharomyces pombe	Fungi	429	False
O13329	Saccharomyces cerevisiae	Fungi	566	False
O13339	Schizosaccharomyces pombe	Fungi	988	False
O13351	Schizosaccharomyces pombe	Fungi	117	False
O13516	Saccharomyces cerevisiae	Fungi	197	False
O13525	Saccharomyces cerevisiae	Fungi	335	False
O13539	Saccharomyces cerevisiae	Fungi	261	False
O13563	Saccharomyces cerevisiae	Fungi	156	False
O13601	Schizosaccharomyces pombe	Fungi	494	False
O13648	Schizosaccharomyces pombe	Fungi	510	False
O13683	Schizosaccharomyces pombe	Fungi	1237	False
O13684	Schizosaccharomyces pombe	Fungi	261	False
O13688	Schizosaccharomyces pombe	Fungi	522	False
O13710	Schizosaccharomyces pombe	Fungi	1076	False
O13712	Schizosaccharomyces pombe	Fungi	844	False
O13722	Schizosaccharomyces pombe	Fungi	450	False
O13762	Schizosaccharomyces pombe	Fungi	897	False
O13768	Schizosaccharomyces pombe	Fungi	804	False
O13777	Schizosaccharomyces pombe	Fungi	217	False
O13788	Schizosaccharomyces pombe	Fungi	527	False
O13795	Schizosaccharomyces pombe	Fungi	402	False
O13799	Schizosaccharomyces pombe	Fungi	1030	False
O13801	Schizosaccharomyces pombe	Fungi	596	False
O13807	Schizosaccharomyces pombe	Fungi	1072	False
O13816	Schizosaccharomyces pombe	Fungi	962	False
O13826	Schizosaccharomyces pombe	Fungi	254	False
O13838	Schizosaccharomyces pombe	Fungi	371	False
O13848	Schizosaccharomyces pombe	Fungi	284	False
O13853	Schizosaccharomyces pombe	Fungi	742	False
O13881	Schizosaccharomyces pombe	Fungi	537	False
O13899	Schizosaccharomyces pombe	Fungi	595	False
O13911	Schizosaccharomyces pombe	Fungi	408	False
O13919	Schizosaccharomyces pombe	Fungi	1075	False
O13928	Schizosaccharomyces pombe	Fungi	205	False
O13935	Schizosaccharomyces pombe	Fungi	685	False
O13936	Schizosaccharomyces pombe	Fungi	990	False
O13953	Schizosaccharomyces pombe	Fungi	337	False
O13959	Schizosaccharomyces pombe	Fungi	107	False
O13978	Schizosaccharomyces pombe	Fungi	184	False
O13983	Schizosaccharomyces pombe	Fungi	1063	False
O13985	Schizosaccharomyces pombe	Fungi	512	False
O13988	Schizosaccharomyces pombe	Fungi	555	False
O14021	Schizosaccharomyces pombe	Fungi	431	False
O14031	Schizosaccharomyces pombe	Fungi	851	False
O14036	Schizosaccharomyces pombe	Fungi	115	False
O14063	Schizosaccharomyces pombe	Fungi	542	False
O14064	Schizosaccharomyces pombe	Fungi	997	False
O14079	Schizosaccharomyces pombe	Fungi	624	False
O14098	Schizosaccharomyces pombe	Fungi	593	False
O14113	Schizosaccharomyces pombe	Fungi	263	False
O14114	Schizosaccharomyces pombe	Fungi	1190	False
O14122	Schizosaccharomyces pombe	Fungi	734	False
O14139	Schizosaccharomyces pombe	Fungi	1388	False
O14140	Schizosaccharomyces pombe	Fungi	71	False
O14170	Schizosaccharomyces pombe	Fungi	703	False
O14188	Schizosaccharomyces pombe	Fungi	1489	False
O14215	Schizosaccharomyces pombe	Fungi	454	False
O14216	Schizosaccharomyces pombe	Fungi	337	False
O14227	Schizosaccharomyces pombe	Fungi	1215	False
O14230	Schizosaccharomyces pombe	Fungi	347	False
O14232	Schizosaccharomyces pombe	Fungi	1117	False
O14246	Schizosaccharomyces pombe	Fungi	508	False
O14275	Schizosaccharomyces pombe	Fungi	931	False
O14285	Schizosaccharomyces pombe	Fungi	164	False
O14310	Schizosaccharomyces pombe	Fungi	933	False
O14313	Schizosaccharomyces pombe	Fungi	156	False
O14318	Schizosaccharomyces pombe	Fungi	295	False
O14350	Schizosaccharomyces pombe	Fungi	181	False
O14370	Schizosaccharomyces pombe	Fungi	427	False
O14467	Saccharomyces cerevisiae	Fungi	151	False
O14492	Homo	Metazoa	632	False
O14493	Homo	Metazoa	209	True
O14494	Homo	Metazoa	284	True
O14495	Homo	Metazoa	311	True
O14497	Homo	Metazoa	2285	False
O14503	Homo	Metazoa	412	False
O14512	Homo	Metazoa	581	False
O14519	Homo	Metazoa	115	False
O14520	Homo	Metazoa	342	True
O14521	Homo	Metazoa	159	True
O14523	Homo	Metazoa	706	True
O14558	Homo	Metazoa	160	False
O14561	Homo	Metazoa	156	False
O14618	Homo	Metazoa	274	False
O14638	Homo	Metazoa	875	True
O14641	Homo	Metazoa	736	False
O14649	Homo	Metazoa	394	True
O14654	Homo	Metazoa	1257	False
O14681	Homo	Metazoa	340	True
O14682	Homo	Metazoa	589	False
O14686	Homo	Metazoa	5537	False
O14713	Homo	Metazoa	200	False
O14730	Homo	Metazoa	519	False
O14733	Homo	Metazoa	419	False
O14734	Homo	Metazoa	319	False
O14737	Homo	Metazoa	125	False
O14744	Homo	Metazoa	637	False
O14746	Homo	Metazoa	1132	False
O14757	Homo	Metazoa	476	False
O14776	Homo	Metazoa	1098	False
O14777	Homo	Metazoa	642	False
O14788	Homo	Metazoa	317	True
O14802	Homo	Metazoa	1390	False
O14817	Homo	Metazoa	238	True
O14818	Homo	Metazoa	248	False
O14827	Homo	Metazoa	1237	False
O14832	Homo	Metazoa	338	False
O14842	Homo	Metazoa	300	True
O14843	Homo	Metazoa	346	True
O14862	Homo	Metazoa	343	False
O14867	Homo	Metazoa	736	False
O14879	Homo	Metazoa	490	False
O14880	Homo	Metazoa	152	True
O14893	Homo	Metazoa	280	False
O14894	Homo	Metazoa	197	True
O14901	Homo	Metazoa	512	False
O14907	Homo	Metazoa	124	False
O14920	Homo	Metazoa	756	False
O14924	Homo	Metazoa	1447	False
O14925	Homo	Metazoa	209	True
O14929	Homo	Metazoa	419	False
O14948	Homo	Metazoa	347	False
O14966	Homo	Metazoa	203	False
O14975	Homo	Metazoa	620	True
O14978	Homo	Metazoa	683	False
O14979	Homo	Metazoa	420	False
O14980	Homo	Metazoa	1071	False
O14981	Homo	Metazoa	1849	False
O15014	Homo	Metazoa	1411	False
O15027	Homo	Metazoa	2357	False
O15042	Homo	Metazoa	1029	False
O15047	Homo	Metazoa	1707	False
O15055	Homo	Metazoa	1255	False
O15056	Homo	Metazoa	1496	False
O15068	Homo	Metazoa	1137	False
O15084	Homo	Metazoa	1053	False
O15091	Homo	Metazoa	583	False
O15105	Homo	Metazoa	426	False
O15111	Homo	Metazoa	745	False
O15121	Homo	Metazoa	323	True
O15143	Homo	Metazoa	372	False
O15144	Homo	Metazoa	300	False
O15145	Homo	Metazoa	178	False
O15151	Homo	Metazoa	490	False
O15160	Homo	Metazoa	346	False
O15162	Homo	Metazoa	318	False
O15164	Homo	Metazoa	1050	False
O15169	Homo	Metazoa	862	False
O15173	Homo	Metazoa	223	True
O15178	Homo	Metazoa	435	False
O15182	Homo	Metazoa	167	False
O15205	Homo	Metazoa	165	False
O15213	Homo	Metazoa	610	False
O15218	Homo	Metazoa	404	True
O15226	Homo	Metazoa	690	False
O15228	Homo	Metazoa	680	False
O15229	Homo	Metazoa	486	False
O15234	Homo	Metazoa	703	False
O15244	Homo	Metazoa	555	True
O15245	Homo	Metazoa	554	True
O15265	Homo	Metazoa	892	False
O15266	Homo	Metazoa	292	False
O15287	Homo	Metazoa	622	False
O15294	Homo	Metazoa	1046	False
O15296	Homo	Metazoa	676	False
O15297	Homo	Metazoa	605	False
O15304	Homo	Metazoa	175	False
O15318	Homo	Metazoa	223	False
O15350	Homo	Metazoa	636	False
O15353	Homo	Metazoa	648	False
O15357	Homo	Metazoa	1258	False
O15360	Homo	Metazoa	1455	False
O15370	Homo	Metazoa	315	False
O15379	Homo	Metazoa	428	False
O15381	Homo	Metazoa	856	False
O15392	Homo	Metazoa	142	False
O15393	Homo	Metazoa	492	True
O15417	Homo	Metazoa	2968	False
O15427	Homo	Metazoa	465	True
O15431	Homo	Metazoa	190	True
O15438	Homo	Metazoa	1527	True
O15439	Homo	Metazoa	1325	True
O15440	Homo	Metazoa	1437	False
O15446	Homo	Metazoa	510	False
O15498	Homo	Metazoa	198	False
O15504	Homo	Metazoa	423	False
O15511	Homo	Metazoa	151	False
O15514	Homo	Metazoa	142	False
O15516	Homo	Metazoa	846	False
O15523	Homo	Metazoa	660	False
O15524	Homo	Metazoa	211	False
O15525	Homo	Metazoa	162	False
O15527	Homo	Metazoa	345	False
O15528	Homo	Metazoa	508	False
O15530	Homo	Metazoa	556	False
O15534	Homo	Metazoa	1290	False
O15541	Homo	Metazoa	343	False
O15551	Homo	Metazoa	220	True
O15552	Homo	Metazoa	330	True
O15553	Homo	Metazoa	781	False
O15554	Homo	Metazoa	427	True
O15648	Trypanosoma brucei	Other	487	False
O15743	Dictyostelium	Other	975	False
O15770	Plasmodium falciparum	Other	546	False
O15819	Dictyostelium	Other	139	False
O16000	Caenorhabditis	Metazoa	291	False
O16102	melanogaster subgroup	Metazoa	892	False
O16299	Caenorhabditis	Metazoa	594	False
O16850	Caenorhabditis	Metazoa	541	False
O17072	Caenorhabditis	Metazoa	232	False
O17286	Caenorhabditis	Metazoa	403	False
O17386	Caenorhabditis	Metazoa	458	True
O17468	melanogaster subgroup	Metazoa	1047	False
O17514	Caenorhabditis	Metazoa	773	False
O17607	Caenorhabditis	Metazoa	476	False
O17670	Caenorhabditis	Metazoa	503	False
O17679	Caenorhabditis	Metazoa	708	False
O17695	Caenorhabditis	Metazoa	461	False
O17850	Caenorhabditis	Metazoa	317	False
O17894	Caenorhabditis	Metazoa	335	False
O18017	Caenorhabditis	Metazoa	988	False
O18158	Caenorhabditis	Metazoa	1151	False
O18381	melanogaster subgroup	Metazoa	857	False
O18404	melanogaster subgroup	Metazoa	255	False
O18412	melanogaster subgroup	Metazoa	718	False
O18475	melanogaster subgroup	Metazoa	2059	False
O18757	Oryctolagus	Metazoa	475	False
O20250	Spinacia	Plants	741	False
O22043	Arabidopsis	Plants	336	False
O22049	Arabidopsis	Plants	353	False
O22059	Arabidopsis	Plants	94	False
O22130	Arabidopsis	Plants	317	False
O22131	Arabidopsis	Plants	262	False
O22152	Arabidopsis	Plants	229	False
O22208	Arabidopsis	Plants	721	False
O22229	Arabidopsis	Plants	529	False
O22259	Arabidopsis	Plants	171	False
O22265	Arabidopsis	Plants	373	False
O22267	Arabidopsis	Plants	1122	True
O22268	Arabidopsis	Plants	353	False
O22286	Arabidopsis	Plants	408	False
O22287	Arabidopsis	Plants	361	False
O22315	Arabidopsis	Plants	303	False
O22446	Arabidopsis	Plants	501	False
O22527	Arabidopsis	Plants	324	False
O22558	Arabidopsis	Plants	546	False
O22607	Arabidopsis	Plants	507	False
O22609	Arabidopsis	Plants	439	False
O22666	Arabidopsis	Plants	362	False
O22682	Arabidopsis	Plants	404	False
O22763	Arabidopsis	Plants	411	False
O22781	Arabidopsis	Plants	651	False
O22785	Arabidopsis	Plants	525	False
O22788	Arabidopsis	Plants	236	False
O22793	Arabidopsis	Plants	219	False
O22806	Arabidopsis	Plants	395	False
O22823	Arabidopsis	Plants	91	False
O22832	Arabidopsis	Plants	401	False
O22873	Arabidopsis	Plants	367	False
O22914	Arabidopsis	Plants	124	False
O22921	Arabidopsis	Plants	393	False
O22993	Arabidopsis	Plants	946	False
O23140	Arabidopsis	Plants	438	False
O23141	Arabidopsis	Plants	711	False
O23144	Arabidopsis	Plants	612	False
O23160	Arabidopsis	Plants	320	False
O23166	Arabidopsis	Plants	261	False
O23174	Arabidopsis	Plants	536	False
O23184	Arabidopsis	Plants	167	False
O23212	Arabidopsis	Plants	573	False
O23240	Arabidopsis	Plants	559	False
O23299	Arabidopsis	Plants	240	False
O23304	Arabidopsis	Plants	487	False
O23310	Arabidopsis	Plants	161	False
O23403	Arabidopsis	Plants	287	False
O23404	Arabidopsis	Plants	963	False
O23530	Arabidopsis	Plants	1437	False
O23553	Arabidopsis	Plants	548	False
O23627	Arabidopsis	Plants	729	False
O23647	Arabidopsis	Plants	858	False
O23661	Arabidopsis	Plants	608	False
O23676	Arabidopsis	Plants	150	False
O23680	Arabidopsis	Plants	297	True
O23722	Arabidopsis	Plants	412	False
O23813	Zea	Plants	635	False
O24164	Nicotiana	Plants	504	False
O24174	Oryza sativa	Plants	505	False
O24370	Solanum	Plants	899	False
O24454	Arabidopsis	Plants	371	False
O24456	Arabidopsis	Plants	327	False
O24527	Arabidopsis	Plants	836	False
O24592	Zea	Plants	604	False
O24606	Arabidopsis	Plants	628	False
O24629	Arabidopsis	Plants	502	False
O24646	Arabidopsis	Plants	168	False
O35047	Mus	Metazoa	217	False
O35049	Rattus	Metazoa	655	False
O35054	Mus	Metazoa	210	True
O35078	Rattus	Metazoa	346	False
O35084	Mus	Metazoa	507	False
O35095	Rattus	Metazoa	729	False
O35111	Mus	Metazoa	409	True
O35119	Rattus	Metazoa	977	False
O35129	Mus	Metazoa	299	False
O35137	Mus	Metazoa	399	False
O35144	Mus	Metazoa	541	False
O35147	Rattus	Metazoa	205	False
O35160	Mus	Metazoa	302	False
O35235	Mus	Metazoa	316	True
O35240	Rattus	Metazoa	533	True
O35245	Mus	Metazoa	966	False
O35250	Mus	Metazoa	697	False
O35253	Mus	Metazoa	426	False
O35260	Rattus	Metazoa	514	False
O35261	Mus	Metazoa	457	False
O35280	Mus	Metazoa	476	False
O35284	Mus	Metazoa	125	False
O35286	Mus	Metazoa	795	False
O35295	Mus	Metazoa	324	False
O35303	Rattus	Metazoa	755	False
O35346	Rattus	Metazoa	1055	False
O35381	Mus	Metazoa	247	False
O35387	Mus	Metazoa	280	False
O35394	Rattus	Metazoa	185	True
O35425	Mus	Metazoa	213	False
O35426	Mus	Metazoa	267	False
O35430	Rattus	Metazoa	839	False
O35433	Rattus	Metazoa	838	False
O35445	Mus	Metazoa	180	False
O35453	Mus	Metazoa	436	True
O35465	Mus	Metazoa	402	False
O35469	Mus	Metazoa	373	False
O35473	Mus	Metazoa	141	False
O35484	Mus	Metazoa	448	False
O35488	Mus	Metazoa	620	True
O35491	Mus	Metazoa	499	False
O35492	Mus	Metazoa	490	False
O35493	Mus	Metazoa	481	False
O35495	Mus	Metazoa	469	False
O35544	Mus	Metazoa	561	True
O35613	Mus	Metazoa	739	False
O35615	Mus	Metazoa	995	False
O35625	Mus	Metazoa	863	False
O35627	Mus	Metazoa	358	False
O35638	Mus	Metazoa	1231	False
O35658	Mus	Metazoa	278	False
O35671	Mus	Metazoa	200	False
O35678	Mus	Metazoa	303	False
O35710	Mus	Metazoa	429	False
O35738	Mus	Metazoa	402	False
O35740	Mus	Metazoa	269	False
O35795	Rattus	Metazoa	495	True
O35820	Rattus	Metazoa	163	False
O35826	Rattus	Metazoa	722	False
O35854	Rattus	Metazoa	393	False
O35855	Mus	Metazoa	393	False
O35864	Mus	Metazoa	334	False
O35913	Rattus	Metazoa	661	True
O35914	Mus	Metazoa	961	False
O35921	Rattus	Metazoa	561	True
O35927	Mus	Metazoa	1247	False
O35942	Mus	Metazoa	443	False
O35943	Mus	Metazoa	207	False
O35973	Mus	Metazoa	1291	False
O35987	Rattus	Metazoa	370	False
O42227	Xenopus	Metazoa	480	False
O42250	Danio	Metazoa	344	False
O42254	Gallus	Metazoa	576	False
O42601	Xenopus	Metazoa	373	False
O42643	Schizosaccharomyces pombe	Fungi	1168	False
O42649	Schizosaccharomyces pombe	Fungi	1194	False
O42661	Schizosaccharomyces pombe	Fungi	117	False
O42709	Schizosaccharomyces pombe	Fungi	593	False
O42855	Schizosaccharomyces pombe	Fungi	303	False
O42860	Schizosaccharomyces pombe	Fungi	320	False
O42861	Schizosaccharomyces pombe	Fungi	922	False
O42868	Schizosaccharomyces pombe	Fungi	197	False
O42913	Schizosaccharomyces pombe	Fungi	342	False
O42978	Schizosaccharomyces pombe	Fungi	80	False
O42998	Schizosaccharomyces pombe	Fungi	1919	False
O43052	Schizosaccharomyces pombe	Fungi	1150	False
O43058	Schizosaccharomyces pombe	Fungi	663	False
O43068	Schizosaccharomyces pombe	Fungi	421	False
O43070	Schizosaccharomyces pombe	Fungi	613	False
O43078	Schizosaccharomyces pombe	Fungi	660	False
O43091	Schizosaccharomyces pombe	Fungi	378	False
O43114	Schizosaccharomyces pombe	Fungi	455	False
O43143	Homo	Metazoa	795	False
O43148	Homo	Metazoa	476	False
O43150	Homo	Metazoa	1006	False
O43159	Homo	Metazoa	456	False
O43164	Homo	Metazoa	708	False
O43172	Homo	Metazoa	522	False
O43181	Homo	Metazoa	175	False
O43189	Homo	Metazoa	567	False
O43193	Homo	Metazoa	412	True
O43194	Homo	Metazoa	453	True
O43236	Homo	Metazoa	996	False
O43248	Homo	Metazoa	304	False
O43251	Homo	Metazoa	390	False
O43255	Homo	Metazoa	324	False
O43257	Homo	Metazoa	154	False
O43272	Homo	Metazoa	600	False
O43290	Homo	Metazoa	800	False
O43293	Homo	Metazoa	454	False
O43294	Homo	Metazoa	461	False
O43299	Homo	Metazoa	807	False
O43306	Homo	Metazoa	1168	False
O43313	Homo	Metazoa	823	False
O43314	Homo	Metazoa	1243	False
O43315	Homo	Metazoa	295	True
O43318	Homo	Metazoa	606	False
O43324	Homo	Metazoa	174	False
O43353	Homo	Metazoa	540	False
O43364	Homo	Metazoa	376	False
O43374	Homo	Metazoa	803	False
O43379	Homo	Metazoa	1518	False
O43390	Homo	Metazoa	633	False
O43395	Homo	Metazoa	683	False
O43396	Homo	Metazoa	289	False
O43427	Homo	Metazoa	364	False
O43447	Homo	Metazoa	177	False
O43451	Homo	Metazoa	2753	True
O43463	Homo	Metazoa	412	False
O43464	Homo	Metazoa	458	False
O43482	Homo	Metazoa	229	False
O43491	Homo	Metazoa	1005	False
O43497	Homo	Metazoa	2377	True
O43502	Homo	Metazoa	376	False
O43504	Homo	Metazoa	91	False
O43508	Homo	Metazoa	249	True
O43511	Homo	Metazoa	780	True
O43513	Homo	Metazoa	233	False
O43520	Homo	Metazoa	1251	False
O43521	Homo	Metazoa	198	False
O43524	Homo	Metazoa	673	False
O43525	Homo	Metazoa	872	False
O43526	Homo	Metazoa	872	False
O43541	Homo	Metazoa	496	False
O43542	Homo	Metazoa	346	False
O43543	Homo	Metazoa	280	False
O43557	Homo	Metazoa	240	True
O43561	Homo	Metazoa	262	True
O43572	Homo	Metazoa	662	False
O43586	Homo	Metazoa	416	False
O43592	Homo	Metazoa	962	False
O43593	Homo	Metazoa	1189	False
O43597	Homo	Metazoa	315	False
O43598	Homo	Metazoa	174	False
O43603	Homo	Metazoa	387	True
O43613	Homo	Metazoa	425	True
O43614	Homo	Metazoa	444	True
O43615	Homo	Metazoa	452	False
O43623	Homo	Metazoa	268	False
O43633	Homo	Metazoa	222	False
O43660	Homo	Metazoa	514	False
O43663	Homo	Metazoa	620	False
O43665	Homo	Metazoa	181	False
O43670	Homo	Metazoa	478	False
O43679	Homo	Metazoa	373	False
O43680	Homo	Metazoa	179	False
O43681	Homo	Metazoa	348	False
O43684	Homo	Metazoa	328	False
O43687	Homo	Metazoa	104	False
O43688	Homo	Metazoa	288	True
O43707	Homo	Metazoa	911	False
O43709	Homo	Metazoa	281	False
O43715	Homo	Metazoa	76	False
O43716	Homo	Metazoa	136	False
O43719	Homo	Metazoa	755	False
O43739	Homo	Metazoa	400	False
O43745	Homo	Metazoa	196	False
O43765	Homo	Metazoa	313	False
O43772	Homo	Metazoa	301	True
O43781	Homo	Metazoa	588	False
O43791	Homo	Metazoa	374	False
O43805	Homo	Metazoa	119	False
O43808	Homo	Metazoa	307	True
O43809	Homo	Metazoa	227	False
O43813	Homo	Metazoa	399	False
O43818	Homo	Metazoa	475	False
O43819	Homo	Metazoa	266	True
O43822	Homo	Metazoa	256	False
O43823	Homo	Metazoa	692	False
O43829	Homo	Metazoa	449	False
O43837	Homo	Metazoa	385	False
O43865	Homo	Metazoa	530	False
O43868	Homo	Metazoa	658	True
O43889	Homo	Metazoa	371	False
O43900	Homo	Metazoa	615	False
O43909	Homo	Metazoa	919	True
O43913	Homo	Metazoa	435	False
O43918	Homo	Metazoa	545	False
O43924	Homo	Metazoa	150	False
O43929	Homo	Metazoa	436	False
O43933	Homo	Metazoa	1283	False
O44074	Ascaris	Metazoa	282	False
O44081	melanogaster subgroup	Metazoa	508	False
O44476	Caenorhabditis	Metazoa	833	False
O44514	Caenorhabditis	Metazoa	474	False
O44548	Caenorhabditis	Metazoa	877	False
O44783	melanogaster subgroup	Metazoa	589	False
O44827	Caenorhabditis	Metazoa	510	True
O44997	Caenorhabditis	Metazoa	1425	False
O45495	Caenorhabditis	Metazoa	139	False
O45717	Caenorhabditis	Metazoa	293	False
O45797	Caenorhabditis	Metazoa	908	False
O45923	Caenorhabditis	Metazoa	410	False
O45952	Caenorhabditis	Metazoa	249	False
O46036	melanogaster subgroup	Metazoa	476	False
O46043	melanogaster subgroup	Metazoa	723	False
O46106	melanogaster subgroup	Metazoa	503	False
O46339	melanogaster subgroup	Metazoa	487	False
O46385	Bos	Metazoa	2194	False
O46411	Bos	Metazoa	560	False
O46550	Canis lupus	Metazoa	162	False
O48528	Arabidopsis	Plants	159	True
O48533	Arabidopsis	Plants	259	False
O48538	Arabidopsis	Plants	944	False
O48737	Arabidopsis	Plants	179	False
O48741	Arabidopsis	Plants	401	False
O48782	Arabidopsis	Plants	282	False
O48814	Arabidopsis	Plants	395	False
O48847	Arabidopsis	Plants	787	False
O48917	Arabidopsis	Plants	477	False
O48963	Arabidopsis	Plants	996	False
O49196	Arabidopsis	Plants	293	False
O49203	Arabidopsis	Plants	238	False
O49397	Arabidopsis	Plants	552	False
O49429	Arabidopsis	Plants	419	False
O49447	Arabidopsis	Plants	379	True
O49485	Arabidopsis	Plants	603	False
O49543	Arabidopsis	Plants	453	False
O49562	Arabidopsis	Plants	403	False
O49570	Arabidopsis	Plants	650	False
O49595	Arabidopsis	Plants	178	False
O49596	Arabidopsis	Plants	144	False
O49627	Arabidopsis	Plants	167	False
O49629	Arabidopsis	Plants	310	False
O49668	Arabidopsis	Plants	214	False
O49686	Arabidopsis	Plants	191	False
O49687	Arabidopsis	Plants	589	False
O49782	Arabidopsis	Plants	352	False
O49839	Arabidopsis	Plants	426	False
O49840	Arabidopsis	Plants	426	False
O50008	Arabidopsis	Plants	765	False
O54689	Mus	Metazoa	367	True
O54693	Mus	Metazoa	391	True
O54697	Rattus	Metazoa	745	True
O54698	Rattus	Metazoa	457	True
O54699	Rattus	Metazoa	456	True
O54701	Rattus	Metazoa	670	True
O54709	Mus	Metazoa	232	True
O54714	Mus	Metazoa	628	False
O54724	Mus	Metazoa	392	False
O54751	Mus	Metazoa	299	False
O54781	Mus	Metazoa	681	False
O54784	Mus	Metazoa	448	False
O54788	Mus	Metazoa	344	False
O54794	Mus	Metazoa	303	True
O54803	Mus	Metazoa	389	True
O54825	Mus	Metazoa	436	False
O54829	Mus	Metazoa	469	False
O54833	Mus	Metazoa	350	False
O54851	Mus	Metazoa	321	True
O54864	Mus	Metazoa	412	False
O54902	Rattus	Metazoa	568	True
O54931	Mus	Metazoa	1089	False
O54937	Rattus	Metazoa	412	False
O54942	Mus	Metazoa	218	True
O54943	Mus	Metazoa	1257	False
O54949	Mus	Metazoa	527	False
O54957	Mus	Metazoa	242	True
O54963	Rattus	Metazoa	1069	False
O54967	Mus	Metazoa	1055	False
O54968	Rattus	Metazoa	604	False
O54972	Mus	Metazoa	620	False
O54982	Mus	Metazoa	1121	True
O54992	Mus	Metazoa	473	False
O55003	Mus	Metazoa	187	False
O55022	Mus	Metazoa	195	True
O55028	Mus	Metazoa	412	False
O55029	Mus	Metazoa	905	False
O55035	Rattus	Metazoa	752	False
O55047	Mus	Metazoa	718	False
O55102	Mus	Metazoa	125	False
O55103	Mus	Metazoa	1391	False
O55135	Mus	Metazoa	245	False
O55164	Rattus	Metazoa	2054	False
O55170	Rattus	Metazoa	466	False
O55171	Rattus	Metazoa	453	False
O55207	Rattus	Metazoa	1496	False
O55230	Mus	Metazoa	329	False
O55236	Mus	Metazoa	597	False
O55237	Mus	Metazoa	195	True
O55242	Mus	Metazoa	223	True
O57321	Ambystoma	Metazoa	543	True
O57342	Coturnix	Metazoa	286	False
O57406	Xenopus	Metazoa	489	False
O57526	Xenopus	Metazoa	593	False
O57579	Gallus	Metazoa	972	True
O59676	Schizosaccharomyces pombe	Fungi	359	False
O59701	Schizosaccharomyces pombe	Fungi	351	False
O59702	Schizosaccharomyces pombe	Fungi	405	False
O59703	Schizosaccharomyces pombe	Fungi	351	False
O59734	Schizosaccharomyces pombe	Fungi	78	False
O59740	Schizosaccharomyces pombe	Fungi	522	False
O59748	Schizosaccharomyces pombe	Fungi	331	False
O59757	Schizosaccharomyces pombe	Fungi	1364	False
O59767	Schizosaccharomyces pombe	Fungi	310	False
O59790	Schizosaccharomyces pombe	Fungi	355	False
O59797	Schizosaccharomyces pombe	Fungi	393	False
O59800	Schizosaccharomyces pombe	Fungi	354	False
O59836	Schizosaccharomyces pombe	Fungi	545	False
O59858	Schizosaccharomyces pombe	Fungi	158	False
O60016	Schizosaccharomyces pombe	Fungi	490	False
O60094	Schizosaccharomyces pombe	Fungi	959	False
O60097	Schizosaccharomyces pombe	Fungi	526	False
O60129	Schizosaccharomyces pombe	Fungi	642	False
O60130	Schizosaccharomyces pombe	Fungi	827	False
O60143	Schizosaccharomyces pombe	Fungi	251	False
O60158	Schizosaccharomyces pombe	Fungi	432	False
O60165	Schizosaccharomyces pombe	Fungi	428	False
O60177	Schizosaccharomyces pombe	Fungi	1040	False
O60182	Schizosaccharomyces pombe	Fungi	934	False
O60184	Schizosaccharomyces pombe	Fungi	1102	False
O60200	Saccharomyces cerevisiae	Fungi	86	False
O60216	Homo	Metazoa	631	False
O60220	Homo	Metazoa	97	False
O60231	Homo	Metazoa	1041	False
O60235	Homo	Metazoa	418	True
O60238	Homo	Metazoa	219	False
O60239	Homo	Metazoa	455	False
O60260	Homo	Metazoa	465	False
O60264	Homo	Metazoa	1052	False
O60266	Homo	Metazoa	1144	True
O60284	Homo	Metazoa	1047	False
O60285	Homo	Metazoa	661	False
O60291	Homo	Metazoa	552	False
O60292	Homo	Metazoa	1781	False
O60293	Homo	Metazoa	1989	False
O60306	Homo	Metazoa	1485	False
O60312	Homo	Metazoa	1499	True
O60313	Homo	Metazoa	960	False
O60315	Homo	Metazoa	1214	False
O60318	Homo	Metazoa	1980	False
O60331	Homo	Metazoa	668	False
O60333	Homo	Metazoa	1816	False
O60336	Homo	Metazoa	1514	False
O60341	Homo	Metazoa	852	False
O60346	Homo	Metazoa	1717	False
O60356	Homo	Metazoa	82	False
O60381	Homo	Metazoa	514	False
O60393	Homo	Metazoa	691	False
O60427	Homo	Metazoa	444	False
O60443	Homo	Metazoa	496	False
O60447	Homo	Metazoa	810	False
O60481	Homo	Metazoa	467	False
O60488	Homo	Metazoa	711	True
O60502	Homo	Metazoa	916	False
O60503	Homo	Metazoa	1353	False
O60504	Homo	Metazoa	671	False
O60508	Homo	Metazoa	579	False
O60516	Homo	Metazoa	100	False
O60524	Homo	Metazoa	1076	False
O60563	Homo	Metazoa	726	False
O60635	Homo	Metazoa	241	True
O60669	Homo	Metazoa	478	True
O60671	Homo	Metazoa	282	False
O60674	Homo	Metazoa	1132	False
O60675	Homo	Metazoa	156	False
O60678	Homo	Metazoa	531	False
O60682	Homo	Metazoa	206	False
O60683	Homo	Metazoa	326	True
O60711	Homo	Metazoa	386	False
O60716	Homo	Metazoa	968	False
O60729	Homo	Metazoa	498	False
O60733	Homo	Metazoa	806	False
O60741	Homo	Metazoa	890	False
O60755	Homo	Metazoa	368	True
O60763	Homo	Metazoa	962	False
O60779	Homo	Metazoa	497	True
O60783	Homo	Metazoa	128	False
O60814	Homo	Metazoa	126	False
O60828	Homo	Metazoa	265	False
O60829	Homo	Metazoa	102	False
O60830	Homo	Metazoa	172	True
O60832	Homo	Metazoa	514	False
O60869	Homo	Metazoa	148	False
O60870	Homo	Metazoa	393	False
O60879	Homo	Metazoa	1101	False
O60885	Homo	Metazoa	1362	False
O60902	Homo	Metazoa	331	False
O60921	Homo	Metazoa	280	False
O60928	Homo	Metazoa	360	True
O60934	Homo	Metazoa	754	False
O60936	Homo	Metazoa	208	False
O60941	Homo	Metazoa	627	False
O60952	Dictyostelium	Other	199	False
O61122	Dictyostelium	Other	478	False
O61125	Dictyostelium	Other	461	False
O61307	melanogaster subgroup	Metazoa	2731	False
O61443	melanogaster subgroup	Metazoa	365	False
O61660	Caenorhabditis	Metazoa	759	False
O61661	melanogaster subgroup	Metazoa	512	False
O61707	Caenorhabditis	Metazoa	523	False
O61715	Caenorhabditis	Metazoa	454	True
O61722	melanogaster subgroup	Metazoa	176	False
O61967	Caenorhabditis	Metazoa	699	False
O62090	Caenorhabditis	Metazoa	586	False
O62140	Caenorhabditis	Metazoa	674	False
O62471	Caenorhabditis	Metazoa	1592	False
O62609	melanogaster subgroup	Metazoa	771	False
O62618	melanogaster subgroup	Metazoa	366	False
O62683	Canis lupus	Metazoa	898	False
O64517	Arabidopsis	Plants	418	False
O64530	Arabidopsis	Plants	379	False
O64645	Arabidopsis	Plants	214	False
O64682	Arabidopsis	Plants	438	False
O64750	Arabidopsis	Plants	186	False
O64817	Arabidopsis	Plants	333	False
O64827	Arabidopsis	Plants	1382	False
O64883	Arabidopsis	Plants	560	False
O64903	Arabidopsis	Plants	231	False
O64973	Arabidopsis	Plants	889	False
O65220	Arabidopsis	Plants	281	False
O65258	Arabidopsis	Plants	542	False
O65272	Arabidopsis	Plants	1174	False
O65282	Arabidopsis	Plants	253	False
O65312	Arabidopsis	Plants	689	False
O65502	Arabidopsis	Plants	395	False
O65680	Arabidopsis	Plants	279	False
O65683	Arabidopsis	Plants	159	False
O65719	Arabidopsis	Plants	649	False
O70127	Rattus	Metazoa	1321	True
O70131	Mus	Metazoa	152	True
O70133	Mus	Metazoa	1380	False
O70161	Mus	Metazoa	661	False
O70172	Mus	Metazoa	405	False
O70191	Mus	Metazoa	283	False
O70200	Mus	Metazoa	147	False
O70230	Mus	Metazoa	638	False
O70237	Mus	Metazoa	330	False
O70239	Rattus	Metazoa	827	False
O70258	Mus	Metazoa	437	False
O70260	Rattus	Metazoa	628	False
O70274	Mus	Metazoa	167	False
O70302	Mus	Metazoa	217	False
O70324	Mus	Metazoa	545	False
O70325	Mus	Metazoa	197	False
O70337	Mus	Metazoa	150	False
O70343	Mus	Metazoa	797	False
O70361	Mus	Metazoa	1113	False
O70372	Mus	Metazoa	1122	False
O70404	Mus	Metazoa	101	True
O70405	Mus	Metazoa	1051	False
O70433	Mus	Metazoa	279	False
O70456	Mus	Metazoa	248	False
O70467	Rattus	Metazoa	528	False
O70491	Mus	Metazoa	670	True
O70494	Mus	Metazoa	783	False
O70507	Mus	Metazoa	1201	False
O70511	Rattus	Metazoa	2622	False
O70531	Rattus	Metazoa	739	False
O70572	Mus	Metazoa	419	False
O70576	Mus	Metazoa	1240	False
O70585	Mus	Metazoa	659	False
O70597	Rattus	Metazoa	246	False
O70608	Rattus	Metazoa	1505	False
O70622	Mus	Metazoa	471	False
O73790	Gallus	Metazoa	410	False
O73932	Xenopus	Metazoa	594	False
O74113	Schizosaccharomyces pombe	Fungi	638	False
O74184	Schizosaccharomyces pombe	Fungi	314	False
O74191	Schizosaccharomyces pombe	Fungi	361	False
O74208	Candida glabrata	Fungi	1542	False
O74309	Schizosaccharomyces pombe	Fungi	807	False
O74356	Schizosaccharomyces pombe	Fungi	585	False
O74369	Schizosaccharomyces pombe	Fungi	424	False
O74429	Schizosaccharomyces pombe	Fungi	920	False
O74435	Schizosaccharomyces pombe	Fungi	176	False
O74462	Schizosaccharomyces pombe	Fungi	452	False
O74465	Schizosaccharomyces pombe	Fungi	999	False
O74469	Schizosaccharomyces pombe	Fungi	133	False
O74475	Schizosaccharomyces pombe	Fungi	1955	False
O74499	Schizosaccharomyces pombe	Fungi	113	False
O74504	Schizosaccharomyces pombe	Fungi	791	False
O74511	Schizosaccharomyces pombe	Fungi	838	False
O74518	Schizosaccharomyces pombe	Fungi	336	False
O74536	Schizosaccharomyces pombe	Fungi	576	False
O74555	Schizosaccharomyces pombe	Fungi	587	False
O74560	Schizosaccharomyces pombe	Fungi	636	False
O74563	Schizosaccharomyces pombe	Fungi	680	False
O74700	Saccharomyces cerevisiae	Fungi	87	False
O74736	Schizosaccharomyces pombe	Fungi	305	False
O74791	Schizosaccharomyces pombe	Fungi	470	False
O74803	Schizosaccharomyces pombe	Fungi	368	False
O74804	Schizosaccharomyces pombe	Fungi	490	False
O74808	Schizosaccharomyces pombe	Fungi	1238	False
O74833	Schizosaccharomyces pombe	Fungi	913	False
O74842	Schizosaccharomyces pombe	Fungi	1284	False
O74844	Schizosaccharomyces pombe	Fungi	244	False
O74846	Schizosaccharomyces pombe	Fungi	752	False
O74854	Schizosaccharomyces pombe	Fungi	872	False
O74856	Schizosaccharomyces pombe	Fungi	335	False
O74859	Schizosaccharomyces pombe	Fungi	232	False
O74874	Schizosaccharomyces pombe	Fungi	690	False
O74876	Schizosaccharomyces pombe	Fungi	357	False
O74880	Schizosaccharomyces pombe	Fungi	360	False
O74887	Schizosaccharomyces pombe	Fungi	192	False
O74910	Schizosaccharomyces pombe	Fungi	638	False
O74944	Schizosaccharomyces pombe	Fungi	547	False
O74946	Schizosaccharomyces pombe	Fungi	574	False
O74954	Schizosaccharomyces pombe	Fungi	613	False
O74957	Schizosaccharomyces pombe	Fungi	834	False
O74958	Schizosaccharomyces pombe	Fungi	488	False
O74966	Schizosaccharomyces pombe	Fungi	77	False
O74971	Schizosaccharomyces pombe	Fungi	261	False
O74986	Schizosaccharomyces pombe	Fungi	294	False
O74991	Schizosaccharomyces pombe	Fungi	577	False
O75001	Schizosaccharomyces pombe	Fungi	760	False
O75012	Saccharomyces cerevisiae	Fungi	95	False
O75030	Homo	Metazoa	526	False
O75044	Homo	Metazoa	1071	False
O75056	Homo	Metazoa	442	False
O75081	Homo	Metazoa	653	False
O75106	Homo	Metazoa	756	True
O75110	Homo	Metazoa	1047	True
O75116	Homo	Metazoa	1388	False
O75122	Homo	Metazoa	1294	False
O75127	Homo	Metazoa	700	False
O75131	Homo	Metazoa	537	False
O75132	Homo	Metazoa	1171	False
O75143	Homo	Metazoa	517	False
O75150	Homo	Metazoa	1001	False
O75151	Homo	Metazoa	1096	False
O75152	Homo	Metazoa	810	False
O75161	Homo	Metazoa	1426	False
O75164	Homo	Metazoa	1064	False
O75179	Homo	Metazoa	2603	False
O75185	Homo	Metazoa	946	False
O75190	Homo	Metazoa	326	False
O75192	Homo	Metazoa	247	True
O75204	Homo	Metazoa	238	False
O75312	Homo	Metazoa	459	False
O75317	Homo	Metazoa	370	False
O75319	Homo	Metazoa	330	False
O75323	Homo	Metazoa	286	False
O75324	Homo	Metazoa	88	True
O75340	Homo	Metazoa	191	False
O75344	Homo	Metazoa	327	False
O75348	Homo	Metazoa	118	False
O75354	Homo	Metazoa	484	True
O75355	Homo	Metazoa	529	True
O75365	Homo	Metazoa	173	False
O75367	Homo	Metazoa	369	False
O75368	Homo	Metazoa	114	False
O75381	Homo	Metazoa	377	False
O75386	Homo	Metazoa	442	False
O75387	Homo	Metazoa	559	True
O75398	Homo	Metazoa	565	False
O75400	Homo	Metazoa	957	False
O75410	Homo	Metazoa	805	False
O75414	Homo	Metazoa	186	False
O75426	Homo	Metazoa	580	False
O75431	Homo	Metazoa	263	False
O75439	Homo	Metazoa	489	False
O75446	Homo	Metazoa	220	False
O75461	Homo	Metazoa	281	False
O75469	Homo	Metazoa	434	False
O75475	Homo	Metazoa	530	False
O75478	Homo	Metazoa	443	False
O75486	Homo	Metazoa	317	False
O75489	Homo	Metazoa	264	False
O75494	Homo	Metazoa	262	False
O75496	Homo	Metazoa	209	False
O75506	Homo	Metazoa	76	False
O75508	Homo	Metazoa	207	True
O75521	Homo	Metazoa	394	False
O75525	Homo	Metazoa	346	False
O75528	Homo	Metazoa	432	False
O75529	Homo	Metazoa	589	False
O75530	Homo	Metazoa	441	False
O75531	Homo	Metazoa	89	False
O75533	Homo	Metazoa	1304	False
O75554	Homo	Metazoa	376	False
O75558	Homo	Metazoa	287	False
O75570	Homo	Metazoa	445	False
O75575	Homo	Metazoa	148	False
O75582	Homo	Metazoa	802	False
O75586	Homo	Metazoa	246	False
O75592	Homo	Metazoa	4678	False
O75593	Homo	Metazoa	365	False
O75600	Homo	Metazoa	419	False
O75603	Homo	Metazoa	506	False
O75607	Homo	Metazoa	178	False
O75608	Homo	Metazoa	230	False
O75616	Homo	Metazoa	437	False
O75626	Homo	Metazoa	825	False
O75643	Homo	Metazoa	2136	False
O75648	Homo	Metazoa	421	False
O75665	Homo	Metazoa	1012	False
O75676	Homo	Metazoa	772	False
O75677	Homo	Metazoa	317	False
O75679	Homo	Metazoa	317	False
O75688	Homo	Metazoa	479	False
O75689	Homo	Metazoa	374	False
O75691	Homo	Metazoa	2785	False
O75695	Homo	Metazoa	350	False
O75712	Homo	Metazoa	270	True
O75746	Homo	Metazoa	678	False
O75751	Homo	Metazoa	556	True
O75762	Homo	Metazoa	1119	False
O75781	Homo	Metazoa	387	False
O75791	Homo	Metazoa	330	False
O75807	Homo	Metazoa	674	False
O75817	Homo	Metazoa	140	False
O75821	Homo	Metazoa	320	False
O75832	Homo	Metazoa	226	False
O75840	Homo	Metazoa	302	False
O75844	Homo	Metazoa	475	True
O75874	Homo	Metazoa	414	False
O75879	Homo	Metazoa	557	False
O75880	Homo	Metazoa	301	False
O75897	Homo	Metazoa	302	False
O75909	Homo	Metazoa	580	False
O75912	Homo	Metazoa	1057	False
O75920	Homo	Metazoa	110	False
O75923	Homo	Metazoa	2080	False
O75925	Homo	Metazoa	651	False
O75928	Homo	Metazoa	621	False
O75934	Homo	Metazoa	225	False
O75937	Homo	Metazoa	253	False
O75940	Homo	Metazoa	238	False
O75943	Homo	Metazoa	681	False
O75947	Homo	Metazoa	161	False
O75952	Homo	Metazoa	493	False
O75955	Homo	Metazoa	427	False
O75956	Homo	Metazoa	126	False
O75964	Homo	Metazoa	103	False
O75970	Homo	Metazoa	2070	False
O75971	Homo	Metazoa	98	False
O76021	Homo	Metazoa	490	False
O76031	Homo	Metazoa	633	False
O76039	Homo	Metazoa	960	False
O76054	Homo	Metazoa	403	False
O76064	Homo	Metazoa	485	False
O76075	Homo	Metazoa	338	False
O76081	Homo	Metazoa	388	False
O76082	Homo	Metazoa	557	True
O76083	Homo	Metazoa	593	False
O76090	Homo	Metazoa	585	True
O76324	melanogaster subgroup	Metazoa	440	False
O76329	Dictyostelium	Other	1738	False
O76360	Caenorhabditis	Metazoa	780	False
O76460	melanogaster subgroup	Metazoa	784	False
O76616	Caenorhabditis	Metazoa	307	False
O76689	Caenorhabditis	Metazoa	714	True
O76902	melanogaster subgroup	Metazoa	316	False
O76906	melanogaster subgroup	Metazoa	982	False
O76922	melanogaster subgroup	Metazoa	866	False
O76932	melanogaster subgroup	Metazoa	307	False
O77059	melanogaster subgroup	Metazoa	542	False
O77334	Plasmodium falciparum	Other	575	False
O77389	Plasmodium falciparum	Other	309	True
O77460	melanogaster subgroup	Metazoa	338	False
O77932	Homo	Metazoa	396	False
O78310	Arabidopsis	Plants	216	False
O78749	Ovis	Metazoa	514	True
O78750	Ovis	Metazoa	227	True
O80396	Arabidopsis	Plants	520	False
O80397	Arabidopsis	Plants	366	False
O80462	Arabidopsis	Plants	888	False
O80501	Arabidopsis	Plants	208	False
O80507	Arabidopsis	Plants	283	False
O80528	Arabidopsis	Plants	599	False
O80536	Arabidopsis	Plants	524	False
O80548	Arabidopsis	Plants	693	False
O80575	Arabidopsis	Plants	227	False
O80634	Arabidopsis	Plants	238	False
O80653	Arabidopsis	Plants	613	False
O80725	Arabidopsis	Plants	1286	True
O80775	Arabidopsis	Plants	353	False
O80786	Arabidopsis	Plants	727	False
O80796	Arabidopsis	Plants	330	False
O80842	Arabidopsis	Plants	366	False
O80845	Arabidopsis	Plants	236	False
O80860	Arabidopsis	Plants	695	False
O80871	Arabidopsis	Plants	396	False
O80875	Arabidopsis	Plants	1002	False
O80883	Arabidopsis	Plants	490	False
O80920	Arabidopsis	Plants	207	False
O80931	Arabidopsis	Plants	367	False
O80952	Arabidopsis	Plants	296	False
O80982	Arabidopsis	Plants	345	False
O80983	Arabidopsis	Plants	717	False
O80988	Arabidopsis	Plants	1044	False
O81126	Arabidopsis	Plants	200	False
O81127	Arabidopsis	Plants	187	False
O81192	Salvia subgen. Salvia	Plants	598	False
O81208	Arabidopsis	Plants	110	True
O81223	Arabidopsis	Plants	222	False
O81235	Arabidopsis	Plants	231	False
O81242	Arabidopsis	Plants	355	False
O81283	Arabidopsis	Plants	1503	True
O81439	Arabidopsis	Plants	318	False
O81445	Arabidopsis	Plants	213	False
O81775	Arabidopsis	Plants	158	True
O81787	Arabidopsis	Plants	527	False
O81836	Arabidopsis	Plants	314	False
O81851	Arabidopsis	Plants	304	False
O81852	Arabidopsis	Plants	916	False
O82132	Arabidopsis	Plants	335	False
O82204	Arabidopsis	Plants	143	False
O82230	Arabidopsis	Plants	182	False
O82239	Arabidopsis	Plants	358	False
O82245	Arabidopsis	Plants	196	True
O82261	Arabidopsis	Plants	607	False
O82264	Arabidopsis	Plants	413	False
O82265	Arabidopsis	Plants	1098	False
O82268	Arabidopsis	Plants	219	False
O82277	Arabidopsis	Plants	361	False
O82289	Arabidopsis	Plants	568	False
O82339	Arabidopsis	Plants	294	False
O82390	Arabidopsis	Plants	512	False
O82392	Arabidopsis	Plants	644	False
O82399	Arabidopsis	Plants	354	False
O82486	Arabidopsis	Plants	685	False
O82504	Arabidopsis	Plants	1133	False
O82533	Arabidopsis	Plants	478	False
O82587	Arabidopsis	Plants	285	True
O82628	Arabidopsis	Plants	110	False
O82645	Arabidopsis	Plants	488	False
O82656	Arabidopsis	Plants	340	False
O82660	Arabidopsis	Plants	403	False
O82663	Arabidopsis	Plants	634	False
O82733	Arabidopsis	Plants	331	False
O82734	Arabidopsis	Plants	324	False
O82794	Arabidopsis	Plants	220	False
O82796	Arabidopsis	Plants	295	False
O82798	Arabidopsis	Plants	259	False
O82804	Arabidopsis	Plants	695	False
O82811	Arabidopsis	Plants	530	True
O88267	Rattus	Metazoa	419	False
O88269	Rattus	Metazoa	1502	True
O88271	Mus	Metazoa	295	False
O88282	Mus	Metazoa	474	False
O88286	Mus	Metazoa	1684	False
O88291	Mus	Metazoa	580	False
O88339	Rattus	Metazoa	575	False
O88343	Mus	Metazoa	1079	False
O88379	Mus	Metazoa	1555	False
O88382	Rattus	Metazoa	1277	False
O88420	Rattus	Metazoa	1978	False
O88446	Rattus	Metazoa	551	True
O88450	Rattus	Metazoa	565	False
O88453	Rattus	Metazoa	931	False
O88454	Mus	Metazoa	398	True
O88457	Rattus	Metazoa	1765	False
O88466	Mus	Metazoa	1888	False
O88470	Mus	Metazoa	375	False
O88477	Mus	Metazoa	577	False
O88483	Rattus	Metazoa	538	False
O88484	Rattus	Metazoa	530	False
O88491	Mus	Metazoa	2588	False
O88495	Mus	Metazoa	591	True
O88508	Mus	Metazoa	908	False
O88509	Mus	Metazoa	859	False
O88551	Mus	Metazoa	211	True
O88552	Mus	Metazoa	230	True
O88554	Mus	Metazoa	559	False
O88559	Mus	Metazoa	611	False
O88561	Mus	Metazoa	667	True
O88563	Rattus	Metazoa	1522	True
O88569	Mus	Metazoa	353	False
O88574	Mus	Metazoa	220	False
O88575	Mus	Metazoa	635	True
O88576	Mus	Metazoa	615	True
O88597	Mus	Metazoa	448	False
O88621	Mus	Metazoa	401	False
O88662	Mus	Metazoa	172	True
O88665	Mus	Metazoa	651	False
O88667	Mus	Metazoa	308	False
O88696	Mus	Metazoa	272	False
O88700	Mus	Metazoa	1416	False
O88703	Mus	Metazoa	863	False
O88704	Mus	Metazoa	910	False
O88705	Mus	Metazoa	779	False
O88708	Mus	Metazoa	433	False
O88713	Mus	Metazoa	188	True
O88728	Mus	Metazoa	134	True
O88735	Mus	Metazoa	730	False
O88764	Rattus	Metazoa	448	False
O88767	Rattus	Metazoa	189	False
O88801	Rattus	Metazoa	354	False
O88813	Rattus	Metazoa	683	True
O88844	Mus	Metazoa	414	False
O88845	Mus	Metazoa	662	False
O88846	Rattus	Metazoa	194	False
O88850	Rattus	Metazoa	1191	False
O88867	Rattus	Metazoa	478	False
O88870	Mus	Metazoa	551	True
O88873	Rattus	Metazoa	529	False
O88895	Mus	Metazoa	428	False
O88898	Mus	Metazoa	680	False
O88904	Mus	Metazoa	1210	False
O88907	Mus	Metazoa	651	False
O88909	Mus	Metazoa	537	True
O88910	Mus	Metazoa	568	False
O88939	Mus	Metazoa	569	False
O88940	Mus	Metazoa	201	False
O88942	Mus	Metazoa	717	False
O88943	Rattus	Metazoa	852	False
O88944	Rattus	Metazoa	873	False
O88951	Mus	Metazoa	207	False
O88952	Mus	Metazoa	197	False
O88967	Mus	Metazoa	715	False
O88974	Mus	Metazoa	1307	False
O89019	Mus	Metazoa	1062	False
O89038	Rattus	Metazoa	507	False
O89039	Rattus	Metazoa	362	True
O89050	Mus	Metazoa	735	False
O89090	Mus	Metazoa	784	False
O89091	Mus	Metazoa	479	False
O89094	Mus	Metazoa	257	False
O89110	Mus	Metazoa	480	False
O93295	Gallus	Metazoa	493	True
O93308	Xenopus	Metazoa	1232	False
O93309	Xenopus	Metazoa	1209	False
O93530	Xenopus	Metazoa	1436	False
O94244	Schizosaccharomyces pombe	Fungi	430	False
O94316	Schizosaccharomyces pombe	Fungi	984	False
O94326	Schizosaccharomyces pombe	Fungi	609	False
O94374	Schizosaccharomyces pombe	Fungi	539	False
O94383	Schizosaccharomyces pombe	Fungi	1228	False
O94396	Schizosaccharomyces pombe	Fungi	534	False
O94397	Schizosaccharomyces pombe	Fungi	344	False
O94421	Schizosaccharomyces pombe	Fungi	1680	False
O94427	Schizosaccharomyces pombe	Fungi	424	False
O94436	Schizosaccharomyces pombe	Fungi	241	False
O94444	Schizosaccharomyces pombe	Fungi	243	False
O94446	Schizosaccharomyces pombe	Fungi	463	False
O94451	Schizosaccharomyces pombe	Fungi	727	False
O94487	Schizosaccharomyces pombe	Fungi	624	False
O94489	Schizosaccharomyces pombe	Fungi	1047	False
O94504	Schizosaccharomyces pombe	Fungi	133	False
O94547	Schizosaccharomyces pombe	Fungi	580	False
O94561	Schizosaccharomyces pombe	Fungi	195	False
O94580	Schizosaccharomyces pombe	Fungi	282	False
O94603	Schizosaccharomyces pombe	Fungi	948	False
O94609	Schizosaccharomyces pombe	Fungi	1012	False
O94614	Schizosaccharomyces pombe	Fungi	633	False
O94632	Schizosaccharomyces pombe	Fungi	773	False
O94640	Schizosaccharomyces pombe	Fungi	475	False
O94653	Schizosaccharomyces pombe	Fungi	1121	False
O94679	Schizosaccharomyces pombe	Fungi	1158	False
O94684	Schizosaccharomyces pombe	Fungi	318	False
O94687	Schizosaccharomyces pombe	Fungi	549	False
O94701	Schizosaccharomyces pombe	Fungi	272	False
O94740	Schizosaccharomyces pombe	Fungi	466	False
O94751	Schizosaccharomyces pombe	Fungi	1044	False
O94759	Homo	Metazoa	1503	False
O94761	Homo	Metazoa	1208	False
O94762	Homo	Metazoa	991	False
O94763	Homo	Metazoa	535	False
O94768	Homo	Metazoa	372	False
O94776	Homo	Metazoa	668	False
O94778	Homo	Metazoa	261	True
O94782	Homo	Metazoa	785	False
O94804	Homo	Metazoa	968	False
O94811	Homo	Metazoa	219	False
O94812	Homo	Metazoa	1187	False
O94818	Homo	Metazoa	638	False
O94822	Homo	Metazoa	1766	False
O94826	Homo	Metazoa	608	True
O94829	Homo	Metazoa	963	False
O94830	Homo	Metazoa	711	False
O94850	Homo	Metazoa	711	False
O94851	Homo	Metazoa	1957	False
O94864	Homo	Metazoa	414	False
O94868	Homo	Metazoa	740	False
O94874	Homo	Metazoa	794	False
O94875	Homo	Metazoa	1100	False
O94880	Homo	Metazoa	948	False
O94886	Homo	Metazoa	807	True
O94888	Homo	Metazoa	489	False
O94892	Homo	Metazoa	652	False
O94901	Homo	Metazoa	785	False
O94906	Homo	Metazoa	941	False
O94911	Homo	Metazoa	1621	True
O94913	Homo	Metazoa	1555	False
O94916	Homo	Metazoa	1531	False
O94921	Homo	Metazoa	469	False
O94925	Homo	Metazoa	669	False
O94941	Homo	Metazoa	541	False
O94953	Homo	Metazoa	1096	False
O94956	Homo	Metazoa	709	True
O94972	Homo	Metazoa	964	False
O94979	Homo	Metazoa	1220	False
O94992	Homo	Metazoa	359	False
O94993	Homo	Metazoa	753	False
O95049	Homo	Metazoa	919	False
O95059	Homo	Metazoa	124	False
O95069	Homo	Metazoa	426	True
O95071	Homo	Metazoa	2799	False
O95073	Homo	Metazoa	299	False
O95104	Homo	Metazoa	1147	False
O95125	Homo	Metazoa	648	False
O95136	Homo	Metazoa	353	True
O95140	Homo	Metazoa	757	False
O95149	Homo	Metazoa	360	False
O95153	Homo	Metazoa	1857	False
O95163	Homo	Metazoa	1332	False
O95180	Homo	Metazoa	2353	False
O95202	Homo	Metazoa	739	False
O95210	Homo	Metazoa	358	True
O95218	Homo	Metazoa	330	False
O95229	Homo	Metazoa	277	False
O95232	Homo	Metazoa	432	False
O95239	Homo	Metazoa	1232	False
O95243	Homo	Metazoa	580	False
O95251	Homo	Metazoa	611	False
O95255	Homo	Metazoa	1503	True
O95259	Homo	Metazoa	989	False
O95260	Homo	Metazoa	518	False
O95267	Homo	Metazoa	797	False
O95271	Homo	Metazoa	1327	False
O95273	Homo	Metazoa	360	False
O95278	Homo	Metazoa	331	False
O95319	Homo	Metazoa	508	False
O95342	Homo	Metazoa	1321	True
O95347	Homo	Metazoa	1197	False
O95359	Homo	Metazoa	2948	False
O95365	Homo	Metazoa	584	False
O95376	Homo	Metazoa	493	False
O95377	Homo	Metazoa	273	True
O95391	Homo	Metazoa	586	False
O95396	Homo	Metazoa	460	False
O95400	Homo	Metazoa	341	False
O95409	Homo	Metazoa	532	False
O95415	Homo	Metazoa	125	True
O95425	Homo	Metazoa	2214	False
O95433	Homo	Metazoa	338	False
O95452	Homo	Metazoa	261	True
O95453	Homo	Metazoa	639	False
O95466	Homo	Metazoa	1100	False
O95471	Homo	Metazoa	211	True
O95476	Homo	Metazoa	244	True
O95477	Homo	Metazoa	2261	True
O95484	Homo	Metazoa	217	True
O95487	Homo	Metazoa	1268	False
O95500	Homo	Metazoa	239	True
O95503	Homo	Metazoa	412	False
O95551	Homo	Metazoa	362	False
O95563	Homo	Metazoa	127	True
O95568	Homo	Metazoa	372	False
O95571	Homo	Metazoa	254	False
O95600	Homo	Metazoa	359	False
O95602	Homo	Metazoa	1720	False
O95619	Homo	Metazoa	227	False
O95630	Homo	Metazoa	424	False
O95639	Homo	Metazoa	269	False
O95644	Homo	Metazoa	943	False
O95696	Homo	Metazoa	1058	False
O95704	Homo	Metazoa	486	False
O95707	Homo	Metazoa	220	False
O95714	Homo	Metazoa	4834	False
O95718	Homo	Metazoa	433	False
O95721	Homo	Metazoa	258	False
O95751	Homo	Metazoa	146	False
O95760	Homo	Metazoa	270	False
O95777	Homo	Metazoa	96	False
O95782	Homo	Metazoa	977	False
O95786	Homo	Metazoa	925	False
O95801	Homo	Metazoa	387	False
O95810	Homo	Metazoa	425	False
O95817	Homo	Metazoa	575	False
O95822	Homo	Metazoa	493	False
O95831	Homo	Metazoa	613	False
O95832	Homo	Metazoa	211	True
O95833	Homo	Metazoa	236	True
O95847	Homo	Metazoa	323	True
O95858	Homo	Metazoa	294	True
O95863	Homo	Metazoa	264	False
O95865	Homo	Metazoa	285	False
O95900	Homo	Metazoa	331	False
O95905	Homo	Metazoa	644	False
O95907	Homo	Metazoa	504	True
O95926	Homo	Metazoa	243	False
O95931	Homo	Metazoa	251	False
O95935	Homo	Metazoa	607	False
O95948	Homo	Metazoa	504	False
O95977	Homo	Metazoa	384	True
O95983	Homo	Metazoa	291	False
O95989	Homo	Metazoa	172	False
O95990	Homo	Metazoa	144	False
O95997	Homo	Metazoa	202	False
O96000	Homo	Metazoa	172	False
O96006	Homo	Metazoa	694	False
O96007	Homo	Metazoa	188	False
O96008	Homo	Metazoa	361	False
O96011	Homo	Metazoa	259	False
O96017	Homo	Metazoa	543	False
O96019	Homo	Metazoa	429	False
O96020	Homo	Metazoa	404	False
O96028	Homo	Metazoa	1365	False
O96033	Homo	Metazoa	88	False
O96533	melanogaster subgroup	Metazoa	456	False
O96621	Dictyostelium	Other	392	False
O96622	Dictyostelium	Other	369	False
O96623	Dictyostelium	Other	293	False
O96624	Dictyostelium	Other	174	False
O96625	Dictyostelium	Other	169	False
O96626	Dictyostelium	Other	138	False
O96660	melanogaster subgroup	Metazoa	486	False
O96693	Plasmodium falciparum	Other	488	False
O96759	Dictyostelium	Other	611	False
O97101	Dictyostelium	Other	1000	False
O97159	melanogaster subgroup	Metazoa	1982	False
O97240	Plasmodium falciparum	Other	617	False
O97593	Bos	Metazoa	1233	False
O97758	Canis lupus	Metazoa	1769	False
O97859	Bos	Metazoa	428	False
P00002	Macaca	Metazoa	105	False
P00004	Equus	Metazoa	105	False
P00011	Canis lupus	Metazoa	105	False
P00015	Mus	Metazoa	105	False
P00044	Saccharomyces cerevisiae	Fungi	109	False
P00127	Saccharomyces cerevisiae	Fungi	147	False
P00128	Saccharomyces cerevisiae	Fungi	127	False
P00157	Bos	Metazoa	379	True
P00158	Mus	Metazoa	381	True
P00163	Saccharomyces cerevisiae	Fungi	385	True
P00175	Saccharomyces cerevisiae	Fungi	591	False
P00185	Rattus	Metazoa	524	False
P00257	Bos	Metazoa	186	False
P00352	Homo	Metazoa	501	False
P00359	Saccharomyces cerevisiae	Fungi	332	False
P00367	Homo	Metazoa	558	False
P00371	Sus	Metazoa	347	False
P00374	Homo	Metazoa	187	False
P00375	Mus	Metazoa	187	False
P00390	Homo	Metazoa	522	False
P00395	Homo	Metazoa	513	True
P00396	Bos	Metazoa	514	True
P00397	Mus	Metazoa	514	True
P00401	Saccharomyces cerevisiae	Fungi	534	True
P00403	Homo	Metazoa	227	True
P00405	Mus	Metazoa	227	True
P00410	Saccharomyces cerevisiae	Fungi	251	True
P00411	Neurospora crassa	Fungi	250	True
P00414	Homo	Metazoa	261	True
P00415	Bos	Metazoa	261	True
P00416	Mus	Metazoa	261	True
P00420	Saccharomyces cerevisiae	Fungi	269	True
P00423	Bos	Metazoa	169	False
P00424	Saccharomyces cerevisiae	Fungi	153	True
P00429	Bos	Metazoa	86	False
P00430	Bos	Metazoa	63	True
P00431	Saccharomyces cerevisiae	Fungi	361	False
P00432	Bos	Metazoa	527	False
P00441	Homo	Metazoa	154	False
P00445	Saccharomyces cerevisiae	Fungi	154	False
P00455	Spinacia	Plants	369	False
P00480	Homo	Metazoa	354	False
P00505	Homo	Metazoa	430	False
P00506	Sus	Metazoa	430	False
P00507	Rattus	Metazoa	430	False
P00508	Gallus	Metazoa	423	False
P00517	Bos	Metazoa	351	False
P00519	Homo	Metazoa	1130	False
P00520	Mus	Metazoa	1123	False
P00522	melanogaster subgroup	Metazoa	1620	False
P00523	Gallus	Metazoa	533	False
P00558	Homo	Metazoa	417	False
P00560	Saccharomyces cerevisiae	Fungi	416	False
P00813	Homo	Metazoa	363	False
P00829	Bos	Metazoa	528	False
P00830	Saccharomyces cerevisiae	Fungi	511	False
P00846	Homo	Metazoa	226	True
P00854	Saccharomyces cerevisiae	Fungi	259	True
P00876	Nicotiana	Plants	477	False
P00877	Chlamydomonas	Plants	475	False
P00889	Sus	Metazoa	464	False
P00890	Saccharomyces cerevisiae	Fungi	479	False
P00918	Homo	Metazoa	260	False
P00927	Saccharomyces cerevisiae	Fungi	576	False
P00950	Saccharomyces cerevisiae	Fungi	247	False
P00966	Homo	Metazoa	412	False
P00973	Homo	Metazoa	400	False
P01096	Bos	Metazoa	109	False
P01097	Saccharomyces cerevisiae	Fungi	85	False
P01100	Homo	Metazoa	380	False
P01106	Homo	Metazoa	454	False
P01109	Gallus	Metazoa	435	False
P01111	Homo	Metazoa	189	False
P01112	Homo	Metazoa	189	False
P01116	Homo	Metazoa	189	False
P01119	Saccharomyces cerevisiae	Fungi	309	False
P01120	Saccharomyces cerevisiae	Fungi	322	False
P01129	Schizosaccharomyces pombe	Fungi	767	False
P01375	Homo	Metazoa	233	True
P01583	Homo	Metazoa	271	False
P01584	Homo	Metazoa	269	False
P01854	Homo	Metazoa	546	False
P01871	Homo	Metazoa	474	False
P01872	Mus	Metazoa	454	False
P01880	Homo	Metazoa	430	False
P02240	Lupinus	Plants	154	False
P02255	melanogaster subgroup	Metazoa	256	False
P02259	Gallus	Metazoa	190	False
P02262	Rattus	Metazoa	130	False
P02263	Gallus	Metazoa	129	False
P02264	Oncorhynchus	Metazoa	128	False
P02272	Gallus	Metazoa	128	False
P02273	Tetrahymena	Other	138	False
P02274	Tetrahymena	Other	133	False
P02275	Triticum	Plants	146	False
P02281	Xenopus	Metazoa	126	False
P02283	melanogaster subgroup	Metazoa	123	False
P02293	Saccharomyces cerevisiae	Fungi	131	False
P02294	Saccharomyces cerevisiae	Fungi	131	False
P02302	Xenopus	Metazoa	136	False
P02309	Saccharomyces cerevisiae	Fungi	103	False
P02489	Homo	Metazoa	173	False
P02511	Homo	Metazoa	175	False
P02533	Homo	Metazoa	472	False
P02545	Homo	Metazoa	664	False
P02686	Homo	Metazoa	304	False
P02687	Bos	Metazoa	169	False
P02688	Rattus	Metazoa	195	False
P02730	Homo	Metazoa	911	False
P02786	Homo	Metazoa	760	True
P02831	Mus	Metazoa	443	False
P02835	melanogaster subgroup	Metazoa	410	False
P02836	melanogaster subgroup	Metazoa	552	False
P02992	Saccharomyces cerevisiae	Fungi	437	False
P03001	Xenopus	Metazoa	366	False
P03069	Saccharomyces cerevisiae	Fungi	281	False
P03372	Homo	Metazoa	595	False
P03871	Saccharomyces cerevisiae	Fungi	373	False
P03877	Saccharomyces cerevisiae	Fungi	415	True
P03878	Saccharomyces cerevisiae	Fungi	556	False
P03879	Saccharomyces cerevisiae	Fungi	638	False
P03887	Bos	Metazoa	318	True
P03888	Mus	Metazoa	318	True
P03892	Bos	Metazoa	347	True
P03893	Mus	Metazoa	345	True
P03898	Bos	Metazoa	115	True
P03902	Bos	Metazoa	98	True
P03910	Bos	Metazoa	459	True
P03911	Mus	Metazoa	459	True
P03920	Bos	Metazoa	606	True
P03925	Mus	Metazoa	172	True
P03928	Homo	Metazoa	68	True
P03945	Neurospora crassa	Fungi	557	True
P03949	Caenorhabditis	Metazoa	1224	False
P03966	Mus	Metazoa	462	False
P03968	Bos	Metazoa	155	False
P03999	Homo	Metazoa	345	True
P04001	Homo	Metazoa	364	True
P04035	Homo	Metazoa	888	True
P04037	Saccharomyces cerevisiae	Fungi	155	False
P04038	Bos	Metazoa	74	True
P04039	Saccharomyces cerevisiae	Fungi	78	True
P04040	Homo	Metazoa	527	False
P04049	Homo	Metazoa	648	False
P04050	Saccharomyces cerevisiae	Fungi	1733	False
P04051	Saccharomyces cerevisiae	Fungi	1460	False
P04053	Homo	Metazoa	509	False
P04080	Homo	Metazoa	98	False
P04083	Homo	Metazoa	346	False
P04116	Bos	Metazoa	277	True
P04117	Mus	Metazoa	132	False
P04147	Saccharomyces cerevisiae	Fungi	577	False
P04150	Homo	Metazoa	777	False
P04166	Rattus	Metazoa	146	False
P04177	Rattus	Metazoa	498	False
P04179	Homo	Metazoa	222	False
P04181	Homo	Metazoa	439	False
P04197	melanogaster subgroup	Metazoa	657	False
P04198	Homo	Metazoa	464	False
P04201	Homo	Metazoa	325	True
P04255	Caenorhabditis	Metazoa	122	False
P04264	Homo	Metazoa	644	False
P04271	Homo	Metazoa	92	False
P04274	Mesocricetus	Metazoa	418	True
P04370	Mus	Metazoa	250	False
P04386	Saccharomyces cerevisiae	Fungi	881	False
P04394	Bos	Metazoa	249	False
P04406	Homo	Metazoa	335	False
P04553	Homo	Metazoa	51	False
P04625	Gallus	Metazoa	408	False
P04636	Rattus	Metazoa	338	False
P04637	Homo	Metazoa	393	False
P04670	Glycine subgen. Soja	Plants	309	False
P04710	Saccharomyces cerevisiae	Fungi	309	True
P04762	Rattus	Metazoa	527	False
P04764	Rattus	Metazoa	434	False
P04775	Rattus	Metazoa	2005	False
P04778	Arabidopsis	Plants	267	False
P04786	Saccharomyces cerevisiae	Fungi	769	False
P04789	Trypanosoma brucei	Other	250	False
P04792	Homo	Metazoa	205	False
P04797	Rattus	Metazoa	333	False
P04817	Saccharomyces cerevisiae	Fungi	590	False
P04818	Homo	Metazoa	313	False
P04819	Saccharomyces cerevisiae	Fungi	755	False
P04839	Homo	Metazoa	570	True
P04840	Saccharomyces cerevisiae	Fungi	283	True
P04899	Homo	Metazoa	355	False
P04908	Homo	Metazoa	130	False
P04909	Schizosaccharomyces pombe	Fungi	132	False
P04910	Schizosaccharomyces pombe	Fungi	131	False
P04911	Saccharomyces cerevisiae	Fungi	132	False
P04912	Saccharomyces cerevisiae	Fungi	132	False
P04913	Schizosaccharomyces pombe	Fungi	126	False
P04919	Mus	Metazoa	929	False
P04920	Homo	Metazoa	1241	False
P04921	Homo	Metazoa	128	True
P05023	Homo	Metazoa	1023	False
P05026	Homo	Metazoa	303	True
P05030	Saccharomyces cerevisiae	Fungi	918	False
P05062	Homo	Metazoa	364	False
P05066	Saccharomyces cerevisiae	Fungi	565	False
P05084	melanogaster subgroup	Metazoa	758	False
P05089	Homo	Metazoa	322	False
P05091	Homo	Metazoa	517	False
P05109	Homo	Metazoa	93	False
P05114	Homo	Metazoa	100	False
P05129	Homo	Metazoa	697	False
P05131	Bos	Metazoa	351	False
P05132	Mus	Metazoa	351	False
P05146	Spinacia	Plants	73	True
P05165	Homo	Metazoa	728	False
P05198	Homo	Metazoa	315	False
P05202	Mus	Metazoa	430	False
P05204	Homo	Metazoa	90	False
P05205	melanogaster subgroup	Metazoa	206	False
P05221	Xenopus	Metazoa	200	False
P05230	Homo	Metazoa	155	False
P05375	Saccharomyces cerevisiae	Fungi	206	True
P05388	Homo	Metazoa	317	False
P05412	Homo	Metazoa	331	False
P05414	Spinacia	Plants	369	False
P05423	Homo	Metazoa	398	False
P05480	Mus	Metazoa	535	False
P05496	Homo	Metazoa	136	True
P05549	Homo	Metazoa	437	False
P05554	Rattus	Metazoa	358	False
P05621	Triticum	Plants	150	False
P05630	Bos	Metazoa	168	False
P05696	Rattus	Metazoa	672	False
P05709	melanogaster subgroup	Metazoa	688	False
P05725	Chlamydomonas	Plants	163	False
P05755	Saccharomyces cerevisiae	Fungi	195	False
P05764	Schizosaccharomyces pombe	Fungi	87	False
P05771	Homo	Metazoa	671	False
P05783	Homo	Metazoa	430	False
P05981	Homo	Metazoa	417	True
P05982	Rattus	Metazoa	274	False
P06002	melanogaster subgroup	Metazoa	373	True
P06003	Spinacia	Plants	473	True
P06006	Lathyrus	Plants	353	True
P06100	Saccharomyces cerevisiae	Fungi	191	False
P06102	Saccharomyces cerevisiae	Fungi	836	False
P06104	Saccharomyces cerevisiae	Fungi	172	False
P06105	Saccharomyces cerevisiae	Fungi	1222	False
P06168	Saccharomyces cerevisiae	Fungi	395	False
P06169	Saccharomyces cerevisiae	Fungi	563	False
P06197	Saccharomyces cerevisiae	Fungi	220	True
P06208	Saccharomyces cerevisiae	Fungi	619	False
P06239	Homo	Metazoa	509	False
P06240	Mus	Metazoa	509	False
P06241	Homo	Metazoa	537	False
P06242	Saccharomyces cerevisiae	Fungi	306	False
P06244	Saccharomyces cerevisiae	Fungi	397	False
P06302	Rattus	Metazoa	112	False
P06350	Oncorhynchus	Metazoa	207	False
P06367	Saccharomyces cerevisiae	Fungi	137	False
P06400	Homo	Metazoa	928	False
P06401	Homo	Metazoa	933	False
P06454	Homo	Metazoa	111	False
P06493	Homo	Metazoa	297	False
P06536	Rattus	Metazoa	795	False
P06537	Mus	Metazoa	792	False
P06576	Homo	Metazoa	529	False
P06585	Lathyrus	Plants	353	True
P06602	melanogaster subgroup	Metazoa	376	False
P06624	Bos	Metazoa	263	True
P06652	Schizosaccharomyces pombe	Fungi	596	False
P06685	Rattus	Metazoa	1023	False
P06700	Saccharomyces cerevisiae	Fungi	562	False
P06701	Saccharomyces cerevisiae	Fungi	978	False
P06702	Homo	Metazoa	114	False
P06703	Homo	Metazoa	90	False
P06704	Saccharomyces cerevisiae	Fungi	161	False
P06730	Homo	Metazoa	217	False
P06733	Homo	Metazoa	434	False
P06734	Homo	Metazoa	321	True
P06738	Saccharomyces cerevisiae	Fungi	902	False
P06746	Homo	Metazoa	335	False
P06748	Homo	Metazoa	294	False
P06774	Saccharomyces cerevisiae	Fungi	265	False
P06777	Saccharomyces cerevisiae	Fungi	1100	False
P06778	Saccharomyces cerevisiae	Fungi	471	False
P06780	Saccharomyces cerevisiae	Fungi	209	False
P06782	Saccharomyces cerevisiae	Fungi	633	False
P06785	Saccharomyces cerevisiae	Fungi	304	False
P06786	Saccharomyces cerevisiae	Fungi	1428	False
P06802	Mus	Metazoa	906	True
P06803	Mus	Metazoa	313	False
P06804	Mus	Metazoa	235	True
P06838	Saccharomyces cerevisiae	Fungi	210	False
P06843	Saccharomyces cerevisiae	Fungi	333	False
P06844	Saccharomyces cerevisiae	Fungi	337	False
P06876	Mus	Metazoa	636	False
P06897	Xenopus	Metazoa	130	False
P06899	Homo	Metazoa	126	False
P06900	Xenopus	Metazoa	126	False
P07056	Neurospora crassa	Fungi	231	True
P07142	Neurospora crassa	Fungi	332	False
P07143	Saccharomyces cerevisiae	Fungi	309	False
P07150	Rattus	Metazoa	346	False
P07170	Saccharomyces cerevisiae	Fungi	222	False
P07195	Homo	Metazoa	334	False
P07199	Homo	Metazoa	599	False
P07213	Saccharomyces cerevisiae	Fungi	617	True
P07245	Saccharomyces cerevisiae	Fungi	946	False
P07246	Saccharomyces cerevisiae	Fungi	375	False
P07247	melanogaster subgroup	Metazoa	502	False
P07248	Saccharomyces cerevisiae	Fungi	1323	False
P07249	Saccharomyces cerevisiae	Fungi	177	False
P07250	Saccharomyces cerevisiae	Fungi	355	False
P07251	Saccharomyces cerevisiae	Fungi	545	False
P07255	Saccharomyces cerevisiae	Fungi	59	True
P07256	Saccharomyces cerevisiae	Fungi	457	False
P07257	Saccharomyces cerevisiae	Fungi	368	False
P07260	Saccharomyces cerevisiae	Fungi	213	False
P07261	Saccharomyces cerevisiae	Fungi	785	False
P07263	Saccharomyces cerevisiae	Fungi	546	False
P07269	Saccharomyces cerevisiae	Fungi	559	False
P07270	Saccharomyces cerevisiae	Fungi	312	False
P07271	Saccharomyces cerevisiae	Fungi	859	False
P07272	Saccharomyces cerevisiae	Fungi	904	False
P07273	Saccharomyces cerevisiae	Fungi	309	False
P07274	Saccharomyces cerevisiae	Fungi	126	False
P07276	Saccharomyces cerevisiae	Fungi	1031	False
P07278	Saccharomyces cerevisiae	Fungi	416	False
P07293	Oryctolagus	Metazoa	1873	True
P07305	Homo	Metazoa	194	False
P07306	Homo	Metazoa	291	True
P07332	Homo	Metazoa	822	False
P07340	Rattus	Metazoa	304	True
P07371	Lathyrus	Plants	269	False
P07384	Homo	Metazoa	714	False
P07470	Bos	Metazoa	80	True
P07471	Bos	Metazoa	97	True
P07505	Spinacia	Plants	222	False
P07527	Schizosaccharomyces pombe	Fungi	877	False
P07548	melanogaster subgroup	Metazoa	586	False
P07550	Homo	Metazoa	413	True
P07560	Saccharomyces cerevisiae	Fungi	215	False
P07591	Spinacia	Plants	181	False
P07663	melanogaster subgroup	Metazoa	1218	False
P07664	melanogaster subgroup	Metazoa	433	False
P07703	Saccharomyces cerevisiae	Fungi	335	False
P07756	Rattus	Metazoa	1500	False
P07768	Oryctolagus	Metazoa	1827	True
P07812	Gallus	Metazoa	786	False
P07814	Homo	Metazoa	1512	False
P07834	Saccharomyces cerevisiae	Fungi	779	False
P07871	Rattus	Metazoa	424	False
P07872	Rattus	Metazoa	661	False
P07884	Saccharomyces cerevisiae	Fungi	428	False
P07895	Rattus	Metazoa	222	False
P07896	Rattus	Metazoa	722	False
P07900	Homo	Metazoa	732	False
P07901	Mus	Metazoa	733	False
P07910	Homo	Metazoa	306	False
P07926	Bos	Metazoa	143	True
P07947	Homo	Metazoa	543	False
P07948	Homo	Metazoa	512	False
P07954	Homo	Metazoa	510	False
P07978	Mus	Metazoa	107	False
P07992	Homo	Metazoa	297	False
P08011	Rattus	Metazoa	155	True
P08033	Rattus	Metazoa	283	True
P08034	Homo	Metazoa	283	True
P08037	Bos	Metazoa	402	True
P08044	melanogaster subgroup	Metazoa	390	False
P08046	Mus	Metazoa	533	False
P08047	Homo	Metazoa	785	False
P08050	Rattus	Metazoa	382	True
P08067	Saccharomyces cerevisiae	Fungi	215	True
P08074	Mus	Metazoa	244	False
P08096	Schizosaccharomyces pombe	Fungi	1485	False
P08103	Mus	Metazoa	524	False
P08151	Homo	Metazoa	1106	False
P08152	Mus	Metazoa	470	False
P08153	Saccharomyces cerevisiae	Fungi	709	False
P08154	Rattus	Metazoa	508	False
P08166	Bos	Metazoa	241	False
P08172	Homo	Metazoa	466	True
P08173	Homo	Metazoa	479	True
P08181	melanogaster subgroup	Metazoa	336	False
P08183	Homo	Metazoa	1280	True
P08195	Homo	Metazoa	529	True
P08235	Homo	Metazoa	984	False
P08238	Homo	Metazoa	724	False
P08414	Mus	Metazoa	469	False
P08417	Saccharomyces cerevisiae	Fungi	488	False
P08425	Saccharomyces cerevisiae	Fungi	469	False
P08456	Saccharomyces cerevisiae	Fungi	276	True
P08458	Saccharomyces cerevisiae	Fungi	490	False
P08466	Saccharomyces cerevisiae	Fungi	329	False
P08473	Homo	Metazoa	750	True
P08482	Rattus	Metazoa	460	True
P08483	Rattus	Metazoa	589	True
P08485	Rattus	Metazoa	478	True
P08503	Rattus	Metazoa	421	False
P08510	melanogaster subgroup	Metazoa	655	False
P08518	Saccharomyces cerevisiae	Fungi	1224	False
P08525	Saccharomyces cerevisiae	Fungi	94	True
P08539	Saccharomyces cerevisiae	Fungi	472	False
P08579	Homo	Metazoa	225	False
P08621	Homo	Metazoa	437	False
P08631	Homo	Metazoa	526	False
P08635	Rattus	Metazoa	263	False
P08638	Saccharomyces cerevisiae	Fungi	886	False
P08646	melanogaster subgroup	Metazoa	189	False
P08651	Homo	Metazoa	508	False
P08679	Saccharomyces cerevisiae	Fungi	460	False
P08680	Mus	Metazoa	587	False
P08708	Homo	Metazoa	135	False
P08754	Homo	Metazoa	354	False
P08760	Bos	Metazoa	227	False
P08775	Mus	Metazoa	1970	False
P08865	Homo	Metazoa	295	False
P08898	Caenorhabditis	Metazoa	136	False
P08907	Equus	Metazoa	401	False
P08908	Homo	Metazoa	422	True
P08911	Rattus	Metazoa	531	True
P08912	Homo	Metazoa	532	True
P08913	Homo	Metazoa	465	True
P08928	melanogaster subgroup	Metazoa	622	False
P08962	Homo	Metazoa	238	True
P08970	melanogaster subgroup	Metazoa	941	False
P08985	melanogaster subgroup	Metazoa	141	False
P08992	Tetrahymena thermophila	Other	146	False
P09012	Homo	Metazoa	282	False
P09016	Homo	Metazoa	255	False
P09017	Homo	Metazoa	264	False
P09021	Mus	Metazoa	270	False
P09022	Mus	Metazoa	331	False
P09024	Mus	Metazoa	217	False
P09025	Mus	Metazoa	242	False
P09038	Homo	Metazoa	288	False
P09067	Homo	Metazoa	269	False
P09077	melanogaster subgroup	Metazoa	417	False
P09079	Mus	Metazoa	269	False
P09081	melanogaster subgroup	Metazoa	494	False
P09083	melanogaster subgroup	Metazoa	449	False
P09084	Mus	Metazoa	446	False
P09085	melanogaster subgroup	Metazoa	427	False
P09086	Homo	Metazoa	479	False
P09087	melanogaster subgroup	Metazoa	493	False
P09088	Caenorhabditis	Metazoa	321	False
P09110	Homo	Metazoa	424	False
P09118	Rattus	Metazoa	303	False
P09119	Saccharomyces cerevisiae	Fungi	513	False
P09132	Homo	Metazoa	144	False
P09139	Rattus	Metazoa	414	False
P09144	Chlamydomonas	Plants	735	True
P09211	Homo	Metazoa	210	False
P09215	Rattus	Metazoa	673	False
P09234	Homo	Metazoa	159	False
P09414	Rattus	Metazoa	509	False
P09429	Homo	Metazoa	215	False
P09440	Saccharomyces cerevisiae	Fungi	975	False
P09450	Mus	Metazoa	344	False
P09471	Homo	Metazoa	354	False
P09543	Homo	Metazoa	421	False
P09547	Saccharomyces cerevisiae	Fungi	1314	False
P09588	Caenorhabditis	Metazoa	127	False
P09605	Rattus	Metazoa	419	False
P09622	Homo	Metazoa	509	False
P09624	Saccharomyces cerevisiae	Fungi	499	False
P09629	Homo	Metazoa	217	False
P09632	Mus	Metazoa	243	False
P09651	Homo	Metazoa	372	False
P09661	Homo	Metazoa	255	False
P09669	Homo	Metazoa	75	True
P09671	Mus	Metazoa	222	False
P09769	Homo	Metazoa	529	False
P09798	Saccharomyces cerevisiae	Fungi	840	False
P09838	Mus	Metazoa	510	False
P09842	Hordeum	Plants	603	False
P09856	Spinacia	Plants	190	False
P09874	Homo	Metazoa	1014	False
P09884	Homo	Metazoa	1462	False
P09912	Homo	Metazoa	130	True
P09917	Homo	Metazoa	674	False
P09922	Mus	Metazoa	631	False
P09938	Saccharomyces cerevisiae	Fungi	399	False
P09950	Saccharomyces cerevisiae	Fungi	548	False
P09959	Saccharomyces cerevisiae	Fungi	803	False
P0C089	Rattus	Metazoa	193	False
P0C0A9	Rattus	Metazoa	76	False
P0C0E4	Homo	Metazoa	278	False
P0C0S4	Bos	Metazoa	128	False
P0C0S5	Homo	Metazoa	128	False
P0C0S6	Mus	Metazoa	128	False
P0C0S7	Rattus	Metazoa	128	False
P0C0S8	Homo	Metazoa	130	False
P0C0S9	Bos	Metazoa	130	False
P0C0W9	Saccharomyces cerevisiae	Fungi	174	False
P0C169	Rattus	Metazoa	130	False
P0C170	Rattus	Metazoa	130	False
P0C1H3	Gallus	Metazoa	126	False
P0C1H4	Gallus	Metazoa	126	False
P0C1H5	Gallus	Metazoa	126	False
P0C1S8	Homo	Metazoa	567	False
P0C1Z6	Homo	Metazoa	253	False
P0C2W1	Homo	Metazoa	286	False
P0C512	Oryza sativa	Plants	477	False
P0C565	Tanacetum	Plants	393	False
P0C586	Oryza sativa	Plants	810	False
P0C5D6	Oryza sativa	Plants	334	False
P0C5X8	Rattus	Metazoa	450	True
P0C5Y9	Homo	Metazoa	115	False
P0C5Z0	Homo	Metazoa	115	False
P0C606	Rattus	Metazoa	293	False
P0C627	Rattus	Metazoa	331	False
P0C6S7	Rattus	Metazoa	1260	False
P0C6T3	Rattus	Metazoa	269	True
P0C7P0	Homo	Metazoa	127	False
P0C7P3	Homo	Metazoa	912	False
P0C7R1	Arabidopsis	Plants	239	False
P0C7T5	Homo	Metazoa	689	False
P0C7T6	Mus	Metazoa	687	False
P0C865	Rattus	Metazoa	806	False
P0C869	Homo	Metazoa	781	False
P0C870	Homo	Metazoa	316	False
P0CB42	Mus	Metazoa	389	False
P0CG30	Homo	Metazoa	244	False
P0CG47	Homo	Metazoa	229	False
P0CG48	Homo	Metazoa	685	False
P0CH07	Schizosaccharomyces pombe	Fungi	128	False
P0CJ48	Arabidopsis	Plants	267	False
P0CJ62	Xenopus	Metazoa	239	False
P0CL69	Mus	Metazoa	594	False
P0CS82	Saccharomyces	Fungi	1483	False
P0CS90	Saccharomyces cerevisiae	Fungi	654	False
P0CW70	Mus	Metazoa	773	False
P0CX37	Saccharomyces cerevisiae	Fungi	236	False
P0CX38	Saccharomyces cerevisiae	Fungi	236	False
P0CY08	Saccharomyces cerevisiae	Fungi	210	False
P0CZ23	Arabidopsis	Plants	675	False
P0DI81	Homo	Metazoa	140	False
P0DI83	Homo	Metazoa	198	False
P0DJD3	Homo	Metazoa	496	False
P0DJH6	Gallus	Metazoa	76	False
P0DJI6	Mus	Metazoa	106	False
P0DKH5	Arabidopsis	Plants	1288	False
P0DM40	Mus	Metazoa	2038	False
P0DME0	Homo	Metazoa	292	False
P0DMV8	Homo	Metazoa	641	False
P0DO11	Arabidopsis	Plants	126	False
P0DOV1	Mus	Metazoa	425	False
P0DOV2	Mus	Metazoa	619	False
P0DOY1	Mus	Metazoa	740	False
P0DP91	Homo	Metazoa	1061	False
P0DP99	Mus	Metazoa	47	True
P0DPB6	Homo	Metazoa	133	False
P0DPK2	Homo	Metazoa	136	False
P0DPK5	Homo	Metazoa	147	False
P0DW81	Homo	Metazoa	44	False
P0DXI6	Petunia	Plants	274	False
P10069	Emericella nidulans	Fungi	432	False
P10070	Homo	Metazoa	1586	False
P10071	Homo	Metazoa	1580	False
P10080	Saccharomyces cerevisiae	Fungi	294	False
P10085	Mus	Metazoa	318	False
P10103	Bos	Metazoa	215	False
P10105	melanogaster subgroup	Metazoa	629	False
P10107	Mus	Metazoa	346	False
P10109	Homo	Metazoa	184	False
P10114	Homo	Metazoa	183	False
P10127	Saccharomyces cerevisiae	Fungi	382	False
P10174	Saccharomyces cerevisiae	Fungi	60	True
P10175	Bos	Metazoa	70	True
P10176	Homo	Metazoa	69	True
P10242	Homo	Metazoa	640	False
P10244	Homo	Metazoa	700	False
P10275	Homo	Metazoa	920	False
P10276	Homo	Metazoa	462	False
P10412	Homo	Metazoa	219	False
P10415	Homo	Metazoa	239	False
P10499	Rattus	Metazoa	495	False
P10505	Schizosaccharomyces pombe	Fungi	665	False
P10507	Saccharomyces cerevisiae	Fungi	462	False
P10518	Mus	Metazoa	330	False
P10588	Homo	Metazoa	404	False
P10599	Homo	Metazoa	105	False
P10606	Homo	Metazoa	129	False
P10627	melanogaster subgroup	Metazoa	490	False
P10628	Mus	Metazoa	250	False
P10636	Homo	Metazoa	758	False
P10644	Homo	Metazoa	381	False
P10664	Saccharomyces cerevisiae	Fungi	362	False
P10676	melanogaster subgroup	Metazoa	1501	False
P10688	Rattus	Metazoa	756	False
P10711	Mus	Metazoa	301	False
P10734	melanogaster subgroup	Metazoa	429	False
P10749	Mus	Metazoa	269	False
P10771	Caenorhabditis	Metazoa	208	False
P10790	Bos	Metazoa	133	False
P10795	Arabidopsis	Plants	180	False
P10809	Homo	Metazoa	573	False
P10815	Schizosaccharomyces pombe	Fungi	482	False
P10823	Saccharomyces cerevisiae	Fungi	449	False
P10824	Rattus	Metazoa	354	False
P10826	Homo	Metazoa	455	False
P10827	Homo	Metazoa	490	False
P10828	Homo	Metazoa	461	False
P10852	Mus	Metazoa	526	True
P10853	Mus	Metazoa	126	False
P10854	Mus	Metazoa	126	False
P10862	Saccharomyces cerevisiae	Fungi	487	False
P10870	Saccharomyces cerevisiae	Fungi	884	False
P10896	Arabidopsis	Plants	474	False
P10914	Homo	Metazoa	325	False
P10933	Lathyrus	Plants	360	False
P10962	Saccharomyces cerevisiae	Fungi	306	False
P10964	Saccharomyces cerevisiae	Fungi	1664	False
P11031	Mus	Metazoa	127	False
P11049	Homo	Metazoa	281	True
P11101	Rattus	Metazoa	114	False
P11142	Homo	Metazoa	646	False
P11147	melanogaster subgroup	Metazoa	651	False
P11155	Zea	Plants	947	False
P11166	Homo	Metazoa	492	True
P11167	Rattus	Metazoa	492	True
P11168	Homo	Metazoa	524	True
P11169	Homo	Metazoa	496	True
P11171	Homo	Metazoa	864	False
P11178	Bos	Metazoa	455	False
P11181	Bos	Metazoa	482	False
P11183	Gallus	Metazoa	164	False
P11229	Homo	Metazoa	460	True
P11233	Homo	Metazoa	206	False
P11234	Homo	Metazoa	206	False
P11308	Homo	Metazoa	479	False
P11309	Homo	Metazoa	313	False
P11310	Homo	Metazoa	421	False
P11325	Saccharomyces cerevisiae	Fungi	894	False
P11352	Mus	Metazoa	201	False
P11383	Triticum	Plants	477	False
P11387	Homo	Metazoa	765	False
P11388	Homo	Metazoa	1531	False
P11413	Homo	Metazoa	515	False
P11414	Cricetulus	Metazoa	1970	False
P11415	Cavia	Metazoa	329	False
P11416	Mus	Metazoa	462	False
P11420	melanogaster subgroup	Metazoa	710	False
P11440	Mus	Metazoa	297	False
P11441	Homo	Metazoa	157	False
P11473	Homo	Metazoa	427	False
P11474	Homo	Metazoa	423	False
P11498	Homo	Metazoa	1178	False
P11505	Rattus	Metazoa	1220	False
P11531	Mus	Metazoa	3678	False
P11632	Saccharomyces cerevisiae	Fungi	93	False
P11633	Saccharomyces cerevisiae	Fungi	99	False
P11746	Saccharomyces cerevisiae	Fungi	286	False
P11747	Saccharomyces cerevisiae	Fungi	167	False
P11799	Gallus	Metazoa	1906	False
P11801	Homo	Metazoa	424	False
P11802	Homo	Metazoa	303	False
P11831	Homo	Metazoa	508	False
P11836	Homo	Metazoa	297	True
P11913	Neurospora crassa	Fungi	476	False
P11914	Saccharomyces cerevisiae	Fungi	482	False
P11915	Rattus	Metazoa	547	False
P11930	Mus	Metazoa	357	False
P11939	Gallus	Metazoa	367	False
P11940	Homo	Metazoa	636	False
P11978	Saccharomyces cerevisiae	Fungi	1358	False
P12003	Gallus	Metazoa	1135	False
P12004	Homo	Metazoa	261	False
P12007	Rattus	Metazoa	424	False
P12063	Neurospora crassa	Fungi	669	False
P12074	Homo	Metazoa	109	True
P12154	Chlamydomonas	Plants	751	True
P12234	Bos	Metazoa	362	True
P12235	Homo	Metazoa	298	True
P12242	Mus	Metazoa	307	True
P12268	Homo	Metazoa	514	False
P12270	Homo	Metazoa	2363	False
P12277	Homo	Metazoa	381	False
P12294	Saccharomyces	Fungi	476	False
P12344	Bos	Metazoa	430	False
P12383	Saccharomyces cerevisiae	Fungi	1068	False
P12524	Homo	Metazoa	364	False
P12530	Oryctolagus	Metazoa	663	False
P12532	Homo	Metazoa	417	False
P12624	Bos	Metazoa	333	False
P12657	Mus	Metazoa	460	True
P12682	Sus	Metazoa	215	False
P12683	Saccharomyces cerevisiae	Fungi	1054	True
P12684	Saccharomyces cerevisiae	Fungi	1045	True
P12689	Saccharomyces cerevisiae	Fungi	985	False
P12695	Saccharomyces cerevisiae	Fungi	482	False
P12753	Saccharomyces cerevisiae	Fungi	1312	False
P12755	Homo	Metazoa	728	False
P12813	Mus	Metazoa	601	False
P12814	Homo	Metazoa	892	False
P12904	Saccharomyces cerevisiae	Fungi	322	False
P12931	Homo	Metazoa	536	False
P12954	Saccharomyces cerevisiae	Fungi	1174	False
P12956	Homo	Metazoa	609	False
P12979	Mus	Metazoa	224	False
P13002	melanogaster subgroup	Metazoa	1333	False
P13010	Homo	Metazoa	732	False
P13051	Homo	Metazoa	313	False
P13073	Homo	Metazoa	169	False
P13164	Homo	Metazoa	125	True
P13183	Bos	Metazoa	80	True
P13185	Saccharomyces cerevisiae	Fungi	1064	False
P13186	Saccharomyces cerevisiae	Fungi	1147	False
P13231	Dictyostelium	Other	118	False
P13234	Rattus	Metazoa	474	False
P13264	Rattus	Metazoa	674	False
P13280	Oryctolagus	Metazoa	333	False
P13297	Mus	Metazoa	303	False
P13346	Mus	Metazoa	338	False
P13349	Homo	Metazoa	255	False
P13378	Homo	Metazoa	290	False
P13382	Saccharomyces cerevisiae	Fungi	1468	False
P13393	Saccharomyces cerevisiae	Fungi	240	False
P13405	Mus	Metazoa	921	False
P13434	Saccharomyces cerevisiae	Fungi	144	False
P13437	Rattus	Metazoa	397	False
P13468	melanogaster subgroup	Metazoa	463	False
P13469	melanogaster subgroup	Metazoa	542	False
P13489	Homo	Metazoa	461	False
P13498	Homo	Metazoa	195	True
P13528	Caenorhabditis	Metazoa	357	False
P13569	Homo	Metazoa	1480	True
P13574	Saccharomyces cerevisiae	Fungi	688	False
P13587	Saccharomyces cerevisiae	Fungi	1091	True
P13631	Homo	Metazoa	454	False
P13637	Homo	Metazoa	1013	False
P13638	Rattus	Metazoa	290	True
P13639	Homo	Metazoa	858	False
P13663	Saccharomyces cerevisiae	Fungi	365	False
P13681	Schizosaccharomyces pombe	Fungi	327	False
P13712	Saccharomyces cerevisiae	Fungi	422	False
P13796	Homo	Metazoa	627	False
P13804	Homo	Metazoa	333	False
P13808	Mus	Metazoa	1237	False
P13861	Homo	Metazoa	404	False
P13864	Mus	Metazoa	1620	False
P13866	Homo	Metazoa	664	True
P13945	Homo	Metazoa	408	True
P13984	Homo	Metazoa	249	False
P13995	Homo	Metazoa	350	False
P14060	Homo	Metazoa	373	False
P14064	Saccharomyces cerevisiae	Fungi	554	False
P14068	Schizosaccharomyces pombe	Fungi	1078	False
P14094	Mus	Metazoa	304	True
P14137	Rattus	Metazoa	526	False
P14142	Mus	Metazoa	509	True
P14164	Saccharomyces cerevisiae	Fungi	731	False
P14206	Mus	Metazoa	295	False
P14231	Mus	Metazoa	290	True
P14234	Mus	Metazoa	517	False
P14242	Saccharomyces cerevisiae	Fungi	873	False
P14270	Rattus	Metazoa	803	False
P14284	Saccharomyces cerevisiae	Fungi	1504	False
P14291	Saccharomyces cerevisiae	Fungi	827	False
P14373	Homo	Metazoa	513	False
P14404	Mus	Metazoa	1232	False
P14406	Homo	Metazoa	83	True
P14408	Rattus	Metazoa	507	False
P14415	Homo	Metazoa	290	True
P14416	Homo	Metazoa	443	True
P14598	Homo	Metazoa	390	False
P14604	Rattus	Metazoa	290	False
P14618	Homo	Metazoa	531	False
P14635	Homo	Metazoa	433	False
P14651	Homo	Metazoa	431	False
P14652	Homo	Metazoa	356	False
P14653	Homo	Metazoa	301	False
P14678	Homo	Metazoa	240	False
P14680	Saccharomyces cerevisiae	Fungi	807	False
P14681	Saccharomyces cerevisiae	Fungi	368	False
P14682	Saccharomyces cerevisiae	Fungi	295	False
P14693	Saccharomyces cerevisiae	Fungi	329	False
P14712	Arabidopsis	Plants	1122	False
P14713	Arabidopsis	Plants	1172	False
P14724	Saccharomyces cerevisiae	Fungi	124	False
P14731	Gallus	Metazoa	584	False
P14732	Gallus	Metazoa	600	False
P14733	Mus	Metazoa	588	False
P14734	melanogaster subgroup	Metazoa	510	False
P14735	Homo	Metazoa	1019	False
P14736	Saccharomyces cerevisiae	Fungi	754	False
P14737	Saccharomyces cerevisiae	Fungi	1309	False
P14740	Rattus	Metazoa	767	True
P14832	Saccharomyces cerevisiae	Fungi	162	False
P14842	Rattus	Metazoa	471	True
P14854	Homo	Metazoa	86	False
P14859	Homo	Metazoa	743	False
P14866	Homo	Metazoa	589	False
P14868	Homo	Metazoa	501	False
P14906	Saccharomyces cerevisiae	Fungi	663	True
P14907	Saccharomyces cerevisiae	Fungi	823	False
P14908	Saccharomyces cerevisiae	Fungi	341	False
P14920	Homo	Metazoa	347	False
P14921	Homo	Metazoa	441	False
P14922	Saccharomyces cerevisiae	Fungi	966	False
P14923	Homo	Metazoa	745	False
P15036	Homo	Metazoa	469	False
P15037	Mus	Metazoa	468	False
P15056	Homo	Metazoa	766	False
P15066	Mus	Metazoa	341	False
P15104	Homo	Metazoa	373	False
P15108	Saccharomyces cerevisiae	Fungi	705	False
P15144	Homo	Metazoa	967	True
P15145	Sus	Metazoa	963	True
P15172	Homo	Metazoa	320	False
P15173	Homo	Metazoa	224	False
P15202	Saccharomyces cerevisiae	Fungi	515	False
P15204	Xenopus	Metazoa	418	False
P15207	Rattus	Metazoa	902	False
P15257	Rattus	Metazoa	628	False
P15280	Oryza sativa	Plants	514	False
P15291	Homo	Metazoa	398	True
P15307	Mus	Metazoa	587	False
P15311	Homo	Metazoa	586	False
P15313	Homo	Metazoa	513	False
P15314	Mus	Metazoa	329	False
P15315	Saccharomyces cerevisiae	Fungi	225	False
P15330	melanogaster subgroup	Metazoa	999	False
P15336	Homo	Metazoa	505	False
P15337	Rattus	Metazoa	327	False
P15348	melanogaster subgroup	Metazoa	1447	False
P15381	Oryctolagus	Metazoa	2171	False
P15382	Homo	Metazoa	129	True
P15383	Rattus	Metazoa	130	True
P15384	Rattus	Metazoa	525	False
P15385	Rattus	Metazoa	655	False
P15387	Rattus	Metazoa	857	False
P15388	Mus	Metazoa	511	False
P15389	Rattus	Metazoa	2019	False
P15390	Rattus	Metazoa	1840	False
P15398	Schizosaccharomyces pombe	Fungi	1689	False
P15424	Saccharomyces cerevisiae	Fungi	664	False
P15436	Saccharomyces cerevisiae	Fungi	1097	False
P15505	Gallus	Metazoa	1004	False
P15531	Homo	Metazoa	152	False
P15533	Mus	Metazoa	496	False
P15535	Mus	Metazoa	399	True
P15565	Saccharomyces cerevisiae	Fungi	570	False
P15646	Saccharomyces cerevisiae	Fungi	327	False
P15650	Rattus	Metazoa	430	False
P15684	Rattus	Metazoa	965	True
P15690	Bos	Metazoa	727	False
P15692	Homo	Metazoa	395	False
P15700	Saccharomyces cerevisiae	Fungi	204	False
P15705	Saccharomyces cerevisiae	Fungi	589	False
P15719	Zea	Plants	432	False
P15791	Rattus	Metazoa	533	False
P15801	Saccharomyces cerevisiae	Fungi	1254	False
P15802	Penicillium chrysogenum species complex	Fungi	357	False
P15806	Mus	Metazoa	651	False
P15822	Homo	Metazoa	2718	False
P15863	Homo	Metazoa	534	False
P15873	Saccharomyces cerevisiae	Fungi	258	False
P15880	Homo	Metazoa	293	False
P15884	Homo	Metazoa	667	False
P15919	Mus	Metazoa	1040	False
P15920	Mus	Metazoa	856	False
P15923	Homo	Metazoa	654	False
P15924	Homo	Metazoa	2871	False
P15927	Homo	Metazoa	270	False
P15938	Saccharomyces cerevisiae	Fungi	1071	False
P15954	Homo	Metazoa	63	True
P15976	Homo	Metazoa	413	False
P15999	Rattus	Metazoa	553	False
P16050	Homo	Metazoa	662	False
P16054	Mus	Metazoa	737	False
P16104	Homo	Metazoa	143	False
P16143	Xenopus	Metazoa	758	False
P16220	Homo	Metazoa	327	False
P16236	Gallus	Metazoa	598	False
P16243	Zea	Plants	636	False
P16276	Sus	Metazoa	781	False
P16283	Mus	Metazoa	1227	False
P16333	Homo	Metazoa	377	False
P16356	Caenorhabditis	Metazoa	1856	False
P16370	Saccharomyces cerevisiae	Fungi	318	False
P16371	melanogaster subgroup	Metazoa	730	False
P16383	Homo	Metazoa	781	False
P16387	Saccharomyces cerevisiae	Fungi	420	False
P16388	Mus	Metazoa	495	False
P16389	Homo	Metazoa	499	False
P16390	Mus	Metazoa	528	False
P16401	Homo	Metazoa	226	False
P16402	Homo	Metazoa	221	False
P16403	Homo	Metazoa	213	False
P16446	Rattus	Metazoa	271	False
P16451	Saccharomyces cerevisiae	Fungi	410	False
P16452	Homo	Metazoa	691	False
P16455	Homo	Metazoa	207	False
P16467	Saccharomyces cerevisiae	Fungi	563	False
P16521	Saccharomyces cerevisiae	Fungi	1044	False
P16522	Saccharomyces cerevisiae	Fungi	626	False
P16550	Saccharomyces cerevisiae	Fungi	321	False
P16554	melanogaster subgroup	Metazoa	556	False
P16580	Gallus	Metazoa	373	False
P16591	Homo	Metazoa	822	False
P16603	Saccharomyces cerevisiae	Fungi	691	True
P16622	Saccharomyces cerevisiae	Fungi	393	False
P16649	Saccharomyces cerevisiae	Fungi	713	False
P16658	Saccharomyces cerevisiae	Fungi	377	False
P16671	Homo	Metazoa	472	True
P16861	Saccharomyces cerevisiae	Fungi	987	False
P16862	Saccharomyces cerevisiae	Fungi	959	False
P16892	Saccharomyces cerevisiae	Fungi	353	False
P16951	Mus	Metazoa	487	False
P16970	Rattus	Metazoa	659	True
P16972	Arabidopsis	Plants	148	False
P16989	Homo	Metazoa	372	False
P17010	Homo	Metazoa	805	False
P17012	Mus	Metazoa	799	False
P17014	Homo	Metazoa	697	False
P17020	Homo	Metazoa	682	False
P17028	Homo	Metazoa	368	False
P17030	Homo	Metazoa	456	False
P17067	Lathyrus	Plants	328	False
P17081	Homo	Metazoa	205	False
P17095	Mus	Metazoa	107	False
P17096	Homo	Metazoa	107	False
P17106	Saccharomyces cerevisiae	Fungi	351	False
P17119	Saccharomyces cerevisiae	Fungi	729	False
P17124	Canis lupus	Metazoa	359	True
P17152	Homo	Metazoa	192	True
P17157	Saccharomyces cerevisiae	Fungi	305	False
P17208	Mus	Metazoa	421	False
P17214	Saccharomyces cerevisiae	Fungi	699	False
P17220	Rattus	Metazoa	234	False
P17252	Homo	Metazoa	672	False
P17256	Rattus	Metazoa	395	False
P17275	Homo	Metazoa	347	False
P17302	Homo	Metazoa	382	True
P17336	melanogaster subgroup	Metazoa	506	False
P17427	Mus	Metazoa	938	False
P17429	Emericella nidulans	Fungi	876	False
P17442	Saccharomyces cerevisiae	Fungi	1178	False
P17482	Homo	Metazoa	250	False
P17483	Homo	Metazoa	251	False
P17486	Caenorhabditis	Metazoa	223	False
P17505	Saccharomyces cerevisiae	Fungi	334	False
P17509	Homo	Metazoa	224	False
P17535	Homo	Metazoa	347	False
P17540	Homo	Metazoa	419	False
P17544	Homo	Metazoa	483	False
P17564	Mus	Metazoa	657	False
P17568	Homo	Metazoa	137	False
P17605	Ovis	Metazoa	136	True
P17606	Sorghum	Plants	429	False
P17608	Schizosaccharomyces pombe	Fungi	201	False
P17610	Schizosaccharomyces pombe	Fungi	214	False
P17612	Homo	Metazoa	351	False
P17629	Saccharomyces cerevisiae	Fungi	752	False
P17655	Homo	Metazoa	700	False
P17658	Homo	Metazoa	529	False
P17659	Rattus	Metazoa	530	False
P17661	Homo	Metazoa	470	False
P17665	Mus	Metazoa	63	True
P17676	Homo	Metazoa	345	False
P17677	Homo	Metazoa	238	False
P17679	Mus	Metazoa	413	False
P17694	Bos	Metazoa	463	False
P17695	Saccharomyces cerevisiae	Fungi	143	False
P17706	Homo	Metazoa	415	False
P17710	Mus	Metazoa	974	False
P17712	Rattus	Metazoa	465	False
P17789	melanogaster subgroup	Metazoa	643	False
P17809	Mus	Metazoa	492	True
P17812	Homo	Metazoa	591	False
P17839	Arabidopsis	Plants	252	False
P17844	Homo	Metazoa	614	False
P17861	Homo	Metazoa	261	False
P17870	Bos	Metazoa	418	False
P17883	Saccharomyces cerevisiae	Fungi	1432	False
P17890	Saccharomyces cerevisiae	Fungi	251	False
P17898	Saccharomyces cerevisiae	Fungi	393	True
P17917	melanogaster subgroup	Metazoa	260	False
P17918	Mus	Metazoa	261	False
P17924	Gallus	Metazoa	560	False
P17931	Homo	Metazoa	250	False
P17947	Homo	Metazoa	270	False
P17955	Rattus	Metazoa	525	False
P17987	Homo	Metazoa	556	False
P18054	Homo	Metazoa	663	False
P18064	Arabidopsis	Plants	383	False
P18066	Canis lupus	Metazoa	215	False
P18074	Homo	Metazoa	760	False
P18089	Homo	Metazoa	450	True
P18090	Rattus	Metazoa	466	True
P18111	Mus	Metazoa	268	False
P18113	Rattus	Metazoa	461	False
P18115	Xenopus	Metazoa	418	False
P18117	Xenopus	Metazoa	373	False
P18146	Homo	Metazoa	543	False
P18155	Mus	Metazoa	350	False
P18239	Saccharomyces cerevisiae	Fungi	318	True
P18248	Xenopus	Metazoa	261	False
P18283	Homo	Metazoa	190	False
P18289	melanogaster subgroup	Metazoa	289	False
P18296	Schizosaccharomyces pombe	Fungi	1828	False
P18409	Saccharomyces cerevisiae	Fungi	493	False
P18410	Saccharomyces cerevisiae	Fungi	259	True
P18412	Saccharomyces cerevisiae	Fungi	486	False
P18431	melanogaster subgroup	Metazoa	514	False
P18434	Sus	Metazoa	290	True
P18480	Saccharomyces cerevisiae	Fungi	905	False
P18489	melanogaster subgroup	Metazoa	152	False
P18491	melanogaster subgroup	Metazoa	199	False
P18502	melanogaster subgroup	Metazoa	1286	True
P18576	Rattus	Metazoa	341	False
P18581	Mus	Metazoa	657	True
P18583	Homo	Metazoa	2426	False
P18588	Rattus	Metazoa	652	False
P18597	Oryctolagus	Metazoa	291	True
P18608	Mus	Metazoa	96	False
P18615	Homo	Metazoa	380	False
P18616	Arabidopsis	Plants	1839	False
P18754	Homo	Metazoa	421	False
P18762	Mus	Metazoa	418	True
P18824	melanogaster subgroup	Metazoa	843	False
P18825	Homo	Metazoa	462	True
P18846	Homo	Metazoa	271	False
P18847	Homo	Metazoa	181	False
P18848	Homo	Metazoa	351	False
P18850	Homo	Metazoa	670	False
P18858	Homo	Metazoa	919	False
P18859	Homo	Metazoa	108	False
P18872	Mus	Metazoa	354	False
P18886	Rattus	Metazoa	658	False
P18887	Homo	Metazoa	633	False
P18888	Saccharomyces cerevisiae	Fungi	332	False
P18894	Mus	Metazoa	345	False
P18901	Rattus	Metazoa	446	True
P18911	Mus	Metazoa	458	False
P19024	Rattus	Metazoa	602	False
P19075	Homo	Metazoa	237	True
P19145	Saccharomyces cerevisiae	Fungi	602	False
P19156	Sus	Metazoa	1034	False
P19212	Neurospora crassa	Fungi	1036	False
P19262	Saccharomyces cerevisiae	Fungi	463	False
P19263	Saccharomyces cerevisiae	Fungi	1082	False
P19327	Rattus	Metazoa	422	True
P19335	Rattus	Metazoa	242	False
P19338	Homo	Metazoa	710	False
P19339	melanogaster subgroup	Metazoa	354	False
P19357	Rattus	Metazoa	509	True
P19360	Rattus	Metazoa	260	False
P19367	Homo	Metazoa	917	False
P19387	Homo	Metazoa	275	False
P19388	Homo	Metazoa	210	False
P19397	Homo	Metazoa	219	True
P19414	Saccharomyces cerevisiae	Fungi	778	False
P19419	Homo	Metazoa	428	False
P19426	Mus	Metazoa	375	False
P19440	Homo	Metazoa	569	True
P19447	Homo	Metazoa	782	False
P19456	Arabidopsis	Plants	948	True
P19474	Homo	Metazoa	475	False
P19483	Bos	Metazoa	553	False
P19484	Homo	Metazoa	476	False
P19516	Saccharomyces cerevisiae	Fungi	300	True
P19517	Oryctolagus	Metazoa	524	False
P19518	Oryctolagus	Metazoa	222	True
P19525	Homo	Metazoa	551	False
P19532	Homo	Metazoa	575	False
P19538	melanogaster subgroup	Metazoa	1397	False
P19541	Saccharomyces cerevisiae	Fungi	446	False
P19544	Homo	Metazoa	449	False
P19619	Sus	Metazoa	346	False
P19622	Homo	Metazoa	333	False
P19634	Homo	Metazoa	815	False
P19643	Rattus	Metazoa	520	False
P19657	Saccharomyces cerevisiae	Fungi	947	False
P19659	Saccharomyces cerevisiae	Fungi	1081	False
P19736	Saccharomyces cerevisiae	Fungi	530	False
P19754	Bos	Metazoa	1134	True
P19783	Mus	Metazoa	169	False
P19787	Penicillium chrysogenum species complex	Fungi	3746	False
P19793	Homo	Metazoa	462	False
P19824	Chlamydomonas	Plants	375	False
P19826	Caenorhabditis	Metazoa	1090	False
P19836	Rattus	Metazoa	367	False
P19838	Homo	Metazoa	968	False
P19880	Saccharomyces cerevisiae	Fungi	650	False
P19882	Saccharomyces cerevisiae	Fungi	572	False
P19889	melanogaster subgroup	Metazoa	317	False
P19955	Saccharomyces cerevisiae	Fungi	123	False
P19973	Mus	Metazoa	330	False
P19974	Caenorhabditis	Metazoa	111	False
P19976	Glycine subgen. Soja	Plants	250	False
P20020	Homo	Metazoa	1220	False
P20050	Saccharomyces cerevisiae	Fungi	605	False
P20052	Saccharomyces cerevisiae	Fungi	293	False
P20067	Mus	Metazoa	168	False
P20070	Rattus	Metazoa	301	False
P20081	Saccharomyces cerevisiae	Fungi	114	False
P20095	Saccharomyces cerevisiae	Fungi	876	False
P20108	Mus	Metazoa	257	False
P20115	Arabidopsis	Plants	474	False
P20134	Saccharomyces cerevisiae	Fungi	766	False
P20152	Mus	Metazoa	466	False
P20153	melanogaster subgroup	Metazoa	508	False
P20154	Caenorhabditis	Metazoa	405	False
P20171	Rattus	Metazoa	189	False
P20192	Sus	Metazoa	734	False
P20226	Homo	Metazoa	339	False
P20240	melanogaster subgroup	Metazoa	424	False
P20248	Homo	Metazoa	432	False
P20263	Mus	Metazoa	352	False
P20264	Homo	Metazoa	500	False
P20265	Homo	Metazoa	443	False
P20271	Caenorhabditis	Metazoa	351	False
P20290	Homo	Metazoa	206	False
P20292	Homo	Metazoa	161	True
P20293	Mus	Metazoa	436	False
P20309	Homo	Metazoa	590	True
P20339	Homo	Metazoa	215	False
P20353	melanogaster subgroup	Metazoa	355	False
P20398	Xenopus	Metazoa	591	False
P20428	Rattus	Metazoa	287	False
P20433	Saccharomyces cerevisiae	Fungi	221	False
P20434	Saccharomyces cerevisiae	Fungi	215	False
P20435	Saccharomyces cerevisiae	Fungi	155	False
P20436	Saccharomyces cerevisiae	Fungi	146	False
P20444	Mus	Metazoa	672	False
P20447	Saccharomyces cerevisiae	Fungi	523	False
P20448	Saccharomyces cerevisiae	Fungi	770	False
P20449	Saccharomyces cerevisiae	Fungi	482	False
P20477	melanogaster subgroup	Metazoa	399	False
P20484	Saccharomyces cerevisiae	Fungi	414	False
P20591	Homo	Metazoa	662	False
P20592	Homo	Metazoa	715	False
P20618	Homo	Metazoa	241	False
P20648	Homo	Metazoa	1035	False
P20649	Arabidopsis	Plants	949	True
P20659	melanogaster subgroup	Metazoa	3726	False
P20671	Homo	Metazoa	130	False
P20674	Homo	Metazoa	150	False
P20676	Saccharomyces cerevisiae	Fungi	1076	False
P20700	Homo	Metazoa	586	False
P20719	Homo	Metazoa	270	False
P20749	Homo	Metazoa	454	False
P20772	Schizosaccharomyces pombe	Fungi	788	False
P20789	Rattus	Metazoa	424	True
P20794	Homo	Metazoa	623	False
P20807	Homo	Metazoa	821	False
P20823	Homo	Metazoa	631	False
P20839	Homo	Metazoa	514	False
P20911	Xenopus	Metazoa	352	False
P20941	Homo	Metazoa	246	False
P20967	Saccharomyces cerevisiae	Fungi	1014	False
P21127	Homo	Metazoa	795	False
P21135	Schizosaccharomyces pombe	Fungi	296	False
P21145	Homo	Metazoa	153	True
P21146	Bos	Metazoa	689	False
P21190	Saccharomyces cerevisiae	Fungi	360	False
P21192	Saccharomyces cerevisiae	Fungi	770	False
P21218	Arabidopsis	Plants	401	False
P21228	Emericella nidulans	Fungi	821	False
P21238	Arabidopsis	Plants	586	False
P21240	Arabidopsis	Plants	600	False
P21242	Saccharomyces cerevisiae	Fungi	288	False
P21243	Saccharomyces cerevisiae	Fungi	252	False
P21269	Saccharomyces cerevisiae	Fungi	546	False
P21276	Arabidopsis	Plants	212	False
P21279	Mus	Metazoa	359	False
P21281	Homo	Metazoa	511	False
P21291	Homo	Metazoa	193	False
P21359	Homo	Metazoa	2839	False
P21372	Saccharomyces cerevisiae	Fungi	849	False
P21374	Saccharomyces cerevisiae	Fungi	235	False
P21375	Saccharomyces cerevisiae	Fungi	501	False
P21396	Rattus	Metazoa	526	False
P21399	Homo	Metazoa	889	False
P21439	Homo	Metazoa	1286	True
P21440	Mus	Metazoa	1276	True
P21447	Mus	Metazoa	1276	True
P21452	Homo	Metazoa	398	True
P21453	Homo	Metazoa	382	True
P21461	melanogaster subgroup	Metazoa	314	False
P21462	Homo	Metazoa	350	True
P21525	melanogaster subgroup	Metazoa	755	False
P21528	Lathyrus	Plants	441	False
P21549	Homo	Metazoa	392	False
P21554	Homo	Metazoa	472	False
P21560	Saccharomyces cerevisiae	Fungi	335	False
P21571	Rattus	Metazoa	108	False
P21580	Homo	Metazoa	790	False
P21592	Saccharomyces cerevisiae	Fungi	462	False
P21619	Mus	Metazoa	596	False
P21651	Saccharomyces cerevisiae	Fungi	314	False
P21675	Homo	Metazoa	1893	False
P21691	Saccharomyces cerevisiae	Fungi	654	False
P21708	Rattus	Metazoa	380	False
P21728	Homo	Metazoa	446	True
P21729	Mus	Metazoa	384	True
P21730	Homo	Metazoa	350	True
P21731	Homo	Metazoa	343	True
P21757	Homo	Metazoa	451	True
P21775	Rattus	Metazoa	434	False
P21784	Mus	Metazoa	527	False
P21796	Homo	Metazoa	283	True
P21801	Saccharomyces cerevisiae	Fungi	266	False
P21826	Saccharomyces cerevisiae	Fungi	554	False
P21827	Saccharomyces cerevisiae	Fungi	482	False
P21912	Homo	Metazoa	280	False
P21917	Homo	Metazoa	419	True
P21918	Homo	Metazoa	477	True
P21926	Homo	Metazoa	228	True
P21932	Rattus	Metazoa	1144	True
P21951	Saccharomyces cerevisiae	Fungi	2222	False
P21952	Mus	Metazoa	449	False
P21954	Saccharomyces cerevisiae	Fungi	428	False
P21957	Saccharomyces cerevisiae	Fungi	404	False
P21964	Homo	Metazoa	271	True
P21980	Homo	Metazoa	687	False
P21981	Mus	Metazoa	686	False
P22001	Homo	Metazoa	575	False
P22002	Rattus	Metazoa	2169	False
P22027	Bos	Metazoa	200	False
P22033	Homo	Metazoa	750	False
P22059	Homo	Metazoa	807	False
P22061	Homo	Metazoa	227	False
P22068	Schizosaccharomyces pombe	Fungi	525	False
P22071	Rattus	Metazoa	373	False
P22082	Saccharomyces cerevisiae	Fungi	1703	False
P22087	Homo	Metazoa	321	False
P22091	Mus	Metazoa	329	False
P22108	Saccharomyces cerevisiae	Fungi	325	False
P22138	Saccharomyces cerevisiae	Fungi	1203	False
P22139	Saccharomyces cerevisiae	Fungi	70	False
P22141	Saccharomyces cerevisiae	Fungi	198	False
P22148	Saccharomyces cerevisiae	Fungi	382	False
P22185	Sauromatum	Plants	349	False
P22194	Schizosaccharomyces pombe	Fungi	332	False
P22204	Saccharomyces cerevisiae	Fungi	572	False
P22216	Saccharomyces cerevisiae	Fungi	821	False
P22217	Saccharomyces cerevisiae	Fungi	103	False
P22221	Flaveria	Plants	953	False
P22224	Saccharomyces cerevisiae	Fungi	910	False
P22227	Mus	Metazoa	288	False
P22265	melanogaster subgroup	Metazoa	954	False
P22276	Saccharomyces cerevisiae	Fungi	1149	False
P22289	Saccharomyces cerevisiae	Fungi	66	True
P22293	melanogaster subgroup	Metazoa	1325	False
P22307	Homo	Metazoa	547	False
P22314	Homo	Metazoa	1058	False
P22315	Mus	Metazoa	422	False
P22336	Saccharomyces cerevisiae	Fungi	621	False
P22337	Ricinus	Plants	396	False
P22361	Mus	Metazoa	628	False
P22392	Homo	Metazoa	152	False
P22411	Sus	Metazoa	766	True
P22413	Homo	Metazoa	925	True
P22414	Candida	Fungi	906	False
P22415	Homo	Metazoa	310	False
P22449	Rattus	Metazoa	474	False
P22459	Homo	Metazoa	653	False
P22460	Homo	Metazoa	613	False
P22462	Rattus	Metazoa	638	False
P22469	melanogaster subgroup	Metazoa	90	False
P22509	Rattus	Metazoa	327	False
P22515	Saccharomyces cerevisiae	Fungi	1024	False
P22516	Saccharomyces cerevisiae	Fungi	861	False
P22518	Mus	Metazoa	483	False
P22557	Homo	Metazoa	587	False
P22561	Mus	Metazoa	449	False
P22570	Homo	Metazoa	491	False
P22572	Neurospora crassa	Fungi	453	False
P22579	Saccharomyces cerevisiae	Fungi	1536	False
P22626	Homo	Metazoa	353	False
P22666	Chlamydomonas	Plants	88	True
P22670	Homo	Metazoa	979	False
P22674	Homo	Metazoa	350	False
P22681	Homo	Metazoa	906	False
P22694	Homo	Metazoa	351	False
P22696	Saccharomyces cerevisiae	Fungi	170	False
P22717	Rattus	Metazoa	742	False
P22732	Homo	Metazoa	501	True
P22734	Rattus	Metazoa	264	True
P22735	Homo	Metazoa	817	False
P22736	Homo	Metazoa	598	False
P22739	Xenopus	Metazoa	499	False
P22789	Rattus	Metazoa	284	False
P22803	Saccharomyces cerevisiae	Fungi	104	False
P22812	melanogaster subgroup	Metazoa	462	False
P22813	melanogaster subgroup	Metazoa	691	False
P22814	melanogaster subgroup	Metazoa	510	False
P22844	Xenopus	Metazoa	196	False
P22893	Mus	Metazoa	319	False
P22907	Mus	Metazoa	361	False
P22936	Saccharomyces cerevisiae	Fungi	367	False
P22953	Arabidopsis	Plants	651	False
P22954	Arabidopsis	Plants	653	False
P22980	Caenorhabditis	Metazoa	324	False
P22981	Caenorhabditis	Metazoa	184	False
P22985	Rattus	Metazoa	1331	False
P23023	melanogaster subgroup	Metazoa	549	False
P23025	Homo	Metazoa	273	False
P23116	Mus	Metazoa	1344	False
P23179	Saccharomyces cerevisiae	Fungi	398	False
P23193	Homo	Metazoa	301	False
P23196	Bos	Metazoa	318	False
P23198	Mus	Metazoa	183	False
P23204	Mus	Metazoa	468	False
P23242	Mus	Metazoa	382	True
P23246	Homo	Metazoa	707	False
P23249	Mus	Metazoa	1004	False
P23255	Saccharomyces cerevisiae	Fungi	1407	False
P23276	Homo	Metazoa	732	True
P23291	Saccharomyces cerevisiae	Fungi	538	False
P23292	Saccharomyces cerevisiae	Fungi	546	False
P23293	Saccharomyces cerevisiae	Fungi	657	False
P23321	Arabidopsis	Plants	332	False
P23347	Rattus	Metazoa	1234	False
P23348	Rattus	Metazoa	1227	False
P23368	Homo	Metazoa	584	False
P23378	Homo	Metazoa	1020	False
P23394	Saccharomyces cerevisiae	Fungi	588	False
P23396	Homo	Metazoa	243	False
P23409	Homo	Metazoa	242	False
P23434	Homo	Metazoa	173	False
P23443	Homo	Metazoa	525	False
P23490	Homo	Metazoa	312	False
P23492	Mus	Metazoa	289	False
P23497	Homo	Metazoa	879	False
P23503	Saccharomyces cerevisiae	Fungi	491	False
P23506	Mus	Metazoa	227	False
P23508	Homo	Metazoa	829	False
P23509	Solanum	Plants	521	False
P23511	Homo	Metazoa	347	False
P23512	Rattus	Metazoa	466	False
P23526	Homo	Metazoa	432	False
P23527	Homo	Metazoa	126	False
P23528	Homo	Metazoa	166	False
P23542	Saccharomyces cerevisiae	Fungi	418	False
P23566	Schizosaccharomyces pombe	Fungi	151	False
P23589	Mus	Metazoa	299	False
P23610	Homo	Metazoa	371	False
P23611	Mus	Metazoa	424	False
P23615	Saccharomyces cerevisiae	Fungi	1451	False
P23634	Homo	Metazoa	1241	False
P23638	Saccharomyces cerevisiae	Fungi	258	False
P23639	Saccharomyces cerevisiae	Fungi	250	False
P23644	Saccharomyces cerevisiae	Fungi	387	False
P23708	Mus	Metazoa	346	False
P23724	Saccharomyces cerevisiae	Fungi	241	False
P23739	Rattus	Metazoa	1841	True
P23743	Homo	Metazoa	735	False
P23758	melanogaster subgroup	Metazoa	425	False
P23760	Homo	Metazoa	479	False
P23763	Homo	Metazoa	118	False
P23769	Homo	Metazoa	480	False
P23771	Homo	Metazoa	443	False
P23772	Mus	Metazoa	443	False
P23786	Homo	Metazoa	658	False
P23787	Xenopus	Metazoa	805	False
P23791	Oryctolagus	Metazoa	816	False
P23798	Mus	Metazoa	342	False
P23804	Mus	Metazoa	489	False
P23833	Saccharomyces cerevisiae	Fungi	295	True
P23899	Rattus	Metazoa	557	False
P23913	Gallus	Metazoa	637	False
P23949	Mus	Metazoa	484	False
P23950	Mus	Metazoa	338	False
P23965	Rattus	Metazoa	289	False
P23975	Homo	Metazoa	617	True
P23978	Rattus	Metazoa	599	True
P24004	Saccharomyces cerevisiae	Fungi	1043	False
P24100	Arabidopsis	Plants	294	False
P24270	Mus	Metazoa	527	False
P24278	Homo	Metazoa	435	False
P24279	Saccharomyces cerevisiae	Fungi	971	False
P24309	Saccharomyces cerevisiae	Fungi	405	False
P24311	Homo	Metazoa	80	True
P24329	Rattus	Metazoa	297	False
P24345	Zea	Plants	359	False
P24349	Caenorhabditis	Metazoa	1201	False
P24350	melanogaster subgroup	Metazoa	396	False
P24384	Saccharomyces cerevisiae	Fungi	1145	False
P24385	Homo	Metazoa	295	False
P24386	Homo	Metazoa	653	False
P24389	Rattus	Metazoa	257	True
P24452	Mus	Metazoa	352	False
P24468	Homo	Metazoa	414	False
P24473	Rattus	Metazoa	226	False
P24482	Saccharomyces cerevisiae	Fungi	689	False
P24522	Homo	Metazoa	165	False
P24539	Homo	Metazoa	256	False
P24549	Mus	Metazoa	501	False
P24604	Mus	Metazoa	630	False
P24699	Mus	Metazoa	255	False
P24704	Arabidopsis	Plants	152	False
P24752	Homo	Metazoa	427	False
P24783	Saccharomyces cerevisiae	Fungi	546	False
P24785	melanogaster subgroup	Metazoa	1293	False
P24788	Mus	Metazoa	784	False
P24813	Saccharomyces cerevisiae	Fungi	409	False
P24815	Mus	Metazoa	373	False
P24860	Mus	Metazoa	430	False
P24864	Homo	Metazoa	410	False
P24867	Saccharomyces cerevisiae	Fungi	279	False
P24898	Rattus	Metazoa	344	False
P24928	Homo	Metazoa	1970	False
P24941	Homo	Metazoa	298	False
P24942	Rattus	Metazoa	543	True
P25008	melanogaster subgroup	Metazoa	267	False
P25021	Homo	Metazoa	359	True
P25024	Homo	Metazoa	350	True
P25025	Homo	Metazoa	360	True
P25028	melanogaster subgroup	Metazoa	696	False
P25040	Saccharomyces cerevisiae	Fungi	408	False
P25042	Saccharomyces cerevisiae	Fungi	368	False
P25043	Saccharomyces cerevisiae	Fungi	261	False
P25046	Saccharomyces cerevisiae	Fungi	220	False
P25054	Homo	Metazoa	2843	False
P25087	Saccharomyces cerevisiae	Fungi	383	False
P25089	Homo	Metazoa	353	True
P25090	Homo	Metazoa	351	True
P25098	Homo	Metazoa	689	False
P25100	Homo	Metazoa	572	False
P25103	Homo	Metazoa	407	True
P25105	Homo	Metazoa	342	True
P25106	Homo	Metazoa	362	True
P25122	Rattus	Metazoa	585	False
P25171	melanogaster subgroup	Metazoa	547	False
P25208	Homo	Metazoa	207	False
P25233	Mus	Metazoa	325	False
P25293	Saccharomyces cerevisiae	Fungi	417	False
P25294	Saccharomyces cerevisiae	Fungi	352	False
P25297	Saccharomyces cerevisiae	Fungi	587	True
P25298	Saccharomyces cerevisiae	Fungi	677	False
P25299	Saccharomyces cerevisiae	Fungi	296	False
P25304	Rattus	Metazoa	1959	True
P25322	Mus	Metazoa	295	False
P25336	Saccharomyces cerevisiae	Fungi	1018	False
P25346	Saccharomyces cerevisiae	Fungi	518	True
P25348	Saccharomyces cerevisiae	Fungi	183	False
P25349	Saccharomyces cerevisiae	Fungi	247	False
P25359	Saccharomyces cerevisiae	Fungi	394	False
P25360	Saccharomyces cerevisiae	Fungi	923	False
P25364	Saccharomyces cerevisiae	Fungi	564	False
P25368	Saccharomyces cerevisiae	Fungi	297	False
P25373	Saccharomyces cerevisiae	Fungi	110	False
P25374	Saccharomyces cerevisiae	Fungi	497	False
P25378	Saccharomyces cerevisiae	Fungi	209	False
P25382	Saccharomyces cerevisiae	Fungi	515	False
P25398	Homo	Metazoa	132	False
P25425	Mus	Metazoa	770	False
P25439	melanogaster subgroup	Metazoa	1638	False
P25440	Homo	Metazoa	801	False
P25441	Saccharomyces cerevisiae	Fungi	422	False
P25443	Saccharomyces cerevisiae	Fungi	254	False
P25451	Saccharomyces cerevisiae	Fungi	205	False
P25453	Saccharomyces cerevisiae	Fungi	334	False
P25454	Saccharomyces cerevisiae	Fungi	400	False
P25490	Homo	Metazoa	414	False
P25500	Bos	Metazoa	739	False
P25502	Saccharomyces cerevisiae	Fungi	979	False
P25555	Saccharomyces cerevisiae	Fungi	427	False
P25569	Saccharomyces cerevisiae	Fungi	745	False
P25573	Saccharomyces cerevisiae	Fungi	417	True
P25576	Saccharomyces cerevisiae	Fungi	258	False
P25582	Saccharomyces cerevisiae	Fungi	841	False
P25583	Saccharomyces cerevisiae	Fungi	335	False
P25586	Saccharomyces cerevisiae	Fungi	316	False
P25588	Saccharomyces cerevisiae	Fungi	1096	False
P25613	Saccharomyces cerevisiae	Fungi	283	True
P25615	Saccharomyces cerevisiae	Fungi	582	False
P25618	Saccharomyces cerevisiae	Fungi	953	True
P25627	Saccharomyces cerevisiae	Fungi	275	False
P25635	Saccharomyces cerevisiae	Fungi	923	False
P25637	Saccharomyces cerevisiae	Fungi	258	False
P25644	Saccharomyces cerevisiae	Fungi	796	False
P25646	Saccharomyces cerevisiae	Fungi	442	False
P25651	Saccharomyces cerevisiae	Fungi	190	False
P25655	Saccharomyces cerevisiae	Fungi	2108	False
P25685	Homo	Metazoa	340	False
P25686	Homo	Metazoa	324	False
P25688	Mus	Metazoa	303	False
P25693	Saccharomyces cerevisiae	Fungi	308	False
P25694	Saccharomyces cerevisiae	Fungi	835	False
P25696	Arabidopsis	Plants	444	False
P25697	Arabidopsis	Plants	395	False
P25705	Homo	Metazoa	553	False
P25708	Bos	Metazoa	464	False
P25719	Saccharomyces cerevisiae	Fungi	182	False
P25786	Homo	Metazoa	263	False
P25787	Homo	Metazoa	234	False
P25788	Homo	Metazoa	255	False
P25789	Homo	Metazoa	261	False
P25799	Mus	Metazoa	971	False
P25801	Mus	Metazoa	158	False
P25808	Saccharomyces cerevisiae	Fungi	606	False
P25809	Rattus	Metazoa	418	False
P25815	Homo	Metazoa	95	False
P25819	Arabidopsis	Plants	492	False
P25846	Saccharomyces cerevisiae	Fungi	959	False
P25847	Saccharomyces cerevisiae	Fungi	964	False
P25856	Arabidopsis	Plants	396	False
P25858	Arabidopsis	Plants	338	False
P25859	Arabidopsis	Plants	309	False
P25929	Homo	Metazoa	384	True
P25932	melanogaster subgroup	Metazoa	470	False
P25963	Homo	Metazoa	317	False
P25976	Mus	Metazoa	765	False
P25992	melanogaster subgroup	Metazoa	1002	False
P26017	melanogaster subgroup	Metazoa	390	False
P26019	melanogaster subgroup	Metazoa	1488	False
P26038	Homo	Metazoa	577	False
P26041	Mus	Metazoa	577	False
P26043	Mus	Metazoa	583	False
P26045	Homo	Metazoa	913	False
P26150	Mus	Metazoa	373	False
P26188	Saccharomyces cerevisiae	Fungi	188	False
P26196	Homo	Metazoa	483	False
P26231	Mus	Metazoa	906	False
P26232	Homo	Metazoa	953	False
P26233	Xenopus	Metazoa	781	False
P26284	Rattus	Metazoa	390	False
P26309	Saccharomyces cerevisiae	Fungi	610	False
P26321	Saccharomyces cerevisiae	Fungi	297	False
P26350	Mus	Metazoa	111	False
P26358	Homo	Metazoa	1616	False
P26361	Mus	Metazoa	1476	True
P26362	Squalus	Metazoa	1492	True
P26364	Saccharomyces cerevisiae	Fungi	225	False
P26368	Homo	Metazoa	475	False
P26369	Mus	Metazoa	475	False
P26374	Homo	Metazoa	656	False
P26431	Rattus	Metazoa	820	False
P26434	Rattus	Metazoa	717	False
P26439	Homo	Metazoa	372	False
P26447	Homo	Metazoa	101	False
P26449	Saccharomyces cerevisiae	Fungi	341	False
P26526	Chlamydomonas	Plants	508	False
P26583	Homo	Metazoa	209	False
P26599	Homo	Metazoa	557	False
P26645	Mus	Metazoa	309	False
P26651	Homo	Metazoa	326	False
P26659	Schizosaccharomyces pombe	Fungi	772	False
P26686	melanogaster subgroup	Metazoa	350	False
P26687	Mus	Metazoa	206	False
P26715	Homo	Metazoa	233	True
P26717	Homo	Metazoa	231	True
P26718	Homo	Metazoa	216	True
P26754	Saccharomyces cerevisiae	Fungi	273	False
P26755	Saccharomyces cerevisiae	Fungi	122	False
P26769	Rattus	Metazoa	1090	True
P26770	Rattus	Metazoa	1064	True
P26786	Saccharomyces cerevisiae	Fungi	190	False
P26793	Saccharomyces cerevisiae	Fungi	382	False
P26969	Lathyrus	Plants	1057	False
P27048	Mus	Metazoa	231	False
P27064	Cucumis	Plants	475	False
P27105	Homo	Metazoa	288	False
P27112	Oryctolagus	Metazoa	1035	False
P27124	Oryctolagus	Metazoa	458	False
P27140	Arabidopsis	Plants	347	False
P27144	Homo	Metazoa	223	False
P27216	Homo	Metazoa	316	False
P27338	Homo	Metazoa	520	False
P27351	Saccharomyces cerevisiae	Fungi	700	False
P27361	Homo	Metazoa	379	False
P27364	Rattus	Metazoa	373	False
P27448	Homo	Metazoa	753	False
P27450	Arabidopsis	Plants	419	False
P27469	Homo	Metazoa	103	False
P27472	Saccharomyces cerevisiae	Fungi	705	False
P27476	Saccharomyces cerevisiae	Fungi	414	False
P27487	Homo	Metazoa	766	True
P27515	Saccharomyces cerevisiae	Fungi	501	False
P27521	Arabidopsis	Plants	251	False
P27600	Mus	Metazoa	379	False
P27601	Mus	Metazoa	377	False
P27612	Mus	Metazoa	794	False
P27638	Schizosaccharomyces pombe	Fungi	372	False
P27661	Mus	Metazoa	143	False
P27680	Saccharomyces cerevisiae	Fungi	312	False
P27692	Saccharomyces cerevisiae	Fungi	1063	False
P27694	Homo	Metazoa	616	False
P27695	Homo	Metazoa	318	False
P27697	Saccharomyces cerevisiae	Fungi	501	False
P27699	Mus	Metazoa	357	False
P27701	Homo	Metazoa	267	True
P27705	Saccharomyces cerevisiae	Fungi	504	False
P27707	Homo	Metazoa	260	False
P27708	Homo	Metazoa	2225	False
P27716	melanogaster subgroup	Metazoa	362	True
P27782	Mus	Metazoa	397	False
P27787	Zea	Plants	150	False
P27796	Saccharomyces cerevisiae	Fungi	417	False
P27815	Homo	Metazoa	886	False
P27864	melanogaster subgroup	Metazoa	679	False
P27882	Saccharomyces cerevisiae	Fungi	189	False
P27889	Mus	Metazoa	558	False
P27895	Saccharomyces cerevisiae	Fungi	1000	False
P27900	Arabidopsis	Plants	228	False
P27925	Bos	Metazoa	325	False
P28000	Saccharomyces cerevisiae	Fungi	142	False
P28004	Saccharomyces cerevisiae	Fungi	379	False
P28005	Saccharomyces cerevisiae	Fungi	173	False
P28007	Saccharomyces cerevisiae	Fungi	205	False
P28033	Mus	Metazoa	296	False
P28037	Rattus	Metazoa	902	False
P28040	Schizosaccharomyces pombe	Fungi	1405	False
P28066	Homo	Metazoa	241	False
P28069	Homo	Metazoa	291	False
P28070	Homo	Metazoa	264	False
P28072	Homo	Metazoa	239	False
P28074	Homo	Metazoa	263	False
P28159	melanogaster subgroup	Metazoa	594	False
P28178	Dictyostelium	Other	479	False
P28221	Homo	Metazoa	377	True
P28222	Homo	Metazoa	390	True
P28223	Homo	Metazoa	471	True
P28230	Mus	Metazoa	283	True
P28231	Mus	Metazoa	270	True
P28234	Rattus	Metazoa	356	True
P28236	Mus	Metazoa	440	True
P28241	Saccharomyces cerevisiae	Fungi	369	False
P28288	Homo	Metazoa	659	True
P28320	Saccharomyces cerevisiae	Fungi	278	False
P28321	Saccharomyces cerevisiae	Fungi	313	False
P28324	Homo	Metazoa	431	False
P28328	Homo	Metazoa	305	True
P28340	Homo	Metazoa	1107	False
P28347	Homo	Metazoa	426	False
P28352	Mus	Metazoa	317	False
P28356	Homo	Metazoa	352	False
P28358	Homo	Metazoa	340	False
P28359	Mus	Metazoa	340	False
P28370	Homo	Metazoa	1042	False
P28482	Homo	Metazoa	360	False
P28515	Caenorhabditis	Metazoa	416	False
P28519	Saccharomyces cerevisiae	Fungi	371	False
P28566	Homo	Metazoa	365	True
P28570	Rattus	Metazoa	635	True
P28572	Rattus	Metazoa	638	True
P28574	Mus	Metazoa	160	False
P28648	Rattus	Metazoa	238	True
P28656	Mus	Metazoa	391	False
P28659	Mus	Metazoa	486	False
P28660	Mus	Metazoa	1128	False
P28661	Mus	Metazoa	478	False
P28698	Homo	Metazoa	734	False
P28700	Mus	Metazoa	467	False
P28702	Homo	Metazoa	533	False
P28715	Homo	Metazoa	1186	False
P28737	Saccharomyces cerevisiae	Fungi	362	True
P28745	Schizosaccharomyces pombe	Fungi	539	False
P28776	Mus	Metazoa	407	False
P28795	Saccharomyces cerevisiae	Fungi	441	True
P28829	Schizosaccharomyces pombe	Fungi	659	False
P28834	Saccharomyces cerevisiae	Fungi	360	False
P28843	Mus	Metazoa	760	True
P28907	Homo	Metazoa	300	True
P29033	Homo	Metazoa	226	True
P29036	Zea	Plants	254	False
P29055	Saccharomyces cerevisiae	Fungi	345	False
P29056	Saccharomyces cerevisiae	Fungi	596	False
P29066	Rattus	Metazoa	418	False
P29067	Rattus	Metazoa	410	False
P29074	Homo	Metazoa	926	False
P29083	Homo	Metazoa	439	False
P29084	Homo	Metazoa	291	False
P29117	Rattus	Metazoa	206	False
P29144	Homo	Metazoa	1249	False
P29147	Rattus	Metazoa	343	False
P29172	Bos	Metazoa	448	False
P29197	Arabidopsis	Plants	577	False
P29275	Homo	Metazoa	332	True
P29276	Rattus	Metazoa	332	True
P29295	Saccharomyces cerevisiae	Fungi	494	False
P29340	Saccharomyces cerevisiae	Fungi	183	False
P29350	Homo	Metazoa	595	False
P29353	Homo	Metazoa	583	False
P29355	Caenorhabditis	Metazoa	228	False
P29371	Homo	Metazoa	465	True
P29372	Homo	Metazoa	298	False
P29373	Homo	Metazoa	138	False
P29374	Homo	Metazoa	1257	False
P29375	Homo	Metazoa	1690	False
P29381	Arabidopsis	Plants	248	False
P29382	Arabidopsis	Plants	251	False
P29383	Arabidopsis	Plants	258	False
P29385	Arabidopsis	Plants	246	False
P29390	Zea	Plants	252	False
P29414	Rattus	Metazoa	416	True
P29458	Schizosaccharomyces pombe	Fungi	911	False
P29461	Saccharomyces cerevisiae	Fungi	750	False
P29465	Saccharomyces cerevisiae	Fungi	1165	False
P29466	Homo	Metazoa	404	False
P29468	Saccharomyces cerevisiae	Fungi	568	False
P29469	Saccharomyces cerevisiae	Fungi	868	False
P29473	Bos	Metazoa	1205	False
P29474	Homo	Metazoa	1203	False
P29496	Saccharomyces cerevisiae	Fungi	775	False
P29509	Saccharomyces cerevisiae	Fungi	319	False
P29539	Saccharomyces cerevisiae	Fungi	1916	False
P29547	Saccharomyces cerevisiae	Fungi	415	False
P29549	Sterkiella	Other	495	False
P29558	Homo	Metazoa	406	False
P29590	Homo	Metazoa	882	False
P29595	Mus	Metazoa	81	False
P29617	melanogaster subgroup	Metazoa	1703	False
P29620	Oryza sativa	Plants	424	False
P29673	melanogaster subgroup	Metazoa	469	False
P29674	Xenopus	Metazoa	403	False
P29692	Homo	Metazoa	281	False
P29747	melanogaster subgroup	Metazoa	516	False
P29965	Homo	Metazoa	261	True
P29966	Homo	Metazoa	332	False
P29972	Homo	Metazoa	269	True
P29973	Homo	Metazoa	686	False
P29975	Rattus	Metazoa	269	True
P30009	Rattus	Metazoa	309	False
P30038	Homo	Metazoa	563	False
P30044	Homo	Metazoa	214	False
P30047	Homo	Metazoa	84	False
P30048	Homo	Metazoa	256	False
P30049	Homo	Metazoa	168	False
P30052	melanogaster subgroup	Metazoa	440	False
P30084	Homo	Metazoa	290	False
P30085	Homo	Metazoa	196	False
P30100	Rattus	Metazoa	500	False
P30153	Homo	Metazoa	589	False
P30181	Arabidopsis	Plants	916	False
P30186	Arabidopsis	Plants	250	False
P30189	melanogaster subgroup	Metazoa	974	False
P30260	Homo	Metazoa	824	False
P30275	Mus	Metazoa	418	False
P30279	Homo	Metazoa	289	False
P30281	Homo	Metazoa	292	False
P30291	Homo	Metazoa	646	False
P30301	Homo	Metazoa	263	True
P30302	Arabidopsis	Plants	285	True
P30307	Homo	Metazoa	473	False
P30316	Schizosaccharomyces pombe	Fungi	1086	False
P30355	Mus	Metazoa	161	True
P30366	Arabidopsis	Plants	318	False
P30405	Homo	Metazoa	207	False
P30414	Homo	Metazoa	1462	False
P30416	Mus	Metazoa	458	False
P30419	Homo	Metazoa	496	False
P30429	Caenorhabditis	Metazoa	549	False
P30518	Homo	Metazoa	371	True
P30536	Homo	Metazoa	169	True
P30542	Homo	Metazoa	326	True
P30543	Rattus	Metazoa	410	True
P30550	Homo	Metazoa	384	True
P30551	Rattus	Metazoa	444	True
P30556	Homo	Metazoa	359	True
P30557	Mus	Metazoa	365	True
P30559	Homo	Metazoa	389	True
P30560	Rattus	Metazoa	424	True
P30561	Mus	Metazoa	848	False
P30605	Saccharomyces cerevisiae	Fungi	584	True
P30624	Saccharomyces cerevisiae	Fungi	700	False
P30625	Caenorhabditis	Metazoa	366	False
P30656	Saccharomyces cerevisiae	Fungi	287	False
P30657	Saccharomyces cerevisiae	Fungi	266	False
P30658	Mus	Metazoa	519	False
P30664	Xenopus	Metazoa	863	False
P30666	Schizosaccharomyces pombe	Fungi	879	False
P30680	Rattus	Metazoa	369	True
P30713	Rattus	Metazoa	244	False
P30729	Rattus	Metazoa	387	True
P30757	Sipunculus	Metazoa	123	False
P30776	Schizosaccharomyces pombe	Fungi	628	False
P30793	Homo	Metazoa	250	False
P30803	Canis lupus	Metazoa	1265	False
P30804	Canis lupus	Metazoa	1165	False
P30822	Saccharomyces cerevisiae	Fungi	1084	False
P30872	Homo	Metazoa	391	True
P30873	Mus	Metazoa	391	True
P30874	Homo	Metazoa	369	True
P30876	Homo	Metazoa	1174	False
P30902	Saccharomyces cerevisiae	Fungi	174	False
P30936	Rattus	Metazoa	428	True
P30937	Rattus	Metazoa	384	True
P30938	Rattus	Metazoa	363	True
P30939	Homo	Metazoa	366	True
P30952	Saccharomyces cerevisiae	Fungi	554	False
P30968	Homo	Metazoa	328	True
P30987	Mus	Metazoa	341	True
P30989	Homo	Metazoa	418	True
P30997	Gallus	Metazoa	906	False
P30999	Mus	Metazoa	938	False
P31000	Rattus	Metazoa	466	False
P31001	Mus	Metazoa	469	False
P31007	melanogaster subgroup	Metazoa	970	False
P31016	Rattus	Metazoa	724	False
P31023	Lathyrus	Plants	501	False
P31040	Homo	Metazoa	664	False
P31111	Saccharomyces cerevisiae	Fungi	875	False
P31115	Saccharomyces cerevisiae	Fungi	442	False
P31166	Arabidopsis	Plants	243	False
P31167	Arabidopsis	Plants	381	True
P31170	Arabidopsis	Plants	227	False
P31209	Schizosaccharomyces pombe	Fungi	653	False
P31228	Bos	Metazoa	341	False
P31244	Saccharomyces cerevisiae	Fungi	790	False
P31249	Homo	Metazoa	432	False
P31260	Homo	Metazoa	410	False
P31265	Arabidopsis	Plants	168	False
P31266	Mus	Metazoa	526	False
P31268	Homo	Metazoa	230	False
P31269	Homo	Metazoa	272	False
P31270	Homo	Metazoa	313	False
P31271	Homo	Metazoa	388	False
P31273	Homo	Metazoa	242	False
P31274	Homo	Metazoa	260	False
P31276	Homo	Metazoa	330	False
P31310	Mus	Metazoa	416	False
P31311	Mus	Metazoa	313	False
P31316	Mus	Metazoa	305	False
P31321	Homo	Metazoa	381	False
P31323	Homo	Metazoa	418	False
P31327	Homo	Metazoa	1500	False
P31350	Homo	Metazoa	389	False
P31356	Todarodes	Metazoa	448	True
P31360	Mus	Metazoa	445	False
P31369	melanogaster subgroup	Metazoa	498	False
P31376	Saccharomyces cerevisiae	Fungi	625	False
P31378	Saccharomyces cerevisiae	Fungi	399	False
P31380	Saccharomyces cerevisiae	Fungi	1131	False
P31384	Saccharomyces cerevisiae	Fungi	837	False
P31385	Saccharomyces cerevisiae	Fungi	405	False
P31390	Rattus	Metazoa	486	True
P31391	Homo	Metazoa	388	True
P31414	Arabidopsis	Plants	770	True
P31483	Homo	Metazoa	386	False
P31539	Saccharomyces cerevisiae	Fungi	908	False
P31596	Rattus	Metazoa	573	True
P31597	Oryctolagus	Metazoa	524	True
P31629	Homo	Metazoa	2446	False
P31641	Homo	Metazoa	620	True
P31643	Rattus	Metazoa	621	True
P31645	Homo	Metazoa	630	True
P31646	Rattus	Metazoa	602	True
P31647	Rattus	Metazoa	627	True
P31649	Mus	Metazoa	602	True
P31651	Mus	Metazoa	614	True
P31652	Rattus	Metazoa	630	True
P31689	Homo	Metazoa	397	False
P31749	Homo	Metazoa	480	False
P31750	Mus	Metazoa	480	False
P31751	Homo	Metazoa	481	False
P31937	Homo	Metazoa	336	False
P31941	Homo	Metazoa	199	False
P31942	Homo	Metazoa	346	False
P31943	Homo	Metazoa	449	False
P31944	Homo	Metazoa	242	False
P31947	Homo	Metazoa	248	False
P31949	Homo	Metazoa	105	False
P32019	Homo	Metazoa	993	False
P32020	Mus	Metazoa	547	False
P32037	Mus	Metazoa	493	True
P32085	Caenorhabditis	Metazoa	340	False
P32089	Rattus	Metazoa	311	True
P32114	Mus	Metazoa	414	False
P32120	Bos	Metazoa	420	False
P32121	Homo	Metazoa	409	False
P32179	Saccharomyces cerevisiae	Fungi	357	False
P32182	Rattus	Metazoa	458	False
P32183	Rattus	Metazoa	354	False
P32189	Homo	Metazoa	559	False
P32198	Rattus	Metazoa	773	True
P32238	Homo	Metazoa	428	True
P32239	Homo	Metazoa	447	True
P32240	Mus	Metazoa	513	True
P32243	Homo	Metazoa	289	False
P32245	Homo	Metazoa	332	True
P32246	Homo	Metazoa	355	True
P32247	Homo	Metazoa	399	True
P32249	Homo	Metazoa	361	True
P32259	Saccharomyces cerevisiae	Fungi	974	False
P32260	Spinacia	Plants	383	False
P32266	Saccharomyces cerevisiae	Fungi	881	True
P32300	Mus	Metazoa	372	True
P32302	Homo	Metazoa	372	True
P32318	Saccharomyces cerevisiae	Fungi	326	False
P32322	Homo	Metazoa	319	False
P32333	Saccharomyces cerevisiae	Fungi	1867	False
P32335	Saccharomyces cerevisiae	Fungi	436	False
P32336	Saccharomyces cerevisiae	Fungi	851	False
P32337	Saccharomyces cerevisiae	Fungi	1089	False
P32338	Saccharomyces cerevisiae	Fungi	300	False
P32340	Saccharomyces cerevisiae	Fungi	513	False
P32344	Saccharomyces cerevisiae	Fungi	111	False
P32345	Saccharomyces cerevisiae	Fungi	308	False
P32347	Saccharomyces cerevisiae	Fungi	362	False
P32349	Saccharomyces cerevisiae	Fungi	654	False
P32354	Saccharomyces cerevisiae	Fungi	571	False
P32357	Saccharomyces cerevisiae	Fungi	355	False
P32367	Saccharomyces cerevisiae	Fungi	649	False
P32372	Schizosaccharomyces pombe	Fungi	648	False
P32379	Saccharomyces cerevisiae	Fungi	260	False
P32380	Saccharomyces cerevisiae	Fungi	944	False
P32389	Saccharomyces cerevisiae	Fungi	672	False
P32419	Saccharomyces cerevisiae	Fungi	343	False
P32432	Saccharomyces cerevisiae	Fungi	683	False
P32442	Mus	Metazoa	253	False
P32447	Saccharomyces cerevisiae	Fungi	279	False
P32454	Saccharomyces cerevisiae	Fungi	952	False
P32455	Homo	Metazoa	592	False
P32479	Saccharomyces cerevisiae	Fungi	840	False
P32480	Saccharomyces cerevisiae	Fungi	875	False
P32485	Saccharomyces cerevisiae	Fungi	435	False
P32490	Saccharomyces cerevisiae	Fungi	508	False
P32491	Saccharomyces cerevisiae	Fungi	506	False
P32494	Saccharomyces cerevisiae	Fungi	702	False
P32495	Saccharomyces cerevisiae	Fungi	156	False
P32499	Saccharomyces cerevisiae	Fungi	720	False
P32500	Saccharomyces cerevisiae	Fungi	655	True
P32504	Saccharomyces cerevisiae	Fungi	956	False
P32505	Saccharomyces cerevisiae	Fungi	525	False
P32519	Homo	Metazoa	619	False
P32521	Saccharomyces cerevisiae	Fungi	1480	False
P32524	Saccharomyces cerevisiae	Fungi	280	False
P32526	Saccharomyces cerevisiae	Fungi	644	False
P32529	Saccharomyces cerevisiae	Fungi	125	False
P32558	Saccharomyces cerevisiae	Fungi	1035	False
P32561	Saccharomyces cerevisiae	Fungi	433	False
P32566	Saccharomyces cerevisiae	Fungi	505	False
P32567	Saccharomyces cerevisiae	Fungi	862	False
P32569	Saccharomyces cerevisiae	Fungi	687	False
P32570	Saccharomyces cerevisiae	Fungi	121	False
P32573	Saccharomyces cerevisiae	Fungi	292	False
P32580	Saccharomyces cerevisiae	Fungi	737	False
P32584	Saccharomyces cerevisiae	Fungi	239	True
P32585	Saccharomyces cerevisiae	Fungi	307	False
P32588	Saccharomyces cerevisiae	Fungi	453	False
P32591	Saccharomyces cerevisiae	Fungi	825	False
P32597	Saccharomyces cerevisiae	Fungi	1359	False
P32598	Saccharomyces cerevisiae	Fungi	312	False
P32600	Saccharomyces cerevisiae	Fungi	2474	False
P32628	Saccharomyces cerevisiae	Fungi	398	False
P32657	Saccharomyces cerevisiae	Fungi	1468	False
P32660	Saccharomyces cerevisiae	Fungi	1571	False
P32754	Homo	Metazoa	393	False
P32767	Saccharomyces cerevisiae	Fungi	1081	False
P32771	Saccharomyces cerevisiae	Fungi	386	False
P32773	Saccharomyces cerevisiae	Fungi	286	False
P32774	Saccharomyces cerevisiae	Fungi	122	False
P32776	Saccharomyces cerevisiae	Fungi	642	False
P32780	Homo	Metazoa	548	False
P32783	Saccharomyces cerevisiae	Fungi	436	False
P32790	Saccharomyces cerevisiae	Fungi	1244	False
P32795	Saccharomyces cerevisiae	Fungi	747	False
P32796	Saccharomyces cerevisiae	Fungi	670	False
P32799	Saccharomyces cerevisiae	Fungi	129	True
P32800	Saccharomyces cerevisiae	Fungi	271	True
P32807	Saccharomyces cerevisiae	Fungi	602	False
P32828	Saccharomyces cerevisiae	Fungi	619	False
P32829	Saccharomyces cerevisiae	Fungi	692	False
P32830	Saccharomyces cerevisiae	Fungi	109	False
P32832	Saccharomyces cerevisiae	Fungi	435	False
P32833	Saccharomyces cerevisiae	Fungi	620	False
P32835	Saccharomyces cerevisiae	Fungi	219	False
P32839	Saccharomyces cerevisiae	Fungi	456	True
P32849	Saccharomyces cerevisiae	Fungi	1169	False
P32851	Rattus	Metazoa	288	False
P32855	Saccharomyces cerevisiae	Fungi	1065	False
P32860	Saccharomyces cerevisiae	Fungi	256	False
P32862	Saccharomyces cerevisiae	Fungi	1170	False
P32863	Saccharomyces cerevisiae	Fungi	898	False
P32874	Saccharomyces cerevisiae	Fungi	2273	False
P32876	Bos	Metazoa	136	True
P32892	Saccharomyces cerevisiae	Fungi	752	False
P32897	Saccharomyces cerevisiae	Fungi	222	True
P32898	Saccharomyces cerevisiae	Fungi	989	False
P32899	Saccharomyces cerevisiae	Fungi	183	False
P32908	Saccharomyces cerevisiae	Fungi	1225	False
P32910	Saccharomyces cerevisiae	Fungi	317	False
P32914	Saccharomyces cerevisiae	Fungi	102	False
P32944	Saccharomyces cerevisiae	Fungi	819	False
P32970	Homo	Metazoa	193	True
P33032	Homo	Metazoa	325	True
P33076	Homo	Metazoa	1130	False
P33077	Arabidopsis	Plants	186	False
P33174	Mus	Metazoa	1231	False
P33201	Saccharomyces cerevisiae	Fungi	236	False
P33203	Saccharomyces cerevisiae	Fungi	583	False
P33207	Arabidopsis	Plants	319	False
P33240	Homo	Metazoa	577	False
P33241	Homo	Metazoa	339	False
P33242	Mus	Metazoa	462	False
P33244	melanogaster subgroup	Metazoa	1027	False
P33292	Komagataella	Fungi	576	False
P33299	Saccharomyces cerevisiae	Fungi	467	False
P33301	Saccharomyces cerevisiae	Fungi	854	False
P33302	Saccharomyces cerevisiae	Fungi	1511	False
P33307	Saccharomyces cerevisiae	Fungi	960	False
P33308	Saccharomyces cerevisiae	Fungi	149	False
P33310	Saccharomyces cerevisiae	Fungi	695	False
P33316	Homo	Metazoa	252	False
P33322	Saccharomyces cerevisiae	Fungi	483	False
P33334	Saccharomyces cerevisiae	Fungi	2413	False
P33339	Saccharomyces cerevisiae	Fungi	1025	False
P33399	Saccharomyces cerevisiae	Fungi	275	False
P33400	Saccharomyces cerevisiae	Fungi	625	False
P33402	Homo	Metazoa	732	False
P33416	Saccharomyces cerevisiae	Fungi	811	False
P33418	Saccharomyces cerevisiae	Fungi	1100	False
P33419	Saccharomyces cerevisiae	Fungi	253	False
P33421	Saccharomyces cerevisiae	Fungi	198	False
P33441	Saccharomyces cerevisiae	Fungi	392	False
P33448	Saccharomyces cerevisiae	Fungi	61	True
P33527	Homo	Metazoa	1531	True
P33534	Mus	Metazoa	380	True
P33535	Rattus	Metazoa	398	True
P33611	Mus	Metazoa	600	False
P33748	Saccharomyces cerevisiae	Fungi	704	False
P33749	Saccharomyces cerevisiae	Fungi	630	False
P33751	Saccharomyces cerevisiae	Fungi	242	False
P33755	Saccharomyces cerevisiae	Fungi	580	False
P33760	Saccharomyces cerevisiae	Fungi	1030	False
P33778	Homo	Metazoa	126	False
P33893	Saccharomyces cerevisiae	Fungi	541	False
P33895	Saccharomyces cerevisiae	Fungi	451	False
P33897	Homo	Metazoa	745	False
P34021	melanogaster subgroup	Metazoa	878	False
P34077	Saccharomyces cerevisiae	Fungi	839	False
P34078	Saccharomyces cerevisiae	Fungi	463	False
P34080	Rattus	Metazoa	271	True
P34087	Saccharomyces cerevisiae	Fungi	171	False
P34093	Dictyostelium	Other	220	False
P34111	Saccharomyces cerevisiae	Fungi	1160	False
P34152	Mus	Metazoa	1052	False
P34158	Rattus	Metazoa	1476	True
P34160	Saccharomyces cerevisiae	Fungi	861	False
P34161	Saccharomyces cerevisiae	Fungi	385	False
P34162	Saccharomyces cerevisiae	Fungi	210	False
P34164	Saccharomyces cerevisiae	Fungi	415	False
P34213	Caenorhabditis	Metazoa	205	False
P34218	Saccharomyces cerevisiae	Fungi	831	False
P34221	Saccharomyces cerevisiae	Fungi	468	False
P34223	Saccharomyces cerevisiae	Fungi	423	False
P34225	Saccharomyces cerevisiae	Fungi	687	False
P34226	Saccharomyces cerevisiae	Fungi	696	False
P34227	Saccharomyces cerevisiae	Fungi	261	False
P34230	Saccharomyces cerevisiae	Fungi	853	False
P34233	Saccharomyces cerevisiae	Fungi	588	False
P34241	Saccharomyces cerevisiae	Fungi	1764	False
P34247	Saccharomyces cerevisiae	Fungi	250	False
P34260	Caenorhabditis	Metazoa	603	False
P34283	Caenorhabditis	Metazoa	442	False
P34314	Caenorhabditis	Metazoa	965	False
P34326	Caenorhabditis	Metazoa	187	False
P34331	Caenorhabditis	Metazoa	648	False
P34341	Caenorhabditis	Metazoa	821	False
P34440	Caenorhabditis	Metazoa	261	False
P34447	Caenorhabditis	Metazoa	867	False
P34470	Caenorhabditis	Metazoa	288	False
P34537	Caenorhabditis	Metazoa	837	False
P34556	Caenorhabditis	Metazoa	332	False
P34568	Caenorhabditis	Metazoa	451	False
P34619	Caenorhabditis	Metazoa	813	False
P34706	Caenorhabditis	Metazoa	2150	False
P34707	Caenorhabditis	Metazoa	623	False
P34708	Caenorhabditis	Metazoa	1110	False
P34730	Saccharomyces cerevisiae	Fungi	273	False
P34766	Caenorhabditis	Metazoa	270	False
P34791	Arabidopsis	Plants	260	False
P34802	Arabidopsis	Plants	371	False
P34815	Caenorhabditis	Metazoa	591	False
P34886	Caenorhabditis	Metazoa	724	False
P34896	Homo	Metazoa	483	False
P34897	Homo	Metazoa	504	False
P34909	Saccharomyces cerevisiae	Fungi	587	False
P34913	Homo	Metazoa	555	False
P34914	Mus	Metazoa	554	False
P34947	Homo	Metazoa	590	False
P34969	Homo	Metazoa	479	True
P34972	Homo	Metazoa	360	True
P34980	Rattus	Metazoa	365	True
P34981	Homo	Metazoa	398	True
P34982	Homo	Metazoa	312	True
P34995	Homo	Metazoa	402	True
P35001	Gallus	Metazoa	246	False
P35056	Saccharomyces cerevisiae	Fungi	612	False
P35064	Tetrahymena thermophila	Other	138	False
P35123	Mus	Metazoa	962	False
P35125	Homo	Metazoa	1406	False
P35129	Caenorhabditis	Metazoa	147	False
P35169	Saccharomyces cerevisiae	Fungi	2470	False
P35182	Saccharomyces cerevisiae	Fungi	281	False
P35183	Saccharomyces cerevisiae	Fungi	429	False
P35187	Saccharomyces cerevisiae	Fungi	1447	False
P35189	Saccharomyces cerevisiae	Fungi	244	False
P35192	Saccharomyces cerevisiae	Fungi	417	False
P35194	Saccharomyces cerevisiae	Fungi	2493	False
P35197	Saccharomyces cerevisiae	Fungi	352	False
P35200	Saccharomyces cerevisiae	Fungi	230	False
P35201	Saccharomyces cerevisiae	Fungi	549	False
P35203	Saccharomyces cerevisiae	Fungi	478	False
P35212	Homo	Metazoa	333	True
P35218	Homo	Metazoa	305	False
P35220	melanogaster subgroup	Metazoa	917	False
P35221	Homo	Metazoa	906	False
P35222	Homo	Metazoa	781	False
P35226	Homo	Metazoa	326	False
P35227	Homo	Metazoa	344	False
P35228	Homo	Metazoa	1153	False
P35232	Homo	Metazoa	272	False
P35233	Rattus	Metazoa	416	False
P35240	Homo	Metazoa	595	False
P35241	Homo	Metazoa	583	False
P35244	Homo	Metazoa	121	False
P35251	Homo	Metazoa	1148	False
P35269	Homo	Metazoa	517	False
P35288	Mus	Metazoa	237	False
P35290	Mus	Metazoa	203	False
P35293	Mus	Metazoa	206	False
P35346	Homo	Metazoa	364	True
P35348	Homo	Metazoa	466	True
P35363	Mus	Metazoa	471	True
P35367	Homo	Metazoa	487	True
P35368	Homo	Metazoa	520	True
P35372	Homo	Metazoa	400	True
P35374	Mus	Metazoa	363	True
P35383	Mus	Metazoa	373	True
P35396	Mus	Metazoa	440	False
P35398	Homo	Metazoa	523	False
P35408	Homo	Metazoa	488	True
P35413	Mus	Metazoa	330	True
P35414	Homo	Metazoa	380	True
P35428	Mus	Metazoa	282	False
P35434	Rattus	Metazoa	168	False
P35452	Homo	Metazoa	270	False
P35462	Homo	Metazoa	400	True
P35465	Rattus	Metazoa	544	False
P35486	Mus	Metazoa	390	False
P35498	Homo	Metazoa	2009	False
P35499	Homo	Metazoa	1836	False
P35520	Homo	Metazoa	551	False
P35523	Homo	Metazoa	988	False
P35524	Rattus	Metazoa	994	False
P35525	Rattus	Metazoa	907	False
P35548	Homo	Metazoa	267	False
P35550	Mus	Metazoa	327	False
P35551	Schizosaccharomyces pombe	Fungi	305	False
P35557	Homo	Metazoa	465	False
P35558	Homo	Metazoa	622	False
P35559	Rattus	Metazoa	1019	False
P35561	Mus	Metazoa	428	True
P35568	Homo	Metazoa	1242	False
P35579	Homo	Metazoa	1960	False
P35582	Mus	Metazoa	468	False
P35583	Mus	Metazoa	459	False
P35584	Mus	Metazoa	353	False
P35601	Mus	Metazoa	1131	False
P35611	Homo	Metazoa	737	False
P35612	Homo	Metazoa	726	False
P35631	Arabidopsis	Plants	256	False
P35632	Arabidopsis	Plants	232	False
P35637	Homo	Metazoa	526	False
P35638	Homo	Metazoa	169	False
P35639	Mus	Metazoa	168	False
P35658	Homo	Metazoa	2090	False
P35659	Homo	Metazoa	375	False
P35670	Homo	Metazoa	1465	False
P35680	Homo	Metazoa	557	False
P35691	Saccharomyces cerevisiae	Fungi	167	False
P35705	Bos	Metazoa	257	False
P35710	Mus	Metazoa	763	False
P35712	Homo	Metazoa	828	False
P35716	Homo	Metazoa	441	False
P35718	Saccharomyces cerevisiae	Fungi	212	False
P35728	Saccharomyces cerevisiae	Fungi	441	False
P35729	Saccharomyces cerevisiae	Fungi	1037	False
P35732	Saccharomyces cerevisiae	Fungi	738	False
P35734	Saccharomyces cerevisiae	Fungi	292	False
P35762	Mus	Metazoa	236	True
P35790	Homo	Metazoa	457	False
P35802	Mus	Metazoa	278	True
P35803	Mus	Metazoa	328	True
P35813	Homo	Metazoa	382	False
P35816	Bos	Metazoa	538	False
P35817	Saccharomyces cerevisiae	Fungi	686	False
P35845	Saccharomyces cerevisiae	Fungi	1188	False
P35869	Homo	Metazoa	848	False
P35875	melanogaster subgroup	Metazoa	994	False
P35922	Mus	Metazoa	614	False
P35991	Mus	Metazoa	659	False
P35999	Saccharomyces cerevisiae	Fungi	772	False
P36000	Saccharomyces cerevisiae	Fungi	726	False
P36009	Saccharomyces cerevisiae	Fungi	735	False
P36010	Saccharomyces cerevisiae	Fungi	153	False
P36011	Emericella nidulans	Fungi	622	False
P36012	Saccharomyces cerevisiae	Fungi	229	False
P36014	Saccharomyces cerevisiae	Fungi	167	False
P36017	Saccharomyces cerevisiae	Fungi	210	False
P36021	Homo	Metazoa	539	False
P36037	Saccharomyces cerevisiae	Fungi	715	False
P36046	Saccharomyces cerevisiae	Fungi	403	True
P36048	Saccharomyces cerevisiae	Fungi	1008	False
P36049	Saccharomyces cerevisiae	Fungi	427	False
P36056	Saccharomyces cerevisiae	Fungi	628	False
P36060	Saccharomyces cerevisiae	Fungi	302	True
P36068	Saccharomyces cerevisiae	Fungi	246	False
P36077	Saccharomyces cerevisiae	Fungi	127	False
P36080	Saccharomyces cerevisiae	Fungi	434	False
P36088	Saccharomyces cerevisiae	Fungi	180	False
P36094	Saccharomyces cerevisiae	Fungi	363	False
P36104	Saccharomyces cerevisiae	Fungi	329	False
P36112	Saccharomyces cerevisiae	Fungi	540	True
P36120	Saccharomyces cerevisiae	Fungi	742	False
P36130	Saccharomyces cerevisiae	Fungi	643	False
P36131	Saccharomyces cerevisiae	Fungi	295	False
P36132	Saccharomyces cerevisiae	Fungi	386	False
P36136	Saccharomyces cerevisiae	Fungi	271	False
P36146	Saccharomyces cerevisiae	Fungi	502	False
P36152	Saccharomyces cerevisiae	Fungi	348	False
P36160	Saccharomyces cerevisiae	Fungi	344	False
P36161	Saccharomyces cerevisiae	Fungi	1157	False
P36162	Saccharomyces cerevisiae	Fungi	133	False
P36163	Saccharomyces cerevisiae	Fungi	345	True
P36179	melanogaster subgroup	Metazoa	591	False
P36381	Gallus	Metazoa	400	True
P36382	Homo	Metazoa	358	True
P36383	Homo	Metazoa	396	True
P36402	Homo	Metazoa	384	False
P36404	Homo	Metazoa	184	False
P36405	Homo	Metazoa	182	False
P36408	Dictyostelium	Other	347	False
P36421	Saccharomyces cerevisiae	Fungi	394	False
P36428	Arabidopsis	Plants	1003	False
P36508	Homo	Metazoa	570	False
P36517	Saccharomyces cerevisiae	Fungi	319	False
P36531	Saccharomyces cerevisiae	Fungi	177	False
P36543	Homo	Metazoa	226	False
P36552	Mus	Metazoa	443	False
P36601	Schizosaccharomyces pombe	Fungi	365	False
P36606	Schizosaccharomyces pombe	Fungi	468	True
P36607	Schizosaccharomyces pombe	Fungi	1133	False
P36614	Schizosaccharomyces pombe	Fungi	305	False
P36617	Schizosaccharomyces pombe	Fungi	877	False
P36626	Schizosaccharomyces pombe	Fungi	561	False
P36629	Schizosaccharomyces pombe	Fungi	517	False
P36630	Schizosaccharomyces pombe	Fungi	411	False
P36631	Schizosaccharomyces pombe	Fungi	468	False
P36639	Homo	Metazoa	156	False
P36775	Saccharomyces cerevisiae	Fungi	1133	False
P36776	Homo	Metazoa	959	False
P36873	Homo	Metazoa	323	False
P36877	Rattus	Metazoa	443	False
P36887	Sus	Metazoa	351	False
P36954	Homo	Metazoa	125	False
P36956	Homo	Metazoa	1147	False
P36957	Homo	Metazoa	453	False
P36970	Rattus	Metazoa	197	False
P36993	Mus	Metazoa	390	False
P37088	Homo	Metazoa	669	True
P37089	Rattus	Metazoa	698	False
P37090	Rattus	Metazoa	638	True
P37091	Rattus	Metazoa	650	True
P37107	Arabidopsis	Plants	564	False
P37198	Homo	Metazoa	522	False
P37199	Rattus	Metazoa	1390	False
P37202	Schizosaccharomyces pombe	Fungi	970	False
P37217	Mus	Metazoa	199	True
P37230	Rattus	Metazoa	468	False
P37231	Homo	Metazoa	505	False
P37238	Mus	Metazoa	505	False
P37242	Mus	Metazoa	461	False
P37271	Arabidopsis	Plants	422	False
P37272	Capsicum	Plants	419	False
P37275	Homo	Metazoa	1124	False
P37288	Homo	Metazoa	418	True
P37292	Saccharomyces cerevisiae	Fungi	490	False
P37298	Saccharomyces cerevisiae	Fungi	181	True
P37299	Saccharomyces cerevisiae	Fungi	77	True
P37727	Rattus	Metazoa	650	False
P37838	Saccharomyces cerevisiae	Fungi	685	False
P37840	Homo	Metazoa	140	False
P37913	Mus	Metazoa	916	False
P38009	Saccharomyces cerevisiae	Fungi	592	False
P38042	Saccharomyces cerevisiae	Fungi	758	False
P38060	Mus	Metazoa	325	False
P38071	Saccharomyces cerevisiae	Fungi	380	False
P38074	Saccharomyces cerevisiae	Fungi	348	False
P38075	Saccharomyces cerevisiae	Fungi	228	False
P38077	Saccharomyces cerevisiae	Fungi	311	False
P38084	Saccharomyces cerevisiae	Fungi	609	False
P38086	Saccharomyces cerevisiae	Fungi	958	False
P38088	Saccharomyces cerevisiae	Fungi	690	False
P38110	Saccharomyces cerevisiae	Fungi	2787	False
P38111	Saccharomyces cerevisiae	Fungi	2368	False
P38112	Saccharomyces cerevisiae	Fungi	773	False
P38117	Homo	Metazoa	255	False
P38121	Saccharomyces cerevisiae	Fungi	705	False
P38127	Saccharomyces cerevisiae	Fungi	377	True
P38132	Saccharomyces cerevisiae	Fungi	845	False
P38137	Saccharomyces cerevisiae	Fungi	543	False
P38140	Saccharomyces cerevisiae	Fungi	529	False
P38143	Saccharomyces cerevisiae	Fungi	162	False
P38144	Saccharomyces cerevisiae	Fungi	1129	False
P38149	Saccharomyces cerevisiae	Fungi	878	False
P38159	Homo	Metazoa	391	False
P38169	Saccharomyces cerevisiae	Fungi	460	False
P38170	Saccharomyces cerevisiae	Fungi	754	False
P38181	Saccharomyces cerevisiae	Fungi	1502	False
P38182	Saccharomyces cerevisiae	Fungi	117	False
P38198	Saccharomyces cerevisiae	Fungi	1513	False
P38199	Saccharomyces cerevisiae	Fungi	381	False
P38205	Saccharomyces cerevisiae	Fungi	684	False
P38207	Saccharomyces cerevisiae	Fungi	520	False
P38208	Saccharomyces cerevisiae	Fungi	133	False
P38217	Saccharomyces cerevisiae	Fungi	918	False
P38225	Saccharomyces cerevisiae	Fungi	669	True
P38227	Saccharomyces cerevisiae	Fungi	689	False
P38236	Saccharomyces cerevisiae	Fungi	366	False
P38237	Saccharomyces cerevisiae	Fungi	781	False
P38242	Saccharomyces cerevisiae	Fungi	237	True
P38250	Saccharomyces cerevisiae	Fungi	946	False
P38255	Saccharomyces cerevisiae	Fungi	430	False
P38257	Saccharomyces cerevisiae	Fungi	691	False
P38262	Saccharomyces cerevisiae	Fungi	535	False
P38264	Saccharomyces cerevisiae	Fungi	188	True
P38265	Saccharomyces cerevisiae	Fungi	245	False
P38271	Saccharomyces cerevisiae	Fungi	328	False
P38279	Saccharomyces cerevisiae	Fungi	296	True
P38283	Saccharomyces cerevisiae	Fungi	698	False
P38285	Saccharomyces cerevisiae	Fungi	549	False
P38289	Saccharomyces cerevisiae	Fungi	585	False
P38291	Saccharomyces cerevisiae	Fungi	140	False
P38297	Saccharomyces cerevisiae	Fungi	855	False
P38313	Saccharomyces cerevisiae	Fungi	324	False
P38319	Saccharomyces cerevisiae	Fungi	544	False
P38323	Saccharomyces cerevisiae	Fungi	520	False
P38333	Saccharomyces cerevisiae	Fungi	483	False
P38345	Saccharomyces cerevisiae	Fungi	138	False
P38351	Saccharomyces cerevisiae	Fungi	445	False
P38360	Saccharomyces cerevisiae	Fungi	1216	False
P38398	Homo	Metazoa	1863	False
P38418	Arabidopsis	Plants	896	False
P38429	Saccharomyces cerevisiae	Fungi	201	False
P38432	Homo	Metazoa	576	False
P38439	Saccharomyces cerevisiae	Fungi	464	False
P38532	Mus	Metazoa	525	False
P38533	Mus	Metazoa	535	False
P38557	Arabidopsis	Plants	474	False
P38624	Saccharomyces cerevisiae	Fungi	215	False
P38626	Saccharomyces cerevisiae	Fungi	284	True
P38628	Saccharomyces cerevisiae	Fungi	557	False
P38631	Saccharomyces cerevisiae	Fungi	1876	False
P38632	Saccharomyces cerevisiae	Fungi	267	False
P38633	Saccharomyces cerevisiae	Fungi	127	False
P38634	Saccharomyces cerevisiae	Fungi	284	False
P38646	Homo	Metazoa	679	False
P38647	Mus	Metazoa	679	False
P38688	Saccharomyces cerevisiae	Fungi	640	False
P38691	Saccharomyces cerevisiae	Fungi	1029	False
P38704	Saccharomyces cerevisiae	Fungi	541	False
P38710	Saccharomyces cerevisiae	Fungi	295	False
P38715	Saccharomyces cerevisiae	Fungi	327	False
P38719	Saccharomyces cerevisiae	Fungi	431	False
P38731	Saccharomyces cerevisiae	Fungi	627	True
P38755	Saccharomyces cerevisiae	Fungi	437	False
P38757	Saccharomyces cerevisiae	Fungi	446	True
P38766	Saccharomyces cerevisiae	Fungi	723	False
P38768	Saccharomyces cerevisiae	Fungi	344	False
P38770	Saccharomyces cerevisiae	Fungi	471	False
P38779	Saccharomyces cerevisiae	Fungi	376	False
P38781	Saccharomyces cerevisiae	Fungi	883	False
P38782	Saccharomyces cerevisiae	Fungi	295	False
P38786	Saccharomyces cerevisiae	Fungi	293	False
P38792	Saccharomyces cerevisiae	Fungi	359	False
P38793	Saccharomyces cerevisiae	Fungi	499	False
P38797	Saccharomyces cerevisiae	Fungi	343	False
P38801	Saccharomyces cerevisiae	Fungi	184	False
P38803	Saccharomyces cerevisiae	Fungi	334	False
P38805	Saccharomyces cerevisiae	Fungi	295	False
P38806	Saccharomyces cerevisiae	Fungi	282	False
P38811	Saccharomyces cerevisiae	Fungi	3744	False
P38825	Saccharomyces cerevisiae	Fungi	639	True
P38826	Saccharomyces cerevisiae	Fungi	435	False
P38827	Saccharomyces cerevisiae	Fungi	1080	False
P38830	Saccharomyces cerevisiae	Fungi	627	False
P38838	Saccharomyces cerevisiae	Fungi	269	False
P38850	Saccharomyces cerevisiae	Fungi	1070	False
P38851	Saccharomyces cerevisiae	Fungi	1228	False
P38855	Saccharomyces cerevisiae	Fungi	283	False
P38856	Saccharomyces cerevisiae	Fungi	637	False
P38857	Saccharomyces cerevisiae	Fungi	129	True
P38859	Saccharomyces cerevisiae	Fungi	1522	False
P38861	Saccharomyces cerevisiae	Fungi	518	False
P38863	Saccharomyces cerevisiae	Fungi	823	False
P38870	Saccharomyces cerevisiae	Fungi	785	False
P38873	Saccharomyces cerevisiae	Fungi	1557	False
P38874	Saccharomyces cerevisiae	Fungi	309	False
P38879	Saccharomyces cerevisiae	Fungi	174	False
P38882	Saccharomyces cerevisiae	Fungi	575	False
P38883	Saccharomyces cerevisiae	Fungi	763	False
P38889	Saccharomyces cerevisiae	Fungi	622	False
P38890	Saccharomyces cerevisiae	Fungi	526	False
P38891	Saccharomyces cerevisiae	Fungi	393	False
P38902	Saccharomyces cerevisiae	Fungi	120	False
P38903	Saccharomyces cerevisiae	Fungi	757	False
P38907	Saccharomyces cerevisiae	Fungi	458	False
P38910	Saccharomyces cerevisiae	Fungi	106	False
P38911	Saccharomyces cerevisiae	Fungi	411	False
P38915	Saccharomyces cerevisiae	Fungi	602	False
P38919	Homo	Metazoa	411	False
P38920	Saccharomyces cerevisiae	Fungi	769	False
P38922	Saccharomyces cerevisiae	Fungi	454	False
P38925	Saccharomyces cerevisiae	Fungi	575	True
P38927	Saccharomyces cerevisiae	Fungi	245	False
P38935	Homo	Metazoa	993	False
P38936	Homo	Metazoa	164	False
P38937	Schizosaccharomyces pombe	Fungi	262	False
P38961	Saccharomyces cerevisiae	Fungi	392	False
P38979	melanogaster subgroup	Metazoa	270	False
P38983	Rattus	Metazoa	295	False
P38989	Saccharomyces cerevisiae	Fungi	1170	False
P38991	Saccharomyces cerevisiae	Fungi	367	False
P38994	Saccharomyces cerevisiae	Fungi	779	False
P38996	Saccharomyces cerevisiae	Fungi	802	False
P38998	Saccharomyces cerevisiae	Fungi	373	False
P39001	Saccharomyces cerevisiae	Fungi	836	False
P39002	Saccharomyces cerevisiae	Fungi	694	False
P39006	Saccharomyces cerevisiae	Fungi	500	True
P39008	Saccharomyces cerevisiae	Fungi	433	False
P39009	Saccharomyces cerevisiae	Fungi	513	False
P39013	Saccharomyces cerevisiae	Fungi	349	False
P39014	Saccharomyces cerevisiae	Fungi	640	False
P39015	Saccharomyces cerevisiae	Fungi	273	False
P39019	Homo	Metazoa	145	False
P39023	Homo	Metazoa	403	False
P39052	Rattus	Metazoa	870	False
P39104	Saccharomyces cerevisiae	Fungi	1066	False
P39108	Saccharomyces cerevisiae	Fungi	375	False
P39112	Saccharomyces cerevisiae	Fungi	969	False
P39207	Arabidopsis	Plants	149	False
P39210	Homo	Metazoa	176	True
P39447	Mus	Metazoa	1745	False
P39515	Saccharomyces cerevisiae	Fungi	158	True
P39516	Saccharomyces cerevisiae	Fungi	138	False
P39518	Saccharomyces cerevisiae	Fungi	744	False
P39522	Saccharomyces cerevisiae	Fungi	585	False
P39533	Saccharomyces cerevisiae	Fungi	789	False
P39547	Saccharomyces cerevisiae	Fungi	235	True
P39654	Mus	Metazoa	663	False
P39655	Mus	Metazoa	663	False
P39678	Saccharomyces cerevisiae	Fungi	833	False
P39683	Saccharomyces cerevisiae	Fungi	429	False
P39685	Saccharomyces cerevisiae	Fungi	1337	False
P39687	Homo	Metazoa	249	False
P39688	Mus	Metazoa	537	False
P39689	Mus	Metazoa	159	False
P39705	Saccharomyces cerevisiae	Fungi	539	False
P39706	Saccharomyces cerevisiae	Fungi	426	False
P39707	Saccharomyces cerevisiae	Fungi	275	False
P39715	Saccharomyces cerevisiae	Fungi	212	False
P39717	Saccharomyces cerevisiae	Fungi	880	False
P39720	Saccharomyces cerevisiae	Fungi	1047	False
P39722	Saccharomyces cerevisiae	Fungi	662	False
P39726	Saccharomyces cerevisiae	Fungi	170	False
P39735	Saccharomyces cerevisiae	Fungi	261	False
P39744	Saccharomyces cerevisiae	Fungi	710	False
P39748	Homo	Metazoa	380	False
P39749	Mus	Metazoa	378	False
P39769	melanogaster subgroup	Metazoa	1589	False
P39880	Homo	Metazoa	1505	False
P39925	Saccharomyces cerevisiae	Fungi	761	False
P39929	Saccharomyces cerevisiae	Fungi	240	False
P39943	Saccharomyces cerevisiae	Fungi	394	False
P39946	Saccharomyces cerevisiae	Fungi	494	False
P39951	Rattus	Metazoa	297	False
P39952	Saccharomyces cerevisiae	Fungi	402	False
P39956	Saccharomyces cerevisiae	Fungi	796	False
P39962	Saccharomyces cerevisiae	Fungi	524	False
P39964	Schizosaccharomyces pombe	Fungi	757	False
P39966	Saccharomyces cerevisiae	Fungi	464	False
P39979	Saccharomyces cerevisiae	Fungi	161	False
P39984	Saccharomyces cerevisiae	Fungi	401	False
P39985	Saccharomyces cerevisiae	Fungi	1022	False
P39990	Saccharomyces cerevisiae	Fungi	126	False
P39993	Saccharomyces cerevisiae	Fungi	1459	False
P39995	Saccharomyces cerevisiae	Fungi	279	False
P40010	Saccharomyces cerevisiae	Fungi	520	False
P40014	Saccharomyces cerevisiae	Fungi	221	False
P40015	Saccharomyces cerevisiae	Fungi	477	False
P40024	Saccharomyces cerevisiae	Fungi	610	False
P40028	Saccharomyces cerevisiae	Fungi	759	False
P40032	Saccharomyces cerevisiae	Fungi	644	False
P40047	Saccharomyces cerevisiae	Fungi	520	False
P40055	Saccharomyces cerevisiae	Fungi	554	False
P40061	Saccharomyces cerevisiae	Fungi	1430	False
P40063	Saccharomyces cerevisiae	Fungi	208	False
P40064	Saccharomyces cerevisiae	Fungi	1391	False
P40065	Saccharomyces cerevisiae	Fungi	302	False
P40066	Saccharomyces cerevisiae	Fungi	365	False
P40069	Saccharomyces cerevisiae	Fungi	1113	False
P40070	Saccharomyces cerevisiae	Fungi	187	False
P40072	Saccharomyces cerevisiae	Fungi	274	False
P40073	Saccharomyces cerevisiae	Fungi	367	True
P40075	Saccharomyces cerevisiae	Fungi	244	False
P40084	Saccharomyces cerevisiae	Fungi	226	False
P40086	Saccharomyces cerevisiae	Fungi	486	True
P40087	Saccharomyces cerevisiae	Fungi	428	False
P40089	Saccharomyces cerevisiae	Fungi	93	False
P40090	Saccharomyces cerevisiae	Fungi	624	False
P40096	Saccharomyces cerevisiae	Fungi	142	False
P40106	Saccharomyces cerevisiae	Fungi	250	False
P40121	Homo	Metazoa	348	False
P40146	Rattus	Metazoa	1248	False
P40160	Saccharomyces cerevisiae	Fungi	425	False
P40161	Saccharomyces cerevisiae	Fungi	455	False
P40164	Saccharomyces cerevisiae	Fungi	858	False
P40167	Saccharomyces cerevisiae	Fungi	298	False
P40201	Mus	Metazoa	1711	False
P40202	Saccharomyces cerevisiae	Fungi	249	False
P40205	Homo	Metazoa	109	False
P40208	Saccharomyces cerevisiae	Fungi	455	False
P40228	Arabidopsis	Plants	287	False
P40237	Mus	Metazoa	266	True
P40240	Mus	Metazoa	226	True
P40283	Arabidopsis	Plants	150	False
P40302	Saccharomyces cerevisiae	Fungi	234	False
P40303	Saccharomyces cerevisiae	Fungi	254	False
P40305	Homo	Metazoa	122	True
P40316	Saccharomyces cerevisiae	Fungi	373	False
P40318	Saccharomyces cerevisiae	Fungi	1319	False
P40337	Homo	Metazoa	213	False
P40340	Saccharomyces cerevisiae	Fungi	1379	False
P40341	Saccharomyces cerevisiae	Fungi	825	False
P40344	Saccharomyces cerevisiae	Fungi	310	False
P40345	Saccharomyces cerevisiae	Fungi	661	True
P40356	Saccharomyces cerevisiae	Fungi	397	False
P40359	Saccharomyces cerevisiae	Fungi	213	False
P40360	Saccharomyces cerevisiae	Fungi	574	False
P40362	Saccharomyces cerevisiae	Fungi	594	False
P40368	Saccharomyces cerevisiae	Fungi	713	False
P40380	Schizosaccharomyces pombe	Fungi	230	False
P40381	Schizosaccharomyces pombe	Fungi	328	False
P40384	Schizosaccharomyces pombe	Fungi	345	False
P40387	Schizosaccharomyces pombe	Fungi	513	False
P40416	Saccharomyces cerevisiae	Fungi	690	False
P40417	melanogaster subgroup	Metazoa	376	False
P40422	Saccharomyces cerevisiae	Fungi	70	False
P40424	Homo	Metazoa	430	False
P40427	melanogaster subgroup	Metazoa	376	False
P40454	Saccharomyces cerevisiae	Fungi	393	False
P40457	Saccharomyces cerevisiae	Fungi	1679	False
P40458	Saccharomyces cerevisiae	Fungi	529	False
P40460	Saccharomyces cerevisiae	Fungi	691	False
P40465	Saccharomyces cerevisiae	Fungi	213	False
P40466	Saccharomyces cerevisiae	Fungi	484	False
P40467	Saccharomyces cerevisiae	Fungi	964	False
P40471	Saccharomyces cerevisiae	Fungi	297	False
P40477	Saccharomyces cerevisiae	Fungi	1460	False
P40484	Saccharomyces cerevisiae	Fungi	314	False
P40485	Saccharomyces cerevisiae	Fungi	686	False
P40492	Saccharomyces cerevisiae	Fungi	516	False
P40495	Saccharomyces cerevisiae	Fungi	371	False
P40498	Saccharomyces cerevisiae	Fungi	721	False
P40505	Saccharomyces cerevisiae	Fungi	327	False
P40506	Saccharomyces cerevisiae	Fungi	365	False
P40507	Saccharomyces cerevisiae	Fungi	360	False
P40515	Saccharomyces cerevisiae	Fungi	155	False
P40530	Saccharomyces cerevisiae	Fungi	394	False
P40535	Saccharomyces cerevisiae	Fungi	587	False
P40541	Saccharomyces cerevisiae	Fungi	1150	False
P40543	Saccharomyces cerevisiae	Fungi	189	False
P40547	Saccharomyces cerevisiae	Fungi	921	False
P40548	Saccharomyces cerevisiae	Fungi	159	True
P40553	Saccharomyces cerevisiae	Fungi	215	False
P40554	Saccharomyces cerevisiae	Fungi	99	False
P40556	Saccharomyces cerevisiae	Fungi	373	True
P40562	Saccharomyces cerevisiae	Fungi	993	False
P40565	Saccharomyces cerevisiae	Fungi	148	False
P40566	Saccharomyces cerevisiae	Fungi	764	False
P40568	Saccharomyces cerevisiae	Fungi	576	False
P40571	Saccharomyces cerevisiae	Fungi	144	False
P40573	Saccharomyces cerevisiae	Fungi	187	False
P40581	Saccharomyces cerevisiae	Fungi	163	False
P40615	Rattus	Metazoa	509	False
P40617	Homo	Metazoa	200	False
P40630	Mus	Metazoa	243	False
P40645	Mus	Metazoa	827	False
P40646	Mus	Metazoa	380	False
P40688	melanogaster subgroup	Metazoa	548	False
P40692	Homo	Metazoa	756	False
P40693	Saccharomyces cerevisiae	Fungi	322	False
P40748	Rattus	Metazoa	588	True
P40763	Homo	Metazoa	770	False
P40793	melanogaster subgroup	Metazoa	191	False
P40797	melanogaster subgroup	Metazoa	539	False
P40818	Homo	Metazoa	1118	False
P40825	Saccharomyces cerevisiae	Fungi	983	False
P40847	Schizosaccharomyces pombe	Fungi	254	False
P40848	Schizosaccharomyces pombe	Fungi	991	False
P40850	Saccharomyces cerevisiae	Fungi	830	False
P40855	Homo	Metazoa	299	False
P40879	Homo	Metazoa	764	True
P40917	Saccharomyces cerevisiae	Fungi	295	False
P40923	Schizosaccharomyces pombe	Fungi	201	False
P40926	Homo	Metazoa	338	False
P40939	Homo	Metazoa	763	False
P40941	Arabidopsis	Plants	385	True
P40957	Saccharomyces cerevisiae	Fungi	749	False
P40958	Saccharomyces cerevisiae	Fungi	196	False
P40961	Saccharomyces cerevisiae	Fungi	287	False
P40963	Saccharomyces cerevisiae	Fungi	338	False
P40968	Saccharomyces cerevisiae	Fungi	455	False
P40984	Schizosaccharomyces pombe	Fungi	157	False
P40991	Saccharomyces cerevisiae	Fungi	618	False
P40992	Saccharomyces cerevisiae	Fungi	514	False
P40993	Saccharomyces cerevisiae	Fungi	198	False
P40995	Schizosaccharomyces pombe	Fungi	872	False
P40999	Schizosaccharomyces pombe	Fungi	330	False
P41002	Homo	Metazoa	786	False
P41003	Schizosaccharomyces pombe	Fungi	1172	False
P41004	Schizosaccharomyces pombe	Fungi	1324	False
P41046	melanogaster subgroup	Metazoa	550	False
P41047	Mus	Metazoa	279	True
P41073	melanogaster subgroup	Metazoa	716	False
P41133	Mus	Metazoa	119	False
P41134	Homo	Metazoa	155	False
P41135	Rattus	Metazoa	164	False
P41136	Mus	Metazoa	134	False
P41138	Rattus	Metazoa	119	False
P41139	Mus	Metazoa	161	False
P41143	Homo	Metazoa	372	True
P41145	Homo	Metazoa	380	True
P41146	Homo	Metazoa	370	True
P41151	Arabidopsis	Plants	495	False
P41161	Homo	Metazoa	510	False
P41181	Homo	Metazoa	271	True
P41182	Homo	Metazoa	706	False
P41183	Mus	Metazoa	707	False
P41208	Homo	Metazoa	172	False
P41212	Homo	Metazoa	452	False
P41218	Homo	Metazoa	407	False
P41220	Homo	Metazoa	211	False
P41223	Homo	Metazoa	144	False
P41224	Rattus	Metazoa	301	False
P41225	Homo	Metazoa	446	False
P41226	Homo	Metazoa	1012	False
P41227	Homo	Metazoa	235	False
P41229	Homo	Metazoa	1560	False
P41231	Homo	Metazoa	377	True
P41235	Homo	Metazoa	474	False
P41238	Homo	Metazoa	236	False
P41241	Mus	Metazoa	450	False
P41247	Homo	Metazoa	253	False
P41250	Homo	Metazoa	739	False
P41252	Homo	Metazoa	1262	False
P41277	Saccharomyces cerevisiae	Fungi	250	False
P41318	Saccharomyces cerevisiae	Fungi	303	False
P41338	Saccharomyces cerevisiae	Fungi	398	False
P41348	Spinacia	Plants	144	False
P41350	Rattus	Metazoa	178	False
P41410	Schizosaccharomyces pombe	Fungi	852	False
P41438	Mus	Metazoa	512	True
P41440	Homo	Metazoa	591	True
P41541	Bos	Metazoa	961	False
P41546	Saccharomyces cerevisiae	Fungi	238	False
P41562	Rattus	Metazoa	414	False
P41595	Homo	Metazoa	481	True
P41597	Homo	Metazoa	374	True
P41695	Saccharomyces cerevisiae	Fungi	1021	False
P41696	Saccharomyces cerevisiae	Fungi	914	False
P41698	Saccharomyces cerevisiae	Fungi	603	False
P41735	Saccharomyces cerevisiae	Fungi	233	False
P41743	Homo	Metazoa	596	False
P41772	Candida glabrata	Fungi	265	False
P41777	Rattus	Metazoa	704	False
P41778	Mus	Metazoa	430	False
P41779	Caenorhabditis	Metazoa	338	False
P41812	Saccharomyces cerevisiae	Fungi	875	False
P41813	Saccharomyces cerevisiae	Fungi	862	False
P41828	Caenorhabditis	Metazoa	588	False
P41829	Caenorhabditis	Metazoa	619	False
P41833	Saccharomyces cerevisiae	Fungi	600	False
P41846	Caenorhabditis	Metazoa	1009	False
P41848	Caenorhabditis	Metazoa	697	False
P41895	Saccharomyces cerevisiae	Fungi	735	False
P41896	Saccharomyces cerevisiae	Fungi	400	False
P41903	Saccharomyces cerevisiae	Fungi	349	False
P41909	Saccharomyces cerevisiae	Fungi	870	True
P41911	Saccharomyces cerevisiae	Fungi	440	False
P41920	Saccharomyces cerevisiae	Fungi	201	False
P41921	Saccharomyces cerevisiae	Fungi	483	False
P41932	Caenorhabditis	Metazoa	248	False
P41933	Caenorhabditis	Metazoa	457	False
P41934	Caenorhabditis	Metazoa	542	False
P41948	Saccharomyces cerevisiae	Fungi	499	True
P41958	Caenorhabditis	Metazoa	280	False
P41968	Homo	Metazoa	323	True
P41969	Mus	Metazoa	429	False
P41970	Homo	Metazoa	407	False
P42003	melanogaster subgroup	Metazoa	455	False
P42026	Bos	Metazoa	216	False
P42028	Bos	Metazoa	212	False
P42073	Saccharomyces cerevisiae	Fungi	533	False
P42124	melanogaster subgroup	Metazoa	760	False
P42128	Mus	Metazoa	719	False
P42166	Homo	Metazoa	694	False
P42167	Homo	Metazoa	454	False
P42208	Mus	Metazoa	361	False
P42224	Homo	Metazoa	750	False
P42225	Mus	Metazoa	749	False
P42226	Homo	Metazoa	847	False
P42227	Mus	Metazoa	770	False
P42229	Homo	Metazoa	794	False
P42230	Mus	Metazoa	793	False
P42231	Ovis	Metazoa	794	False
P42232	Mus	Metazoa	786	False
P42283	melanogaster subgroup	Metazoa	891	False
P42284	melanogaster subgroup	Metazoa	549	False
P42285	Homo	Metazoa	1042	False
P42338	Homo	Metazoa	1070	False
P42345	Homo	Metazoa	2549	False
P42356	Homo	Metazoa	2102	False
P42526	Dictyostelium	Other	118	False
P42528	Dictyostelium	Other	418	False
P42566	Homo	Metazoa	896	False
P42567	Mus	Metazoa	897	False
P42568	Homo	Metazoa	568	False
P42573	Caenorhabditis	Metazoa	503	False
P42580	Mus	Metazoa	305	False
P42582	Mus	Metazoa	318	False
P42586	Mus	Metazoa	273	False
P42644	Arabidopsis	Plants	255	False
P42645	Arabidopsis	Plants	268	False
P42658	Homo	Metazoa	865	False
P42669	Mus	Metazoa	321	False
P42676	Rattus	Metazoa	704	False
P42677	Homo	Metazoa	84	False
P42680	Homo	Metazoa	631	False
P42681	Homo	Metazoa	527	False
P42682	Mus	Metazoa	527	False
P42685	Homo	Metazoa	505	False
P42695	Homo	Metazoa	1498	False
P42697	Arabidopsis	Plants	610	False
P42698	Arabidopsis	Plants	387	False
P42699	Arabidopsis	Plants	167	False
P42704	Homo	Metazoa	1394	False
P42730	Arabidopsis	Plants	911	False
P42731	Arabidopsis	Plants	629	False
P42736	Arabidopsis	Plants	248	False
P42737	Arabidopsis	Plants	331	False
P42744	Arabidopsis	Plants	540	False
P42762	Arabidopsis	Plants	945	False
P42765	Homo	Metazoa	397	False
P42768	Homo	Metazoa	502	False
P42771	Homo	Metazoa	156	False
P42774	Arabidopsis	Plants	315	False
P42775	Arabidopsis	Plants	360	False
P42792	Arabidopsis	Plants	393	True
P42801	Arabidopsis	Plants	511	False
P42804	Arabidopsis	Plants	543	False
P42818	Arabidopsis	Plants	465	False
P42838	Saccharomyces cerevisiae	Fungi	414	True
P42844	Saccharomyces cerevisiae	Fungi	174	False
P42845	Saccharomyces cerevisiae	Fungi	420	False
P42858	Homo	Metazoa	3142	False
P42866	Mus	Metazoa	398	True
P42891	Bos	Metazoa	754	True
P42892	Homo	Metazoa	770	True
P42893	Rattus	Metazoa	762	True
P42935	Saccharomyces cerevisiae	Fungi	788	False
P42945	Saccharomyces cerevisiae	Fungi	1769	False
P42949	Saccharomyces cerevisiae	Fungi	149	False
P42951	Saccharomyces cerevisiae	Fungi	607	False
P43003	Homo	Metazoa	542	True
P43004	Homo	Metazoa	574	True
P43005	Homo	Metazoa	524	True
P43006	Mus	Metazoa	572	True
P43007	Homo	Metazoa	532	True
P43023	Mus	Metazoa	97	True
P43079	Candida albicans	Fungi	656	False
P43088	Homo	Metazoa	359	True
P43115	Homo	Metazoa	390	True
P43119	Homo	Metazoa	386	True
P43120	Mus	Metazoa	271	False
P43122	Saccharomyces cerevisiae	Fungi	407	False
P43135	Mus	Metazoa	414	False
P43136	Mus	Metazoa	390	False
P43138	Rattus	Metazoa	317	False
P43241	Mus	Metazoa	311	False
P43243	Homo	Metazoa	847	False
P43246	Homo	Metazoa	934	False
P43252	Mus	Metazoa	415	True
P43253	Rattus	Metazoa	416	True
P43254	Arabidopsis	Plants	675	False
P43267	Mus	Metazoa	231	False
P43273	Arabidopsis	Plants	330	False
P43275	Mus	Metazoa	213	False
P43286	Arabidopsis	Plants	287	True
P43287	Arabidopsis	Plants	285	True
P43292	Arabidopsis	Plants	353	False
P43299	Arabidopsis	Plants	716	False
P43304	Homo	Metazoa	727	False
P43321	Saccharomyces cerevisiae	Fungi	101	False
P43322	Rattus	Metazoa	662	False
P43332	melanogaster subgroup	Metazoa	216	False
P43353	Homo	Metazoa	468	False
P43354	Homo	Metazoa	598	False
P43355	Homo	Metazoa	309	False
P43356	Homo	Metazoa	314	False
P43364	Homo	Metazoa	429	False
P43403	Homo	Metazoa	619	False
P43404	Mus	Metazoa	618	False
P43427	Rattus	Metazoa	502	True
P43490	Homo	Metazoa	491	False
P43558	Saccharomyces cerevisiae	Fungi	301	False
P43563	Saccharomyces cerevisiae	Fungi	287	False
P43565	Saccharomyces cerevisiae	Fungi	1770	False
P43572	Saccharomyces cerevisiae	Fungi	832	False
P43583	Saccharomyces cerevisiae	Fungi	2143	False
P43586	Saccharomyces cerevisiae	Fungi	204	False
P43587	Saccharomyces cerevisiae	Fungi	155	False
P43594	Saccharomyces cerevisiae	Fungi	170	False
P43605	Saccharomyces cerevisiae	Fungi	281	False
P43609	Saccharomyces cerevisiae	Fungi	557	False
P43616	Saccharomyces cerevisiae	Fungi	481	False
P43618	Saccharomyces cerevisiae	Fungi	361	False
P43635	Saccharomyces cerevisiae	Fungi	486	False
P43657	Homo	Metazoa	344	True
P43680	Mus	Metazoa	377	False
P43686	Homo	Metazoa	418	False
P43694	Homo	Metazoa	442	False
P45380	Rattus	Metazoa	703	True
P45432	Arabidopsis	Plants	441	False
P45448	Mus	Metazoa	560	False
P45591	Mus	Metazoa	166	False
P45818	Saccharomyces cerevisiae	Fungi	564	False
P45844	Homo	Metazoa	678	False
P45880	Homo	Metazoa	294	True
P45896	Caenorhabditis	Metazoa	393	False
P45951	Arabidopsis	Plants	536	False
P45953	Rattus	Metazoa	655	False
P45973	Homo	Metazoa	191	False
P45974	Homo	Metazoa	858	False
P45975	melanogaster subgroup	Metazoa	635	False
P45983	Homo	Metazoa	427	False
P45984	Homo	Metazoa	424	False
P46011	Arabidopsis	Plants	355	False
P46013	Homo	Metazoa	3256	False
P46014	Arabidopsis	Plants	581	True
P46059	Homo	Metazoa	708	True
P46060	Homo	Metazoa	587	False
P46061	Mus	Metazoa	589	False
P46062	Mus	Metazoa	1037	False
P46063	Homo	Metazoa	649	False
P46087	Homo	Metazoa	812	False
P46089	Homo	Metazoa	330	True
P46091	Homo	Metazoa	355	True
P46092	Homo	Metazoa	362	True
P46093	Homo	Metazoa	362	True
P46094	Homo	Metazoa	333	True
P46099	Mus	Metazoa	358	False
P46100	Homo	Metazoa	2492	False
P46101	Rattus	Metazoa	859	True
P46150	melanogaster subgroup	Metazoa	578	False
P46153	Rattus	Metazoa	587	False
P46198	Bos	Metazoa	727	False
P46199	Homo	Metazoa	727	False
P46248	Arabidopsis	Plants	453	False
P46309	Arabidopsis	Plants	522	False
P46310	Arabidopsis	Plants	446	False
P46367	Saccharomyces cerevisiae	Fungi	519	False
P46379	Homo	Metazoa	1132	False
P46414	Mus	Metazoa	197	False
P46422	Arabidopsis	Plants	212	False
P46462	Rattus	Metazoa	806	False
P46489	Flaveria	Plants	453	False
P46527	Homo	Metazoa	198	False
P46561	Caenorhabditis	Metazoa	538	False
P46580	Caenorhabditis	Metazoa	734	False
P46607	Arabidopsis	Plants	747	False
P46609	Oryza sativa	Plants	361	False
P46637	Arabidopsis	Plants	342	False
P46643	Arabidopsis	Plants	430	False
P46644	Arabidopsis	Plants	449	False
P46655	Saccharomyces cerevisiae	Fungi	708	False
P46667	Arabidopsis	Plants	312	False
P46668	Arabidopsis	Plants	311	False
P46669	Saccharomyces cerevisiae	Fungi	326	False
P46673	Saccharomyces cerevisiae	Fungi	744	False
P46674	Saccharomyces cerevisiae	Fungi	1301	False
P46676	Saccharomyces cerevisiae	Fungi	1062	False
P46677	Saccharomyces cerevisiae	Fungi	1066	False
P46678	Saccharomyces cerevisiae	Fungi	594	False
P46681	Saccharomyces cerevisiae	Fungi	530	False
P46684	Mus	Metazoa	447	False
P46720	Rattus	Metazoa	670	True
P46721	Homo	Metazoa	670	True
P46736	Homo	Metazoa	316	False
P46777	Homo	Metazoa	297	False
P46778	Homo	Metazoa	160	False
P46781	Homo	Metazoa	194	False
P46782	Homo	Metazoa	204	False
P46783	Homo	Metazoa	165	False
P46822	Caenorhabditis	Metazoa	540	False
P46896	Gallus	Metazoa	490	True
P46897	Arabidopsis	Plants	258	False
P46933	Rattus	Metazoa	711	False
P46934	Homo	Metazoa	1319	False
P46935	Mus	Metazoa	887	False
P46937	Homo	Metazoa	504	False
P46938	Mus	Metazoa	488	False
P46939	Homo	Metazoa	3433	False
P46940	Homo	Metazoa	1657	False
P46943	Saccharomyces cerevisiae	Fungi	645	False
P46946	Saccharomyces cerevisiae	Fungi	345	False
P46947	Saccharomyces cerevisiae	Fungi	266	False
P46948	Saccharomyces cerevisiae	Fungi	246	False
P46951	Saccharomyces cerevisiae	Fungi	817	False
P46959	Saccharomyces cerevisiae	Fungi	383	False
P46962	Saccharomyces cerevisiae	Fungi	323	False
P46963	Saccharomyces cerevisiae	Fungi	296	False
P46972	Saccharomyces cerevisiae	Fungi	177	False
P46984	Saccharomyces cerevisiae	Fungi	123	False
P46995	Saccharomyces cerevisiae	Fungi	733	False
P47002	Saccharomyces cerevisiae	Fungi	699	False
P47006	Saccharomyces cerevisiae	Fungi	233	False
P47017	Saccharomyces cerevisiae	Fungi	172	False
P47025	Saccharomyces cerevisiae	Fungi	714	False
P47027	Saccharomyces cerevisiae	Fungi	764	False
P47035	Saccharomyces cerevisiae	Fungi	1189	False
P47037	Saccharomyces cerevisiae	Fungi	1230	False
P47039	Saccharomyces cerevisiae	Fungi	444	False
P47041	Saccharomyces cerevisiae	Fungi	543	False
P47043	Saccharomyces cerevisiae	Fungi	880	False
P47047	Saccharomyces cerevisiae	Fungi	1073	False
P47050	Saccharomyces cerevisiae	Fungi	842	False
P47054	Saccharomyces cerevisiae	Fungi	1683	False
P47057	Saccharomyces cerevisiae	Fungi	423	False
P47058	Saccharomyces cerevisiae	Fungi	250	False
P47069	Saccharomyces cerevisiae	Fungi	682	False
P47074	Saccharomyces cerevisiae	Fungi	515	False
P47076	Saccharomyces cerevisiae	Fungi	161	False
P47077	Saccharomyces cerevisiae	Fungi	666	False
P47083	Saccharomyces cerevisiae	Fungi	593	False
P47087	Saccharomyces cerevisiae	Fungi	132	False
P47093	Saccharomyces cerevisiae	Fungi	109	False
P47096	Saccharomyces cerevisiae	Fungi	177	False
P47102	Saccharomyces cerevisiae	Fungi	1408	False
P47112	Saccharomyces cerevisiae	Fungi	604	False
P47114	Saccharomyces cerevisiae	Fungi	497	True
P47116	Saccharomyces cerevisiae	Fungi	818	False
P47119	Saccharomyces cerevisiae	Fungi	197	False
P47120	Saccharomyces cerevisiae	Fungi	325	False
P47130	Saccharomyces cerevisiae	Fungi	423	False
P47149	Saccharomyces cerevisiae	Fungi	201	False
P47154	Saccharomyces cerevisiae	Fungi	453	True
P47164	Saccharomyces cerevisiae	Fungi	639	False
P47171	Saccharomyces cerevisiae	Fungi	1648	False
P47196	Rattus	Metazoa	480	False
P47211	Homo	Metazoa	349	True
P47239	Mus	Metazoa	503	False
P47709	Rattus	Metazoa	684	False
P47712	Homo	Metazoa	749	False
P47746	Mus	Metazoa	473	False
P47806	Mus	Metazoa	1111	False
P47809	Mus	Metazoa	397	False
P47811	Mus	Metazoa	360	False
P47817	Xenopus	Metazoa	555	False
P47821	Saccharomyces cerevisiae	Fungi	323	False
P47822	Saccharomyces cerevisiae	Fungi	140	False
P47824	Rattus	Metazoa	399	True
P47825	melanogaster subgroup	Metazoa	921	False
P47862	Rattus	Metazoa	292	True
P47863	Rattus	Metazoa	323	True
P47897	Homo	Metazoa	775	False
P47898	Homo	Metazoa	357	True
P47900	Homo	Metazoa	373	True
P47901	Homo	Metazoa	424	True
P47902	Homo	Metazoa	265	False
P47924	Arabidopsis	Plants	543	False
P47928	Homo	Metazoa	161	False
P47929	Homo	Metazoa	136	False
P47938	melanogaster subgroup	Metazoa	107	False
P47973	Rattus	Metazoa	320	False
P47974	Homo	Metazoa	494	False
P47977	Saccharomyces cerevisiae	Fungi	285	False
P47979	Schizosaccharomyces pombe	Fungi	404	False
P47987	Rattus	Metazoa	182	True
P47999	Arabidopsis	Plants	392	False
P48003	Schizosaccharomyces pombe	Fungi	139	False
P48007	Arabidopsis	Plants	208	False
P48010	Schizosaccharomyces pombe	Fungi	464	False
P48023	Homo	Metazoa	281	True
P48029	Homo	Metazoa	635	True
P48039	Homo	Metazoa	350	True
P48044	Bos	Metazoa	370	True
P48048	Homo	Metazoa	391	True
P48059	Homo	Metazoa	325	False
P48067	Homo	Metazoa	706	False
P48145	Homo	Metazoa	328	True
P48146	Homo	Metazoa	333	True
P48148	melanogaster subgroup	Metazoa	192	False
P48164	Saccharomyces cerevisiae	Fungi	190	False
P48165	Homo	Metazoa	433	True
P48183	Zea	Plants	353	True
P48201	Homo	Metazoa	142	True
P48231	Saccharomyces cerevisiae	Fungi	1178	False
P48237	Saccharomyces cerevisiae	Fungi	864	False
P48240	Saccharomyces cerevisiae	Fungi	250	False
P48349	Arabidopsis	Plants	248	False
P48360	Saccharomyces cerevisiae	Fungi	493	False
P48376	Caenorhabditis	Metazoa	187	False
P48380	Homo	Metazoa	749	False
P48381	Mus	Metazoa	749	False
P48382	Homo	Metazoa	616	False
P48412	Saccharomyces cerevisiae	Fungi	387	False
P48426	Homo	Metazoa	406	False
P48430	Gallus	Metazoa	315	False
P48432	Mus	Metazoa	319	False
P48434	Gallus	Metazoa	494	False
P48436	Homo	Metazoa	509	False
P48437	Mus	Metazoa	737	False
P48443	Homo	Metazoa	463	False
P48455	Mus	Metazoa	513	False
P48482	Arabidopsis	Plants	312	False
P48483	Arabidopsis	Plants	322	False
P48484	Arabidopsis	Plants	321	False
P48486	Arabidopsis	Plants	322	False
P48491	Arabidopsis	Plants	254	False
P48509	Homo	Metazoa	253	True
P48512	Arabidopsis	Plants	312	False
P48547	Homo	Metazoa	511	False
P48552	Homo	Metazoa	1158	False
P48558	Saccharomyces cerevisiae	Fungi	297	True
P48561	Saccharomyces cerevisiae	Fungi	642	False
P48567	Saccharomyces cerevisiae	Fungi	403	False
P48595	Homo	Metazoa	397	False
P48598	melanogaster subgroup	Metazoa	259	False
P48608	melanogaster subgroup	Metazoa	1091	False
P48612	melanogaster subgroup	Metazoa	395	False
P48634	Homo	Metazoa	2157	False
P48644	Bos	Metazoa	501	False
P48664	Homo	Metazoa	564	True
P48678	Mus	Metazoa	665	False
P48721	Rattus	Metazoa	679	False
P48727	Caenorhabditis	Metazoa	333	False
P48730	Homo	Metazoa	415	False
P48736	Homo	Metazoa	1102	False
P48751	Homo	Metazoa	1232	False
P48772	Mus	Metazoa	70	True
P48809	melanogaster subgroup	Metazoa	421	False
P48813	Saccharomyces cerevisiae	Fungi	663	False
P48837	Saccharomyces cerevisiae	Fungi	541	False
P48972	Mus	Metazoa	704	False
P48985	Mus	Metazoa	351	False
P48987	melanogaster subgroup	Metazoa	312	False
P48994	melanogaster subgroup	Metazoa	1124	False
P48995	Homo	Metazoa	793	False
P48996	Caenorhabditis	Metazoa	1469	False
P48999	Mus	Metazoa	674	False
P49005	Homo	Metazoa	469	False
P49017	Saccharomyces cerevisiae	Fungi	307	False
P49019	Homo	Metazoa	387	True
P49021	melanogaster subgroup	Metazoa	1398	False
P49028	melanogaster subgroup	Metazoa	147	False
P49107	Arabidopsis	Plants	171	False
P49116	Homo	Metazoa	596	False
P49137	Homo	Metazoa	400	False
P49138	Mus	Metazoa	386	False
P49146	Homo	Metazoa	381	True
P49177	Arabidopsis	Plants	377	False
P49187	Rattus	Metazoa	464	False
P49207	Homo	Metazoa	117	False
P49222	Mus	Metazoa	691	False
P49235	Zea	Plants	566	False
P49238	Homo	Metazoa	355	True
P49281	Homo	Metazoa	568	True
P49282	Mus	Metazoa	568	True
P49286	Homo	Metazoa	362	True
P49334	Saccharomyces cerevisiae	Fungi	152	False
P49335	Homo	Metazoa	361	False
P49407	Homo	Metazoa	418	False
P49411	Homo	Metazoa	455	False
P49419	Homo	Metazoa	539	False
P49427	Homo	Metazoa	236	False
P49435	Saccharomyces cerevisiae	Fungi	187	False
P49443	Mus	Metazoa	382	False
P49448	Homo	Metazoa	558	False
P49450	Homo	Metazoa	140	False
P49454	Homo	Metazoa	3114	False
P49573	Saccharomyces cerevisiae	Fungi	406	False
P49584	Cricetulus	Metazoa	367	False
P49585	Homo	Metazoa	367	False
P49588	Homo	Metazoa	968	False
P49590	Homo	Metazoa	506	False
P49591	Homo	Metazoa	514	False
P49597	Arabidopsis	Plants	434	False
P49599	Arabidopsis	Plants	388	False
P49619	Homo	Metazoa	791	False
P49626	Saccharomyces cerevisiae	Fungi	362	False
P49653	Rattus	Metazoa	472	True
P49654	Rattus	Metazoa	397	True
P49662	Homo	Metazoa	377	False
P49675	Homo	Metazoa	285	False
P49677	Arabidopsis	Plants	168	False
P49678	Arabidopsis	Plants	174	False
P49682	Homo	Metazoa	368	True
P49683	Homo	Metazoa	370	True
P49685	Homo	Metazoa	360	True
P49686	Saccharomyces cerevisiae	Fungi	430	False
P49687	Saccharomyces cerevisiae	Fungi	1317	False
P49698	Mus	Metazoa	474	False
P49703	Homo	Metazoa	201	False
P49704	Saccharomyces cerevisiae	Fungi	494	False
P49711	Homo	Metazoa	727	False
P49715	Homo	Metazoa	358	False
P49720	Homo	Metazoa	205	False
P49721	Homo	Metazoa	201	False
P49722	Mus	Metazoa	234	False
P49723	Saccharomyces cerevisiae	Fungi	345	False
P49728	Chlamydomonas	Plants	206	True
P49736	Homo	Metazoa	904	False
P49739	Xenopus	Metazoa	807	False
P49748	Homo	Metazoa	655	False
P49753	Homo	Metazoa	483	False
P49754	Homo	Metazoa	854	False
P49756	Homo	Metazoa	843	False
P49757	Homo	Metazoa	651	False
P49758	Homo	Metazoa	472	False
P49760	Homo	Metazoa	499	False
P49761	Homo	Metazoa	490	False
P49762	melanogaster subgroup	Metazoa	832	False
P49768	Homo	Metazoa	467	True
P49769	Mus	Metazoa	467	True
P49773	Homo	Metazoa	126	False
P49775	Saccharomyces cerevisiae	Fungi	206	False
P49777	Schizosaccharomyces pombe	Fungi	522	False
P49789	Homo	Metazoa	147	False
P49790	Homo	Metazoa	1475	False
P49791	Rattus	Metazoa	1468	False
P49792	Homo	Metazoa	3224	False
P49793	Rattus	Metazoa	1816	False
P49796	Homo	Metazoa	1198	False
P49802	Homo	Metazoa	495	False
P49804	Rattus	Metazoa	180	False
P49815	Homo	Metazoa	1807	False
P49841	Homo	Metazoa	420	False
P49842	Homo	Metazoa	254	False
P49847	melanogaster subgroup	Metazoa	606	False
P49848	Homo	Metazoa	677	False
P49866	melanogaster subgroup	Metazoa	704	False
P49869	melanogaster subgroup	Metazoa	1073	False
P49880	Stegomyia	Metazoa	776	False
P49887	Cavia	Metazoa	296	False
P49888	Homo	Metazoa	294	False
P49902	Homo	Metazoa	561	False
P49903	Homo	Metazoa	392	False
P49905	melanogaster subgroup	Metazoa	196	False
P49906	melanogaster subgroup	Metazoa	196	False
P49915	Homo	Metazoa	693	False
P49916	Homo	Metazoa	1009	False
P49917	Homo	Metazoa	911	False
P49919	Mus	Metazoa	348	False
P49957	Saccharomyces cerevisiae	Fungi	279	False
P49959	Homo	Metazoa	708	False
P50077	Saccharomyces cerevisiae	Fungi	2039	False
P50085	Saccharomyces cerevisiae	Fungi	310	True
P50091	Saccharomyces cerevisiae	Fungi	288	False
P50093	Caenorhabditis	Metazoa	294	True
P50101	Saccharomyces cerevisiae	Fungi	1230	False
P50105	Saccharomyces cerevisiae	Fungi	388	False
P50106	Saccharomyces cerevisiae	Fungi	137	False
P50110	Saccharomyces cerevisiae	Fungi	327	True
P50116	Rattus	Metazoa	113	False
P50148	Homo	Metazoa	359	False
P50213	Homo	Metazoa	366	False
P50219	Homo	Metazoa	401	False
P50222	Homo	Metazoa	304	False
P50258	Badhamia	Other	450	False
P50318	Arabidopsis	Plants	478	False
P50391	Homo	Metazoa	375	True
P50402	Homo	Metazoa	254	False
P50406	Homo	Metazoa	440	True
P50416	Homo	Metazoa	773	True
P50440	Homo	Metazoa	423	False
P50443	Homo	Metazoa	739	False
P50463	Rattus	Metazoa	194	False
P50464	Caenorhabditis	Metazoa	348	False
P50479	Homo	Metazoa	330	False
P50516	Mus	Metazoa	617	False
P50531	Schizosaccharomyces pombe	Fungi	606	False
P50534	melanogaster subgroup	Metazoa	773	False
P50535	melanogaster subgroup	Metazoa	1039	False
P50536	melanogaster subgroup	Metazoa	512	False
P50539	Homo	Metazoa	228	False
P50540	Mus	Metazoa	228	False
P50542	Homo	Metazoa	639	False
P50545	Rattus	Metazoa	524	False
P50548	Homo	Metazoa	548	False
P50552	Homo	Metazoa	380	False
P50565	Chlamydomonas	Plants	153	False
P50582	Schizosaccharomyces pombe	Fungi	507	False
P50586	Mus	Metazoa	505	False
P50591	Homo	Metazoa	281	True
P50613	Homo	Metazoa	346	False
P50617	Rattus	Metazoa	707	False
P50623	Saccharomyces cerevisiae	Fungi	157	False
P50748	Homo	Metazoa	2209	False
P50749	Homo	Metazoa	326	False
P50750	Homo	Metazoa	372	False
P50861	Saccharomyces cerevisiae	Fungi	169	False
P50874	Saccharomyces cerevisiae	Fungi	479	False
P50875	Saccharomyces cerevisiae	Fungi	604	False
P50876	Homo	Metazoa	292	False
P50947	Saccharomyces cerevisiae	Fungi	330	False
P50993	Homo	Metazoa	1020	True
P50995	Homo	Metazoa	505	False
P51003	Homo	Metazoa	745	False
P51023	melanogaster subgroup	Metazoa	718	False
P51114	Homo	Metazoa	621	False
P51123	melanogaster subgroup	Metazoa	2129	False
P51140	melanogaster subgroup	Metazoa	623	False
P51141	Mus	Metazoa	695	False
P51142	Xenopus	Metazoa	736	False
P51145	Rattus	Metazoa	326	False
P51153	Homo	Metazoa	203	False
P51154	Canis lupus	Metazoa	194	False
P51158	Rattus	Metazoa	221	False
P51163	Mus	Metazoa	265	False
P51168	Homo	Metazoa	640	True
P51170	Homo	Metazoa	649	True
P51172	Homo	Metazoa	802	False
P51175	Mus	Metazoa	477	False
P51178	Homo	Metazoa	756	False
P51398	Homo	Metazoa	398	False
P51432	Mus	Metazoa	1234	False
P51448	Mus	Metazoa	523	False
P51449	Homo	Metazoa	518	False
P51450	Mus	Metazoa	516	False
P51452	Homo	Metazoa	185	False
P51514	Rattus	Metazoa	707	False
P51521	melanogaster subgroup	Metazoa	1351	False
P51530	Homo	Metazoa	1060	False
P51531	Homo	Metazoa	1590	False
P51532	Homo	Metazoa	1647	False
P51553	Homo	Metazoa	393	False
P51555	Entamoeba histolytica	Other	436	False
P51556	Rattus	Metazoa	727	False
P51557	Mus	Metazoa	284	False
P51575	Homo	Metazoa	399	True
P51577	Rattus	Metazoa	388	True
P51579	Rattus	Metazoa	389	True
P51582	Homo	Metazoa	365	True
P51587	Homo	Metazoa	3418	False
P51592	melanogaster subgroup	Metazoa	2885	False
P51593	Rattus	Metazoa	4454	False
P51610	Homo	Metazoa	2035	False
P51617	Homo	Metazoa	712	False
P51636	Homo	Metazoa	162	False
P51637	Mus	Metazoa	151	False
P51638	Rattus	Metazoa	151	False
P51649	Homo	Metazoa	535	False
P51662	Oryctolagus	Metazoa	346	False
P51677	Homo	Metazoa	355	True
P51679	Homo	Metazoa	360	True
P51681	Homo	Metazoa	352	True
P51683	Mus	Metazoa	373	True
P51684	Homo	Metazoa	374	True
P51685	Homo	Metazoa	355	True
P51692	Homo	Metazoa	787	False
P51784	Homo	Metazoa	963	False
P51787	Homo	Metazoa	676	False
P51788	Homo	Metazoa	898	True
P51790	Homo	Metazoa	818	False
P51791	Mus	Metazoa	818	False
P51795	Homo	Metazoa	816	False
P51801	Homo	Metazoa	687	True
P51808	Homo	Metazoa	116	False
P51810	Homo	Metazoa	404	True
P51812	Homo	Metazoa	740	False
P51816	Homo	Metazoa	1311	False
P51817	Homo	Metazoa	358	False
P51825	Homo	Metazoa	1210	False
P51826	Homo	Metazoa	1226	False
P51827	Mus	Metazoa	1254	False
P51830	Mus	Metazoa	1353	False
P51843	Homo	Metazoa	470	False
P51858	Homo	Metazoa	240	False
P51860	Mus	Metazoa	460	False
P51864	Homo	Metazoa	188	False
P51906	Mus	Metazoa	523	True
P51907	Rattus	Metazoa	523	True
P51912	Mus	Metazoa	553	True
P51943	Mus	Metazoa	422	False
P51946	Homo	Metazoa	323	False
P51948	Homo	Metazoa	309	False
P51949	Mus	Metazoa	309	False
P51955	Homo	Metazoa	445	False
P51959	Homo	Metazoa	295	False
P51960	Mus	Metazoa	751	False
P51965	Homo	Metazoa	193	False
P51970	Homo	Metazoa	172	False
P51974	Rattus	Metazoa	457	False
P52164	Rattus	Metazoa	160	False
P52168	melanogaster subgroup	Metazoa	540	False
P52172	melanogaster subgroup	Metazoa	1264	False
P52175	Bos	Metazoa	152	False
P52188	Rattus	Metazoa	427	True
P52189	Mus	Metazoa	445	True
P52190	Rattus	Metazoa	446	True
P52272	Homo	Metazoa	730	False
P52285	Dictyostelium	Other	162	False
P52286	Saccharomyces cerevisiae	Fungi	194	False
P52292	Homo	Metazoa	529	False
P52294	Homo	Metazoa	538	False
P52295	melanogaster subgroup	Metazoa	522	False
P52296	Rattus	Metazoa	875	False
P52298	Homo	Metazoa	156	False
P52301	Xenopus	Metazoa	216	False
P52306	Homo	Metazoa	607	False
P52426	Spinacia	Plants	435	False
P52434	Homo	Metazoa	150	False
P52435	Homo	Metazoa	117	False
P52483	Mus	Metazoa	207	False
P52488	Saccharomyces cerevisiae	Fungi	636	False
P52490	Saccharomyces cerevisiae	Fungi	153	False
P52500	Rattus	Metazoa	384	True
P52503	Mus	Metazoa	116	False
P52505	Bos	Metazoa	156	False
P52553	Saccharomyces cerevisiae	Fungi	114	False
P52564	Homo	Metazoa	334	False
P52566	Homo	Metazoa	201	False
P52569	Homo	Metazoa	658	True
P52591	Rattus	Metazoa	1199	True
P52593	Saccharomyces cerevisiae	Fungi	1655	False
P52594	Homo	Metazoa	562	False
P52597	Homo	Metazoa	415	False
P52630	Homo	Metazoa	851	False
P52631	Rattus	Metazoa	770	False
P52633	Mus	Metazoa	837	False
P52654	melanogaster subgroup	Metazoa	366	False
P52655	Homo	Metazoa	376	False
P52656	melanogaster subgroup	Metazoa	106	False
P52657	Homo	Metazoa	109	False
P52701	Homo	Metazoa	1360	False
P52739	Homo	Metazoa	623	False
P52756	Homo	Metazoa	815	False
P52758	Homo	Metazoa	137	False
P52759	Rattus	Metazoa	137	False
P52789	Homo	Metazoa	917	False
P52792	Mus	Metazoa	465	False
P52815	Homo	Metazoa	198	False
P52824	Homo	Metazoa	942	False
P52842	Macaca	Metazoa	285	False
P52890	Schizosaccharomyces pombe	Fungi	566	False
P52891	Saccharomyces cerevisiae	Fungi	726	False
P52893	Saccharomyces cerevisiae	Fungi	592	False
P52909	Rattus	Metazoa	341	False
P52910	Saccharomyces cerevisiae	Fungi	683	False
P52912	Mus	Metazoa	386	False
P52920	Saccharomyces cerevisiae	Fungi	328	False
P52923	Saccharomyces cerevisiae	Fungi	378	True
P52926	Homo	Metazoa	109	False
P52927	Mus	Metazoa	108	False
P52945	Homo	Metazoa	283	False
P52946	Mus	Metazoa	284	False
P52948	Homo	Metazoa	1817	False
P52952	Homo	Metazoa	324	False
P52960	Saccharomyces cerevisiae	Fungi	996	False
P53004	Homo	Metazoa	296	False
P53011	Saccharomyces cerevisiae	Fungi	349	False
P53032	Saccharomyces cerevisiae	Fungi	299	False
P53034	melanogaster subgroup	Metazoa	331	False
P53040	Saccharomyces cerevisiae	Fungi	516	False
P53041	Homo	Metazoa	499	False
P53042	Rattus	Metazoa	499	False
P53043	Saccharomyces cerevisiae	Fungi	513	False
P53049	Saccharomyces cerevisiae	Fungi	1477	False
P53051	Saccharomyces cerevisiae	Fungi	589	False
P53061	Saccharomyces cerevisiae	Fungi	704	False
P53062	Saccharomyces cerevisiae	Fungi	197	True
P53063	Saccharomyces cerevisiae	Fungi	387	False
P53064	Saccharomyces cerevisiae	Fungi	558	False
P53067	Saccharomyces cerevisiae	Fungi	1004	False
P53068	Saccharomyces cerevisiae	Fungi	250	False
P53076	Saccharomyces cerevisiae	Fungi	958	False
P53082	Saccharomyces cerevisiae	Fungi	120	False
P53083	Saccharomyces cerevisiae	Fungi	459	False
P53088	Saccharomyces cerevisiae	Fungi	359	False
P53096	Saccharomyces cerevisiae	Fungi	452	False
P53112	Saccharomyces cerevisiae	Fungi	341	False
P53114	Saccharomyces cerevisiae	Fungi	1132	False
P53115	Saccharomyces cerevisiae	Fungi	1489	False
P53119	Saccharomyces cerevisiae	Fungi	910	False
P53127	Saccharomyces cerevisiae	Fungi	1403	False
P53131	Saccharomyces cerevisiae	Fungi	767	False
P53140	Saccharomyces cerevisiae	Fungi	646	False
P53148	Saccharomyces cerevisiae	Fungi	917	False
P53150	Saccharomyces cerevisiae	Fungi	421	False
P53152	Saccharomyces cerevisiae	Fungi	137	False
P53154	Saccharomyces cerevisiae	Fungi	560	True
P53157	Saccharomyces cerevisiae	Fungi	130	True
P53159	Saccharomyces cerevisiae	Fungi	387	False
P53163	Saccharomyces cerevisiae	Fungi	194	False
P53164	Saccharomyces cerevisiae	Fungi	384	False
P53165	Saccharomyces cerevisiae	Fungi	657	False
P53166	Saccharomyces cerevisiae	Fungi	561	False
P53167	Saccharomyces cerevisiae	Fungi	370	False
P53168	Saccharomyces cerevisiae	Fungi	247	False
P53170	Saccharomyces cerevisiae	Fungi	491	False
P53184	Saccharomyces cerevisiae	Fungi	216	False
P53192	Saccharomyces cerevisiae	Fungi	235	True
P53193	Saccharomyces cerevisiae	Fungi	184	False
P53196	Saccharomyces cerevisiae	Fungi	417	False
P53197	Saccharomyces cerevisiae	Fungi	566	False
P53201	Saccharomyces cerevisiae	Fungi	476	False
P53204	Saccharomyces cerevisiae	Fungi	395	False
P53207	Saccharomyces cerevisiae	Fungi	620	False
P53208	Saccharomyces cerevisiae	Fungi	328	False
P53218	Saccharomyces cerevisiae	Fungi	158	False
P53219	Saccharomyces cerevisiae	Fungi	342	False
P53226	Saccharomyces cerevisiae	Fungi	547	False
P53230	Saccharomyces cerevisiae	Fungi	385	False
P53236	Saccharomyces cerevisiae	Fungi	928	False
P53238	Saccharomyces cerevisiae	Fungi	335	False
P53251	Saccharomyces cerevisiae	Fungi	210	False
P53254	Saccharomyces cerevisiae	Fungi	1237	False
P53255	Saccharomyces cerevisiae	Fungi	507	False
P53256	Saccharomyces cerevisiae	Fungi	223	False
P53259	Saccharomyces cerevisiae	Fungi	346	False
P53261	Saccharomyces cerevisiae	Fungi	605	False
P53264	Saccharomyces cerevisiae	Fungi	445	False
P53267	Saccharomyces cerevisiae	Fungi	343	False
P53276	Saccharomyces cerevisiae	Fungi	713	False
P53277	Saccharomyces cerevisiae	Fungi	215	False
P53281	Saccharomyces cerevisiae	Fungi	241	False
P53294	Saccharomyces cerevisiae	Fungi	404	False
P53297	Saccharomyces cerevisiae	Fungi	722	False
P53298	Saccharomyces cerevisiae	Fungi	406	False
P53299	Saccharomyces cerevisiae	Fungi	105	False
P53303	Saccharomyces cerevisiae	Fungi	486	False
P53309	Saccharomyces cerevisiae	Fungi	568	False
P53311	Saccharomyces cerevisiae	Fungi	146	True
P53317	Saccharomyces cerevisiae	Fungi	196	False
P53318	Saccharomyces cerevisiae	Fungi	479	False
P53323	Saccharomyces cerevisiae	Fungi	261	False
P53327	Saccharomyces cerevisiae	Fungi	1967	False
P53330	Saccharomyces cerevisiae	Fungi	157	False
P53335	Saccharomyces cerevisiae	Fungi	271	False
P53350	Homo	Metazoa	603	False
P53352	Gallus	Metazoa	877	False
P53369	Rattus	Metazoa	156	False
P53370	Homo	Metazoa	316	False
P53396	Homo	Metazoa	1101	False
P53397	Saccharomyces cerevisiae	Fungi	376	False
P53507	Saccharomyces cerevisiae	Fungi	60	True
P53538	Saccharomyces cerevisiae	Fungi	206	False
P53540	Saccharomyces cerevisiae	Fungi	846	False
P53552	Saccharomyces cerevisiae	Fungi	1597	False
P53563	Rattus	Metazoa	233	False
P53564	Mus	Metazoa	1515	False
P53566	Mus	Metazoa	359	False
P53568	Mus	Metazoa	150	False
P53598	Saccharomyces cerevisiae	Fungi	329	False
P53615	Saccharomyces cerevisiae	Fungi	221	False
P53618	Homo	Metazoa	953	False
P53620	Bos	Metazoa	874	False
P53628	Saccharomyces cerevisiae	Fungi	566	False
P53632	Saccharomyces cerevisiae	Fungi	584	False
P53667	Homo	Metazoa	647	False
P53669	Rattus	Metazoa	647	False
P53671	Homo	Metazoa	638	False
P53685	Saccharomyces cerevisiae	Fungi	503	False
P53686	Saccharomyces cerevisiae	Fungi	357	False
P53687	Saccharomyces cerevisiae	Fungi	447	False
P53688	Saccharomyces cerevisiae	Fungi	370	False
P53692	Schizosaccharomyces pombe	Fungi	1140	False
P53694	Schizosaccharomyces pombe	Fungi	308	False
P53720	Saccharomyces cerevisiae	Fungi	384	False
P53721	Saccharomyces cerevisiae	Fungi	224	True
P53722	Saccharomyces cerevisiae	Fungi	227	False
P53725	Saccharomyces cerevisiae	Fungi	186	False
P53734	Saccharomyces cerevisiae	Fungi	629	False
P53738	Saccharomyces cerevisiae	Fungi	135	False
P53739	Saccharomyces cerevisiae	Fungi	893	False
P53742	Saccharomyces cerevisiae	Fungi	486	False
P53743	Saccharomyces cerevisiae	Fungi	316	False
P53769	Saccharomyces cerevisiae	Fungi	259	False
P53778	Homo	Metazoa	367	False
P53779	Homo	Metazoa	464	False
P53780	Arabidopsis	Plants	464	False
P53784	Mus	Metazoa	375	False
P53803	Homo	Metazoa	58	False
P53804	Homo	Metazoa	2025	False
P53810	Mus	Metazoa	271	False
P53812	Rattus	Metazoa	271	False
P53817	Rattus	Metazoa	160	False
P53833	Saccharomyces cerevisiae	Fungi	195	False
P53838	Saccharomyces cerevisiae	Fungi	576	True
P53839	Saccharomyces cerevisiae	Fungi	350	False
P53840	Saccharomyces cerevisiae	Fungi	1238	False
P53846	Saccharomyces cerevisiae	Fungi	162	False
P53848	Saccharomyces cerevisiae	Fungi	824	False
P53853	Saccharomyces cerevisiae	Fungi	264	False
P53859	Saccharomyces cerevisiae	Fungi	292	False
P53866	Saccharomyces cerevisiae	Fungi	767	False
P53867	Saccharomyces cerevisiae	Fungi	494	False
P53874	Saccharomyces cerevisiae	Fungi	792	False
P53877	Saccharomyces cerevisiae	Fungi	555	False
P53879	Saccharomyces cerevisiae	Fungi	331	False
P53886	Saccharomyces cerevisiae	Fungi	1748	False
P53895	Saccharomyces cerevisiae	Fungi	289	False
P53899	Saccharomyces cerevisiae	Fungi	274	False
P53905	Saccharomyces cerevisiae	Fungi	115	False
P53909	Saccharomyces cerevisiae	Fungi	347	False
P53911	Saccharomyces cerevisiae	Fungi	425	False
P53914	Saccharomyces cerevisiae	Fungi	1056	False
P53919	Saccharomyces cerevisiae	Fungi	492	False
P53920	Saccharomyces cerevisiae	Fungi	997	False
P53927	Saccharomyces cerevisiae	Fungi	220	False
P53930	Saccharomyces cerevisiae	Fungi	226	False
P53940	Saccharomyces cerevisiae	Fungi	528	False
P53941	Saccharomyces cerevisiae	Fungi	290	False
P53942	Saccharomyces cerevisiae	Fungi	307	False
P53946	Saccharomyces cerevisiae	Fungi	755	False
P53955	Saccharomyces cerevisiae	Fungi	656	False
P53968	Saccharomyces cerevisiae	Fungi	678	False
P53969	Saccharomyces cerevisiae	Fungi	484	False
P53971	Saccharomyces cerevisiae	Fungi	965	False
P53972	Saccharomyces cerevisiae	Fungi	490	False
P53973	Saccharomyces cerevisiae	Fungi	706	False
P53981	Saccharomyces cerevisiae	Fungi	241	False
P53983	Saccharomyces cerevisiae	Fungi	676	True
P53985	Homo	Metazoa	500	True
P53986	Mus	Metazoa	493	True
P53987	Rattus	Metazoa	494	True
P53988	Mesocricetus	Metazoa	484	True
P53990	Homo	Metazoa	364	False
P53992	Homo	Metazoa	1094	False
P53996	Mus	Metazoa	178	False
P53999	Homo	Metazoa	127	False
P54071	Mus	Metazoa	452	False
P54074	Saccharomyces cerevisiae	Fungi	624	True
P54098	Homo	Metazoa	1239	False
P54103	Mus	Metazoa	621	False
P54105	Homo	Metazoa	237	False
P54113	Saccharomyces cerevisiae	Fungi	591	False
P54132	Homo	Metazoa	1417	False
P54136	Homo	Metazoa	660	False
P54144	Arabidopsis	Plants	501	True
P54150	Arabidopsis	Plants	258	False
P54198	Homo	Metazoa	1017	False
P54252	Homo	Metazoa	361	False
P54253	Homo	Metazoa	815	False
P54254	Mus	Metazoa	791	False
P54256	Rattus	Metazoa	629	False
P54258	Rattus	Metazoa	1183	False
P54259	Homo	Metazoa	1190	False
P54265	Mus	Metazoa	631	False
P54274	Homo	Metazoa	439	False
P54278	Homo	Metazoa	862	False
P54310	Mus	Metazoa	759	False
P54345	Chlamydomonas	Plants	156	False
P54346	Chlamydomonas	Plants	153	False
P54347	Chlamydomonas	Plants	153	False
P54358	melanogaster subgroup	Metazoa	1092	False
P54367	melanogaster subgroup	Metazoa	337	False
P54401	Entamoeba histolytica	Other	452	False
P54577	Homo	Metazoa	528	False
P54578	Homo	Metazoa	494	False
P54609	Arabidopsis	Plants	809	False
P54622	melanogaster subgroup	Metazoa	146	False
P54646	Homo	Metazoa	552	False
P54654	Dictyostelium	Other	464	False
P54657	Dictyostelium	Other	213	False
P54671	Dictyostelium	Other	180	False
P54678	Dictyostelium	Other	1115	False
P54679	Dictyostelium	Other	1058	False
P54707	Homo	Metazoa	1039	False
P54708	Rattus	Metazoa	1036	False
P54725	Homo	Metazoa	363	False
P54727	Homo	Metazoa	409	False
P54728	Mus	Metazoa	416	False
P54733	melanogaster subgroup	Metazoa	709	False
P54748	Rattus	Metazoa	844	False
P54783	Saccharomyces cerevisiae	Fungi	526	False
P54784	Saccharomyces cerevisiae	Fungi	914	False
P54785	Saccharomyces cerevisiae	Fungi	490	False
P54789	Schizosaccharomyces pombe	Fungi	707	False
P54790	Saccharomyces cerevisiae	Fungi	616	False
P54791	Saccharomyces cerevisiae	Fungi	529	False
P54841	Mus	Metazoa	323	False
P54842	Rattus	Metazoa	323	False
P54843	Mus	Metazoa	370	False
P54844	Rattus	Metazoa	369	False
P54845	Homo	Metazoa	237	False
P54851	Homo	Metazoa	167	True
P54857	Saccharomyces cerevisiae	Fungi	326	False
P54860	Saccharomyces cerevisiae	Fungi	961	False
P54861	Saccharomyces cerevisiae	Fungi	757	False
P54886	Homo	Metazoa	795	False
P54920	Homo	Metazoa	295	False
P54939	Gallus	Metazoa	2541	False
P54987	Mus	Metazoa	488	False
P55014	Mus	Metazoa	1095	False
P55017	Homo	Metazoa	1021	False
P55018	Rattus	Metazoa	1002	False
P55039	Homo	Metazoa	364	False
P55040	Homo	Metazoa	296	False
P55041	Mus	Metazoa	295	False
P55060	Homo	Metazoa	971	False
P55064	Homo	Metazoa	265	True
P55072	Homo	Metazoa	806	False
P55073	Homo	Metazoa	304	True
P55081	Homo	Metazoa	439	False
P55084	Homo	Metazoa	474	False
P55087	Homo	Metazoa	323	True
P55088	Mus	Metazoa	323	True
P55160	Homo	Metazoa	1127	False
P55197	Homo	Metazoa	1068	False
P55198	Homo	Metazoa	1093	False
P55199	Homo	Metazoa	621	False
P55201	Homo	Metazoa	1214	False
P55209	Homo	Metazoa	391	False
P55210	Homo	Metazoa	303	False
P55212	Homo	Metazoa	293	False
P55217	Arabidopsis	Plants	563	False
P55229	Arabidopsis	Plants	522	False
P55230	Arabidopsis	Plants	518	False
P55241	Zea	Plants	516	False
P55258	Mus	Metazoa	207	False
P55263	Homo	Metazoa	362	False
P55264	Mus	Metazoa	361	False
P55265	Homo	Metazoa	1226	False
P55273	Homo	Metazoa	166	False
P55316	Homo	Metazoa	489	False
P55317	Homo	Metazoa	472	False
P55318	Homo	Metazoa	350	False
P55345	Homo	Metazoa	433	False
P55735	Homo	Metazoa	322	False
P55769	Homo	Metazoa	128	False
P55771	Homo	Metazoa	341	False
P55786	Homo	Metazoa	919	False
P55789	Homo	Metazoa	205	False
P55795	Homo	Metazoa	449	False
P55852	Arabidopsis	Plants	100	False
P55853	Caenorhabditis	Metazoa	91	False
P55854	Homo	Metazoa	103	False
P55861	Xenopus	Metazoa	886	False
P55862	Xenopus	Metazoa	735	False
P55863	Xenopus	Metazoa	309	False
P55917	Ovis	Metazoa	440	True
P55926	Rattus	Metazoa	526	True
P55957	Homo	Metazoa	195	False
P56134	Homo	Metazoa	94	True
P56177	Homo	Metazoa	255	False
P56182	Homo	Metazoa	461	False
P56192	Homo	Metazoa	900	False
P56198	Mus	Metazoa	239	False
P56216	Penicillium	Fungi	560	False
P56222	Rattus	Metazoa	445	False
P56280	Mus	Metazoa	116	False
P56282	Homo	Metazoa	527	False
P56287	Schizosaccharomyces pombe	Fungi	678	False
P56373	Homo	Metazoa	397	True
P56378	Homo	Metazoa	58	True
P56381	Homo	Metazoa	51	False
P56383	Mus	Metazoa	146	True
P56385	Homo	Metazoa	69	False
P56393	Mus	Metazoa	80	True
P56394	Mus	Metazoa	63	False
P56402	Mus	Metazoa	271	True
P56403	Rattus	Metazoa	269	True
P56404	Mus	Metazoa	261	True
P56405	Rattus	Metazoa	263	True
P56477	Mus	Metazoa	497	False
P56480	Mus	Metazoa	529	False
P56485	Mus	Metazoa	362	True
P56501	Mus	Metazoa	308	True
P56522	Rattus	Metazoa	494	False
P56523	Schizosaccharomyces pombe	Fungi	687	False
P56524	Homo	Metazoa	1084	False
P56537	Homo	Metazoa	245	False
P56558	Rattus	Metazoa	1036	False
P56559	Homo	Metazoa	192	False
P56560	Bos	Metazoa	520	False
P56564	Mus	Metazoa	543	True
P56565	Mus	Metazoa	94	False
P56574	Rattus	Metazoa	452	False
P56589	Homo	Metazoa	373	True
P56645	Homo	Metazoa	1201	False
P56671	Mus	Metazoa	477	False
P56693	Homo	Metazoa	466	False
P56745	Rattus	Metazoa	211	True
P56746	Homo	Metazoa	228	True
P56747	Homo	Metazoa	220	True
P56750	Homo	Metazoa	224	True
P56765	Arabidopsis	Plants	488	False
P56772	Arabidopsis	Plants	196	False
P56778	Arabidopsis	Plants	473	True
P56780	Arabidopsis	Plants	73	True
P56857	Mus	Metazoa	264	True
P56880	Homo	Metazoa	219	True
P56915	Homo	Metazoa	257	False
P56931	Mus	Metazoa	443	False
P56960	Mus	Metazoa	887	False
P56962	Homo	Metazoa	302	False
P56975	Homo	Metazoa	720	False
P57052	Homo	Metazoa	281	False
P57053	Homo	Metazoa	126	False
P57059	Homo	Metazoa	783	False
P57071	Homo	Metazoa	1141	False
P57075	Homo	Metazoa	661	False
P57080	Mus	Metazoa	1055	False
P57081	Homo	Metazoa	412	False
P57088	Homo	Metazoa	247	True
P57093	Rattus	Metazoa	338	False
P57105	Homo	Metazoa	145	False
P57678	Homo	Metazoa	1058	False
P57680	Mus	Metazoa	1005	True
P57725	Mus	Metazoa	372	False
P57735	Homo	Metazoa	213	False
P57740	Homo	Metazoa	925	False
P57741	Arabidopsis	Plants	195	False
P57742	Arabidopsis	Plants	151	False
P57743	Saccharomyces cerevisiae	Fungi	89	False
P57752	Arabidopsis	Plants	92	False
P57764	Homo	Metazoa	484	False
P58012	Homo	Metazoa	376	False
P58137	Mus	Metazoa	320	False
P58281	Mus	Metazoa	960	False
P58295	Rattus	Metazoa	799	False
P58334	Mus	Metazoa	251	False
P58390	Mus	Metazoa	574	False
P58391	Mus	Metazoa	732	False
P58406	Mus	Metazoa	445	True
P58418	Homo	Metazoa	232	True
P58467	Mus	Metazoa	439	False
P58501	Mus	Metazoa	919	False
P58735	Mus	Metazoa	704	True
P58753	Homo	Metazoa	221	False
P58876	Homo	Metazoa	126	False
P59044	Homo	Metazoa	892	False
P59047	Homo	Metazoa	1200	False
P59055	Mus	Metazoa	597	False
P59103	Homo	Metazoa	153	False
P59108	Mus	Metazoa	548	False
P59158	Mus	Metazoa	1002	False
P59169	Arabidopsis	Plants	136	False
P59178	Mus	Metazoa	703	False
P59220	Arabidopsis	Plants	149	False
P59226	Arabidopsis	Plants	136	False
P59267	Mus	Metazoa	366	True
P59648	Mus	Metazoa	80	True
P59649	Rattus	Metazoa	80	True
P59923	Homo	Metazoa	1031	False
P59941	Mus	Metazoa	334	False
P59942	Homo	Metazoa	119	False
P59998	Homo	Metazoa	168	False
P60002	Homo	Metazoa	83	False
P60033	Homo	Metazoa	236	True
P60201	Homo	Metazoa	277	True
P60202	Mus	Metazoa	277	True
P60203	Rattus	Metazoa	277	True
P60228	Homo	Metazoa	445	False
P60323	Homo	Metazoa	173	False
P60324	Mus	Metazoa	178	False
P60484	Homo	Metazoa	403	False
P60510	Homo	Metazoa	307	False
P60588	Sus	Metazoa	285	True
P60602	Homo	Metazoa	79	True
P60709	Homo	Metazoa	375	False
P60710	Mus	Metazoa	375	False
P60763	Homo	Metazoa	192	False
P60766	Mus	Metazoa	191	False
P60824	Mus	Metazoa	172	False
P60842	Homo	Metazoa	406	False
P60879	Mus	Metazoa	206	False
P60881	Rattus	Metazoa	206	False
P60896	Homo	Metazoa	70	False
P60900	Homo	Metazoa	246	False
P60953	Homo	Metazoa	191	False
P61006	Homo	Metazoa	207	False
P61011	Homo	Metazoa	504	False
P61020	Homo	Metazoa	215	False
P61023	Rattus	Metazoa	195	False
P61073	Homo	Metazoa	352	True
P61074	Plasmodium falciparum	Other	274	False
P61076	Plasmodium falciparum	Other	617	False
P61077	Homo	Metazoa	147	False
P61088	Homo	Metazoa	152	False
P61092	Mus	Metazoa	282	False
P61158	Homo	Metazoa	418	False
P61160	Homo	Metazoa	394	False
P61168	Mus	Metazoa	444	True
P61169	Rattus	Metazoa	444	True
P61201	Homo	Metazoa	443	False
P61202	Mus	Metazoa	443	False
P61203	Rattus	Metazoa	443	False
P61209	melanogaster subgroup	Metazoa	182	False
P61218	Homo	Metazoa	127	False
P61221	Homo	Metazoa	599	False
P61224	Homo	Metazoa	184	False
P61244	Homo	Metazoa	160	False
P61247	Homo	Metazoa	264	False
P61266	Homo	Metazoa	288	False
P61289	Homo	Metazoa	254	False
P61290	Mus	Metazoa	254	False
P61326	Homo	Metazoa	146	False
P61353	Homo	Metazoa	136	False
P61372	Mus	Metazoa	349	False
P61457	Homo	Metazoa	104	False
P61459	Rattus	Metazoa	104	False
P61460	Mus	Metazoa	1591	False
P61586	Homo	Metazoa	193	False
P61599	Homo	Metazoa	178	False
P61604	Homo	Metazoa	102	False
P61758	Homo	Metazoa	197	False
P61764	Homo	Metazoa	594	False
P61793	Mus	Metazoa	364	True
P61830	Saccharomyces cerevisiae	Fungi	136	False
P61837	Arabidopsis	Plants	286	True
P61956	Homo	Metazoa	95	False
P61960	Homo	Metazoa	85	False
P61961	Mus	Metazoa	85	False
P61962	Homo	Metazoa	342	False
P61964	Homo	Metazoa	334	False
P61965	Mus	Metazoa	334	False
P61970	Homo	Metazoa	127	False
P61972	Rattus	Metazoa	127	False
P61978	Homo	Metazoa	463	False
P61981	Homo	Metazoa	247	False
P61982	Mus	Metazoa	247	False
P62070	Homo	Metazoa	204	False
P62072	Homo	Metazoa	90	False
P62079	Homo	Metazoa	268	True
P62081	Homo	Metazoa	194	False
P62136	Homo	Metazoa	330	False
P62140	Homo	Metazoa	327	False
P62166	Homo	Metazoa	190	False
P62168	Rattus	Metazoa	190	False
P62191	Homo	Metazoa	440	False
P62241	Homo	Metazoa	208	False
P62244	Homo	Metazoa	130	False
P62249	Homo	Metazoa	146	False
P62258	Homo	Metazoa	255	False
P62263	Homo	Metazoa	151	False
P62266	Homo	Metazoa	143	False
P62273	Homo	Metazoa	56	False
P62277	Homo	Metazoa	151	False
P62280	Homo	Metazoa	158	False
P62304	Homo	Metazoa	92	False
P62306	Homo	Metazoa	86	False
P62308	Homo	Metazoa	76	False
P62310	Homo	Metazoa	102	False
P62312	Homo	Metazoa	80	False
P62314	Homo	Metazoa	119	False
P62316	Homo	Metazoa	118	False
P62318	Homo	Metazoa	126	False
P62320	Mus	Metazoa	126	False
P62330	Homo	Metazoa	175	False
P62331	Mus	Metazoa	175	False
P62344	Plasmodium falciparum	Other	524	False
P62483	Rattus	Metazoa	367	False
P62487	Homo	Metazoa	172	False
P62491	Homo	Metazoa	216	False
P62500	Mus	Metazoa	1077	False
P62701	Homo	Metazoa	263	False
P62714	Homo	Metazoa	309	False
P62745	Homo	Metazoa	196	False
P62746	Mus	Metazoa	196	False
P62750	Homo	Metazoa	156	False
P62753	Homo	Metazoa	249	False
P62775	Rattus	Metazoa	118	False
P62784	Caenorhabditis	Metazoa	103	False
P62797	Oncorhynchus	Metazoa	103	False
P62799	Xenopus	Metazoa	103	False
P62801	Gallus	Metazoa	103	False
P62804	Rattus	Metazoa	103	False
P62806	Mus	Metazoa	103	False
P62807	Homo	Metazoa	126	False
P62808	Bos	Metazoa	126	False
P62814	Mus	Metazoa	511	False
P62822	Canis lupus	Metazoa	205	False
P62826	Homo	Metazoa	216	False
P62827	Mus	Metazoa	216	False
P62833	Bos	Metazoa	184	False
P62834	Homo	Metazoa	184	False
P62847	Homo	Metazoa	133	False
P62854	Homo	Metazoa	115	False
P62857	Homo	Metazoa	69	False
P62861	Homo	Metazoa	133	False
P62875	Homo	Metazoa	67	False
P62877	Homo	Metazoa	108	False
P62879	Homo	Metazoa	340	False
P62894	Bos	Metazoa	105	False
P62897	Mus	Metazoa	105	False
P62898	Rattus	Metazoa	105	False
P62908	Mus	Metazoa	243	False
P62913	Homo	Metazoa	178	False
P62937	Homo	Metazoa	165	False
P62942	Homo	Metazoa	108	False
P62952	Homo	Metazoa	87	True
P62960	Mus	Metazoa	322	False
P62979	Homo	Metazoa	156	False
P62993	Homo	Metazoa	217	False
P62995	Homo	Metazoa	288	False
P62996	Mus	Metazoa	288	False
P63000	Homo	Metazoa	192	False
P63002	Mus	Metazoa	197	False
P63006	Mus	Metazoa	406	False
P63007	Rattus	Metazoa	406	False
P63010	Homo	Metazoa	937	False
P63012	Rattus	Metazoa	220	False
P63013	Mus	Metazoa	245	False
P63015	Mus	Metazoa	422	False
P63030	Mus	Metazoa	109	True
P63033	Rattus	Metazoa	266	False
P63036	Rattus	Metazoa	397	False
P63040	Mus	Metazoa	134	False
P63041	Rattus	Metazoa	134	False
P63045	Rattus	Metazoa	116	False
P63058	Mus	Metazoa	492	False
P63059	Rattus	Metazoa	492	False
P63072	Mus	Metazoa	162	False
P63073	Mus	Metazoa	217	False
P63085	Mus	Metazoa	358	False
P63092	Homo	Metazoa	394	False
P63094	Mus	Metazoa	394	False
P63095	Rattus	Metazoa	394	False
P63096	Homo	Metazoa	354	False
P63098	Homo	Metazoa	170	False
P63115	Mus	Metazoa	530	True
P63128	Homo	Metazoa	1117	False
P63139	Mus	Metazoa	207	False
P63140	Rattus	Metazoa	207	False
P63141	Mus	Metazoa	499	False
P63142	Rattus	Metazoa	499	False
P63144	Rattus	Metazoa	401	False
P63158	Mus	Metazoa	215	False
P63159	Rattus	Metazoa	215	False
P63161	Rattus	Metazoa	123	True
P63162	Homo	Metazoa	240	False
P63163	Mus	Metazoa	240	False
P63164	Rattus	Metazoa	240	False
P63165	Homo	Metazoa	101	False
P63166	Mus	Metazoa	101	False
P63167	Homo	Metazoa	89	False
P63212	Bos	Metazoa	71	False
P63220	Homo	Metazoa	83	False
P63241	Homo	Metazoa	154	False
P63242	Mus	Metazoa	154	False
P63244	Homo	Metazoa	317	False
P63252	Homo	Metazoa	427	True
P63272	Homo	Metazoa	117	False
P63279	Homo	Metazoa	158	False
P63280	Mus	Metazoa	158	False
P63281	Rattus	Metazoa	158	False
P63318	Mus	Metazoa	697	False
P63319	Rattus	Metazoa	697	False
P63329	Rattus	Metazoa	521	False
P67775	Homo	Metazoa	309	False
P67778	Mus	Metazoa	272	False
P67779	Rattus	Metazoa	272	False
P67809	Homo	Metazoa	324	False
P67870	Homo	Metazoa	215	False
P67881	Gallus	Metazoa	105	False
P67999	Rattus	Metazoa	525	False
P68036	Homo	Metazoa	154	False
P68040	Mus	Metazoa	317	False
P68104	Homo	Metazoa	462	False
P68306	Gallus	Metazoa	369	False
P68400	Homo	Metazoa	391	False
P68429	Medicago	Plants	136	False
P68431	Homo	Metazoa	136	False
P68432	Bos	Metazoa	136	False
P68433	Mus	Metazoa	136	False
P68530	Bos	Metazoa	227	True
P68543	Homo	Metazoa	259	False
P69150	Tetrahymena	Other	136	False
P69244	Medicago	Plants	136	False
P69246	Zea	Plants	136	False
P69566	Mus	Metazoa	653	False
P69744	Mus	Metazoa	723	False
P69850	Saccharomyces cerevisiae	Fungi	94	False
P69851	Saccharomyces cerevisiae	Fungi	72	False
P70032	Xenopus	Metazoa	598	False
P70033	Xenopus	Metazoa	435	False
P70056	Xenopus	Metazoa	518	False
P70060	Xenopus	Metazoa	375	False
P70062	Xenopus	Metazoa	554	False
P70096	Cricetulus	Metazoa	718	False
P70120	Mus	Metazoa	167	False
P70122	Mus	Metazoa	250	False
P70169	Mus	Metazoa	412	False
P70174	Mus	Metazoa	488	True
P70181	Mus	Metazoa	539	False
P70182	Mus	Metazoa	546	False
P70191	Mus	Metazoa	558	False
P70210	Mus	Metazoa	439	False
P70255	Mus	Metazoa	439	False
P70257	Mus	Metazoa	488	False
P70278	Mus	Metazoa	393	False
P70279	Mus	Metazoa	355	False
P70281	Mus	Metazoa	254	False
P70284	Mus	Metazoa	272	False
P70318	Mus	Metazoa	392	False
P70323	Mus	Metazoa	479	False
P70331	Mus	Metazoa	251	False
P70335	Mus	Metazoa	1354	False
P70336	Mus	Metazoa	1388	False
P70338	Mus	Metazoa	423	False
P70340	Mus	Metazoa	465	False
P70343	Mus	Metazoa	373	False
P70353	Mus	Metazoa	335	False
P70354	Mus	Metazoa	204	False
P70365	Mus	Metazoa	1447	False
P70372	Mus	Metazoa	326	False
P70377	Mus	Metazoa	245	False
P70392	Mus	Metazoa	1189	False
P70396	Mus	Metazoa	289	False
P70399	Mus	Metazoa	1969	False
P70406	Mus	Metazoa	309	True
P70423	Mus	Metazoa	618	True
P70425	Mus	Metazoa	217	False
P70434	Mus	Metazoa	457	False
P70441	Mus	Metazoa	355	False
P70444	Mus	Metazoa	195	False
P70445	Mus	Metazoa	120	False
P70451	Mus	Metazoa	823	False
P70452	Mus	Metazoa	298	False
P70459	Mus	Metazoa	551	False
P70460	Mus	Metazoa	375	False
P70473	Rattus	Metazoa	382	False
P70475	Rattus	Metazoa	1187	False
P70500	Rattus	Metazoa	213	True
P70501	Rattus	Metazoa	852	False
P70512	Rattus	Metazoa	465	False
P70536	Rattus	Metazoa	388	True
P70545	Rattus	Metazoa	587	True
P70581	Rattus	Metazoa	585	False
P70582	Rattus	Metazoa	510	False
P70584	Rattus	Metazoa	432	False
P70600	Rattus	Metazoa	1009	False
P70605	Rattus	Metazoa	732	False
P70610	Rattus	Metazoa	412	False
P70658	Mus	Metazoa	359	True
P70662	Mus	Metazoa	411	False
P70669	Mus	Metazoa	749	True
P70670	Mus	Metazoa	2187	False
P70671	Mus	Metazoa	419	False
P70689	Mus	Metazoa	261	True
P70696	Mus	Metazoa	127	False
P70697	Mus	Metazoa	367	False
P70698	Mus	Metazoa	591	False
P70704	Mus	Metazoa	1164	True
P78312	Homo	Metazoa	1515	False
P78316	Homo	Metazoa	857	False
P78317	Homo	Metazoa	190	False
P78337	Homo	Metazoa	314	False
P78345	Homo	Metazoa	283	False
P78347	Homo	Metazoa	998	False
P78348	Homo	Metazoa	528	True
P78352	Homo	Metazoa	724	False
P78356	Homo	Metazoa	416	False
P78362	Homo	Metazoa	688	False
P78364	Homo	Metazoa	1004	False
P78369	Homo	Metazoa	228	True
P78380	Homo	Metazoa	273	True
P78395	Homo	Metazoa	509	False
P78406	Homo	Metazoa	368	False
P78417	Homo	Metazoa	241	False
P78508	Homo	Metazoa	379	True
P78524	Homo	Metazoa	1137	False
P78527	Homo	Metazoa	4128	False
P78537	Homo	Metazoa	153	False
P78540	Homo	Metazoa	354	False
P78545	Homo	Metazoa	371	False
P78549	Homo	Metazoa	304	False
P78562	Homo	Metazoa	749	True
P78563	Homo	Metazoa	741	False
P78917	Schizosaccharomyces pombe	Fungi	550	False
P78929	Schizosaccharomyces pombe	Fungi	137	False
P78953	Schizosaccharomyces pombe	Fungi	920	False
P78955	Schizosaccharomyces pombe	Fungi	287	False
P78963	Schizosaccharomyces pombe	Fungi	625	False
P78965	Schizosaccharomyces pombe	Fungi	464	False
P79005	Schizosaccharomyces pombe	Fungi	663	False
P79083	Schizosaccharomyces pombe	Fungi	328	False
P79114	Bos	Metazoa	2052	False
P79171	Felis	Metazoa	967	True
P79391	Bos	Metazoa	270	True
P79745	Danio	Metazoa	443	False
P79832	Oncorhynchus	Metazoa	723	False
P79937	Xenopus	Metazoa	390	False
P79943	Xenopus	Metazoa	254	False
P79960	Xenopus	Metazoa	362	True
P80021	Sus	Metazoa	553	False
P80093	Capsicum	Plants	582	False
P80147	Sus	Metazoa	500	False
P80217	Homo	Metazoa	286	False
P80269	Solanum	Plants	229	False
P80299	Rattus	Metazoa	554	False
P80404	Homo	Metazoa	500	False
P80428	Saccharomyces cerevisiae	Fungi	489	False
P80457	Bos	Metazoa	1332	False
P80470	Spinacia	Plants	199	False
P80511	Homo	Metazoa	92	False
P80667	Saccharomyces cerevisiae	Fungi	386	False
P80723	Homo	Metazoa	227	False
P80724	Bos	Metazoa	227	False
P81062	Rattus	Metazoa	302	False
P81122	Mus	Metazoa	1321	False
P81128	Rattus	Metazoa	1499	False
P81183	Mus	Metazoa	526	False
P81269	Mus	Metazoa	269	False
P81270	Mus	Metazoa	486	False
P81274	Homo	Metazoa	684	False
P81299	Caenorhabditis	Metazoa	709	False
P81449	Saccharomyces cerevisiae	Fungi	96	False
P81450	Saccharomyces cerevisiae	Fungi	59	True
P81718	Rattus	Metazoa	613	False
P81900	melanogaster subgroup	Metazoa	377	False
P81909	melanogaster subgroup	Metazoa	397	True
P82094	Homo	Metazoa	1093	False
P82251	Homo	Metazoa	487	True
P82252	Rattus	Metazoa	487	True
P82281	Arabidopsis	Plants	349	False
P82347	Mus	Metazoa	289	True
P82348	Mus	Metazoa	291	True
P82349	Mus	Metazoa	320	True
P82538	Arabidopsis	Plants	230	False
P82650	Homo	Metazoa	360	False
P82715	Arabidopsis	Plants	297	False
P82804	melanogaster subgroup	Metazoa	207	False
P82873	Arabidopsis	Plants	210	False
P82930	Homo	Metazoa	218	False
P82932	Homo	Metazoa	125	False
P82979	Homo	Metazoa	210	False
P83006	Rattus	Metazoa	390	False
P83103	melanogaster subgroup	Metazoa	566	False
P83111	Homo	Metazoa	547	False
P83369	Homo	Metazoa	360	False
P83483	Arabidopsis	Plants	556	False
P83484	Arabidopsis	Plants	556	False
P83510	Mus	Metazoa	1323	False
P83870	Mus	Metazoa	110	False
P83876	Homo	Metazoa	142	False
P83916	Homo	Metazoa	185	False
P83949	melanogaster subgroup	Metazoa	389	False
P84022	Homo	Metazoa	425	False
P84025	Rattus	Metazoa	425	False
P84029	melanogaster subgroup	Metazoa	108	False
P84051	melanogaster subgroup	Metazoa	124	False
P84074	Homo	Metazoa	193	False
P84076	Rattus	Metazoa	193	False
P84085	Homo	Metazoa	180	False
P84086	Mus	Metazoa	134	False
P84087	Rattus	Metazoa	134	False
P84090	Homo	Metazoa	104	False
P84103	Homo	Metazoa	164	False
P84227	Bos	Metazoa	136	False
P84228	Mus	Metazoa	136	False
P84229	Gallus	Metazoa	136	False
P84231	Ictiobus	Metazoa	136	False
P84232	Poroderma	Metazoa	136	False
P84233	Xenopus	Metazoa	136	False
P84234	Oncorhynchus	Metazoa	136	False
P84243	Homo	Metazoa	136	False
P84244	Mus	Metazoa	136	False
P84247	Gallus	Metazoa	136	False
P84634	Arabidopsis	Plants	1702	False
P84817	Rattus	Metazoa	152	False
P84850	Rattus	Metazoa	535	False
P84996	Homo	Metazoa	626	False
P85037	Homo	Metazoa	733	False
P85051	Oryctolagus	Metazoa	763	False
P85125	Rattus	Metazoa	392	False
P85845	Rattus	Metazoa	493	False
P86044	Mus	Metazoa	747	False
P86397	Homo	Metazoa	168	False
P86452	Homo	Metazoa	979	False
P86924	Trypanosoma brucei	Other	416	False
P86926	Trypanosoma brucei	Other	469	False
P86938	Trypanosoma brucei	Other	839	False
P87017	Aspergillus parasiticus	Fungi	278	False
P87053	Schizosaccharomyces pombe	Fungi	605	False
P87060	Schizosaccharomyces pombe	Fungi	775	False
P87074	Schizosaccharomyces pombe	Fungi	778	False
P87108	Saccharomyces cerevisiae	Fungi	93	False
P87115	Schizosaccharomyces pombe	Fungi	1033	False
P87169	Schizosaccharomyces pombe	Fungi	676	False
P87174	Schizosaccharomyces pombe	Fungi	210	False
P87176	Schizosaccharomyces pombe	Fungi	269	False
P87227	Schizosaccharomyces pombe	Fungi	672	False
P87231	Schizosaccharomyces pombe	Fungi	608	False
P87233	Schizosaccharomyces pombe	Fungi	461	False
P87297	Schizosaccharomyces pombe	Fungi	90	False
P87314	Schizosaccharomyces pombe	Fungi	932	False
P87320	Schizosaccharomyces pombe	Fungi	903	True
P87324	Schizosaccharomyces pombe	Fungi	462	False
P87355	Columba	Metazoa	181	False
P87377	Xenopus	Metazoa	455	False
P89105	Saccharomyces cerevisiae	Fungi	1077	False
P90838	Caenorhabditis	Metazoa	505	False
P90916	Caenorhabditis	Metazoa	417	False
P90971	Caenorhabditis	Metazoa	346	False
P90992	Caenorhabditis	Metazoa	306	True
P90994	Caenorhabditis	Metazoa	187	False
P91001	Caenorhabditis	Metazoa	368	False
P91082	Caenorhabditis	Metazoa	317	False
P91276	Caenorhabditis	Metazoa	531	False
P91277	Caenorhabditis	Metazoa	397	False
P91278	Caenorhabditis	Metazoa	362	False
P91399	Caenorhabditis	Metazoa	926	False
P91645	melanogaster subgroup	Metazoa	1851	True
P91664	melanogaster subgroup	Metazoa	161	False
P91829	Caenorhabditis	Metazoa	373	False
P91926	melanogaster subgroup	Metazoa	940	False
P91928	melanogaster subgroup	Metazoa	739	True
P91929	melanogaster subgroup	Metazoa	407	False
P91938	melanogaster subgroup	Metazoa	596	False
P91943	melanogaster subgroup	Metazoa	751	False
P92189	melanogaster subgroup	Metazoa	321	False
P92204	melanogaster subgroup	Metazoa	280	False
P92208	melanogaster subgroup	Metazoa	372	False
P92506	Ascaris	Metazoa	188	True
P92507	Ascaris	Metazoa	156	True
P92549	Arabidopsis	Plants	507	False
P92947	Arabidopsis	Plants	493	False
P92948	Arabidopsis	Plants	844	False
P92949	Arabidopsis	Plants	725	True
P92958	Arabidopsis	Plants	512	False
P92964	Arabidopsis	Plants	264	False
P92965	Arabidopsis	Plants	350	False
P92966	Arabidopsis	Plants	356	False
P92973	Arabidopsis	Plants	608	False
P92983	Arabidopsis	Plants	499	False
P93002	Arabidopsis	Plants	593	False
P93004	Arabidopsis	Plants	280	True
P93015	Arabidopsis	Plants	131	False
P93022	Arabidopsis	Plants	1164	False
P93024	Arabidopsis	Plants	902	False
P93025	Arabidopsis	Plants	915	False
P93033	Arabidopsis	Plants	492	False
P93047	Arabidopsis	Plants	141	False
P93184	Hordeum	Plants	936	False
P93203	Solanum subgen. Lycopersicon	Plants	697	False
P93655	Arabidopsis	Plants	940	False
P93735	Arabidopsis	Plants	195	False
P93736	Arabidopsis	Plants	1108	False
P93740	Arabidopsis	Plants	280	False
P93758	Arabidopsis	Plants	274	False
P93830	Arabidopsis	Plants	229	False
P93831	Arabidopsis	Plants	902	False
P93834	Arabidopsis	Plants	502	True
P94077	Arabidopsis	Plants	189	False
P97275	Cavia	Metazoa	658	False
P97287	Mus	Metazoa	331	False
P97302	Mus	Metazoa	739	False
P97303	Mus	Metazoa	839	False
P97305	Mus	Metazoa	1075	False
P97306	Mus	Metazoa	403	False
P97343	Mus	Metazoa	419	False
P97346	Mus	Metazoa	435	False
P97348	Mus	Metazoa	210	False
P97350	Mus	Metazoa	728	False
P97351	Mus	Metazoa	264	False
P97367	Mus	Metazoa	477	False
P97386	Mus	Metazoa	1015	False
P97411	Mus	Metazoa	478	False
P97414	Mus	Metazoa	668	False
P97433	Mus	Metazoa	1700	False
P97438	Mus	Metazoa	426	True
P97440	Mus	Metazoa	275	False
P97443	Mus	Metazoa	490	False
P97447	Mus	Metazoa	280	False
P97449	Mus	Metazoa	966	True
P97452	Mus	Metazoa	732	False
P97459	Mus	Metazoa	594	False
P97460	Mus	Metazoa	816	False
P97468	Mus	Metazoa	371	True
P97470	Mus	Metazoa	307	False
P97473	Mus	Metazoa	365	False
P97478	Mus	Metazoa	217	False
P97480	Mus	Metazoa	510	False
P97481	Mus	Metazoa	874	False
P97489	Mus	Metazoa	404	False
P97490	Mus	Metazoa	1249	False
P97492	Mus	Metazoa	547	False
P97500	Mus	Metazoa	1187	False
P97520	Rattus	Metazoa	352	True
P97521	Rattus	Metazoa	301	True
P97524	Rattus	Metazoa	620	True
P97532	Rattus	Metazoa	297	False
P97562	Rattus	Metazoa	681	False
P97564	Rattus	Metazoa	828	False
P97577	Rattus	Metazoa	393	False
P97609	Rattus	Metazoa	1181	False
P97629	Rattus	Metazoa	1025	False
P97675	Rattus	Metazoa	875	True
P97714	Mus	Metazoa	562	False
P97717	Mus	Metazoa	514	True
P97756	Rattus	Metazoa	505	False
P97767	Mus	Metazoa	591	False
P97769	Mus	Metazoa	203	False
P97784	Mus	Metazoa	606	False
P97813	Mus	Metazoa	933	False
P97819	Mus	Metazoa	807	False
P97822	Mus	Metazoa	260	False
P97836	Rattus	Metazoa	992	False
P97837	Rattus	Metazoa	1059	False
P97838	Rattus	Metazoa	977	False
P97852	Rattus	Metazoa	735	False
P97855	Mus	Metazoa	465	False
P97863	Mus	Metazoa	570	False
P97865	Mus	Metazoa	318	False
P97868	Mus	Metazoa	1790	False
P97879	Rattus	Metazoa	1112	False
P97931	Mus	Metazoa	306	False
P98078	Mus	Metazoa	766	False
P98081	melanogaster subgroup	Metazoa	2224	False
P98083	Mus	Metazoa	579	False
P98149	melanogaster subgroup	Metazoa	667	False
P98170	Homo	Metazoa	497	False
P98175	Homo	Metazoa	930	False
P98177	Homo	Metazoa	505	False
P98182	Homo	Metazoa	395	False
P98192	Mus	Metazoa	678	False
P98196	Homo	Metazoa	1134	True
P98197	Mus	Metazoa	1187	True
P98198	Homo	Metazoa	1209	True
P98200	Mus	Metazoa	1148	True
P99028	Mus	Metazoa	89	False
P99999	Homo	Metazoa	105	False
Q00013	Homo	Metazoa	466	False
Q00055	Saccharomyces cerevisiae	Fungi	391	False
Q00056	Homo	Metazoa	320	False
Q00059	Homo	Metazoa	246	False
Q00175	Mus	Metazoa	926	False
Q00194	Bos	Metazoa	690	False
Q00195	Rattus	Metazoa	664	False
Q00202	Emericella nidulans	Fungi	678	False
Q00278	Aspergillus parasiticus	Fungi	271	False
Q00288	Mus	Metazoa	457	False
Q00325	Homo	Metazoa	362	True
Q00341	Homo	Metazoa	1268	False
Q00381	Saccharomyces cerevisiae	Fungi	147	False
Q00403	Homo	Metazoa	316	False
Q00416	Saccharomyces cerevisiae	Fungi	2231	False
Q00417	Mus	Metazoa	419	False
Q00422	Mus	Metazoa	454	False
Q00444	Homo	Metazoa	222	False
Q00532	Homo	Metazoa	357	False
Q00534	Homo	Metazoa	326	False
Q00535	Homo	Metazoa	292	False
Q00536	Homo	Metazoa	496	False
Q00558	Mus	Metazoa	381	False
Q00566	Rattus	Metazoa	492	False
Q00577	Homo	Metazoa	322	False
Q00578	Saccharomyces cerevisiae	Fungi	843	False
Q00597	Homo	Metazoa	558	False
Q00613	Homo	Metazoa	529	False
Q00653	Homo	Metazoa	900	False
Q00655	Sus	Metazoa	628	False
Q00684	Saccharomyces cerevisiae	Fungi	551	False
Q00688	Homo	Metazoa	224	False
Q00711	Saccharomyces cerevisiae	Fungi	640	False
Q00715	Rattus	Metazoa	125	False
Q00731	Mus	Metazoa	392	False
Q00757	Emericella nidulans	Fungi	916	False
Q00772	Saccharomyces cerevisiae	Fungi	484	False
Q00788	Rattus	Metazoa	371	True
Q00816	Saccharomyces cerevisiae	Fungi	1014	False
Q00839	Homo	Metazoa	825	False
Q00899	Mus	Metazoa	414	False
Q00900	Rattus	Metazoa	2437	False
Q00910	Rattus	Metazoa	644	True
Q00944	Gallus	Metazoa	1053	False
Q00947	Saccharomyces cerevisiae	Fungi	519	False
Q00972	Rattus	Metazoa	412	False
Q00977	Mus	Metazoa	226	True
Q00978	Homo	Metazoa	393	False
Q00987	Homo	Metazoa	491	False
Q01062	Rattus	Metazoa	928	False
Q01064	Homo	Metazoa	536	False
Q01080	Saccharomyces cerevisiae	Fungi	415	False
Q01081	Homo	Metazoa	240	False
Q01082	Homo	Metazoa	2364	False
Q01085	Homo	Metazoa	375	False
Q01094	Homo	Metazoa	437	False
Q01105	Homo	Metazoa	290	False
Q01130	Homo	Metazoa	221	False
Q01147	Mus	Metazoa	327	False
Q01159	Saccharomyces cerevisiae	Fungi	459	False
Q01167	Homo	Metazoa	660	False
Q01196	Homo	Metazoa	453	False
Q01201	Homo	Metazoa	579	False
Q01217	Saccharomyces cerevisiae	Fungi	863	False
Q01292	Spinacia	Plants	595	False
Q01295	melanogaster subgroup	Metazoa	727	False
Q01341	Mus	Metazoa	1165	False
Q01401	Oryza sativa	Plants	820	False
Q01406	Gallus	Metazoa	563	False
Q01448	Saccharomyces cerevisiae	Fungi	625	False
Q01453	Homo	Metazoa	160	True
Q01454	Saccharomyces cerevisiae	Fungi	927	False
Q01469	Homo	Metazoa	135	False
Q01484	Homo	Metazoa	3957	False
Q01501	Dictyostelium	Other	275	True
Q01519	Saccharomyces cerevisiae	Fungi	83	False
Q01532	Saccharomyces cerevisiae	Fungi	483	False
Q01534	Homo	Metazoa	308	False
Q01538	Homo	Metazoa	1121	False
Q01543	Homo	Metazoa	452	False
Q01560	Saccharomyces cerevisiae	Fungi	414	False
Q01574	Saccharomyces cerevisiae	Fungi	713	False
Q01593	Arabidopsis	Plants	720	False
Q01628	Homo	Metazoa	133	False
Q01649	Saccharomyces cerevisiae	Fungi	594	False
Q01650	Homo	Metazoa	507	True
Q01658	Homo	Metazoa	176	False
Q01663	Schizosaccharomyces pombe	Fungi	552	False
Q01664	Homo	Metazoa	338	False
Q01667	Arabidopsis	Plants	241	False
Q01718	Homo	Metazoa	297	True
Q01726	Homo	Metazoa	317	True
Q01780	Homo	Metazoa	885	False
Q01804	Homo	Metazoa	1114	False
Q01814	Homo	Metazoa	1243	False
Q01815	Mus	Metazoa	2139	False
Q01826	Homo	Metazoa	763	False
Q01831	Homo	Metazoa	940	False
Q01842	melanogaster subgroup	Metazoa	732	False
Q01844	Homo	Metazoa	656	False
Q01851	Homo	Metazoa	419	False
Q01852	Saccharomyces cerevisiae	Fungi	431	False
Q01853	Mus	Metazoa	806	False
Q01860	Homo	Metazoa	360	False
Q01892	Homo	Metazoa	262	False
Q01896	Saccharomyces cerevisiae	Fungi	1091	True
Q01926	Saccharomyces cerevisiae	Fungi	470	False
Q01954	Homo	Metazoa	994	False
Q01956	Rattus	Metazoa	889	False
Q01959	Homo	Metazoa	620	True
Q01964	Komagataella	Fungi	461	True
Q01981	Emericella nidulans	Fungi	416	False
Q01992	Rattus	Metazoa	710	False
Q02013	Mus	Metazoa	269	True
Q02038	Sus	Metazoa	704	False
Q02040	Homo	Metazoa	695	False
Q02046	Saccharomyces cerevisiae	Fungi	320	False
Q02067	Mus	Metazoa	231	False
Q02078	Homo	Metazoa	507	False
Q02080	Homo	Metazoa	365	False
Q02085	Mus	Metazoa	264	False
Q02086	Homo	Metazoa	613	False
Q02099	Schizosaccharomyces pombe	Fungi	2386	False
Q02100	Saccharomyces cerevisiae	Fungi	647	False
Q02127	Homo	Metazoa	395	True
Q02152	Mus	Metazoa	479	True
Q02156	Homo	Metazoa	737	False
Q02161	Homo	Metazoa	417	True
Q02199	Saccharomyces cerevisiae	Fungi	472	False
Q02201	Saccharomyces cerevisiae	Fungi	448	False
Q02206	Saccharomyces cerevisiae	Fungi	625	False
Q02218	Homo	Metazoa	1023	False
Q02223	Homo	Metazoa	184	True
Q02241	Homo	Metazoa	960	False
Q02248	Mus	Metazoa	781	False
Q02257	Mus	Metazoa	745	False
Q02283	Arabidopsis	Plants	272	False
Q02297	Homo	Metazoa	640	False
Q02336	Saccharomyces cerevisiae	Fungi	434	False
Q02337	Bos	Metazoa	344	False
Q02346	Rattus	Metazoa	318	False
Q02354	Saccharomyces cerevisiae	Fungi	440	False
Q02375	Bos	Metazoa	175	False
Q02395	Mus	Metazoa	593	False
Q02410	Homo	Metazoa	837	False
Q02427	melanogaster subgroup	Metazoa	144	False
Q02446	Homo	Metazoa	784	False
Q02447	Homo	Metazoa	781	False
Q02455	Saccharomyces cerevisiae	Fungi	1875	False
Q02457	Saccharomyces cerevisiae	Fungi	562	False
Q02486	Saccharomyces cerevisiae	Fungi	183	False
Q02521	Saccharomyces cerevisiae	Fungi	185	False
Q02535	Homo	Metazoa	119	False
Q02539	Homo	Metazoa	215	False
Q02548	Homo	Metazoa	391	False
Q02556	Homo	Metazoa	426	False
Q02591	Mus	Metazoa	256	False
Q02606	Saccharomyces cerevisiae	Fungi	381	False
Q02629	Saccharomyces cerevisiae	Fungi	959	False
Q02630	Saccharomyces cerevisiae	Fungi	1113	False
Q02637	melanogaster subgroup	Metazoa	449	False
Q02642	Saccharomyces cerevisiae	Fungi	157	False
Q02647	Saccharomyces cerevisiae	Fungi	92	False
Q02685	Saccharomyces cerevisiae	Fungi	241	False
Q02732	Saccharomyces cerevisiae	Fungi	369	False
Q02738	Mus	Metazoa	266	True
Q02750	Homo	Metazoa	393	False
Q02759	Rattus	Metazoa	663	False
Q02773	Saccharomyces cerevisiae	Fungi	1202	False
Q02775	Saccharomyces cerevisiae	Fungi	382	False
Q02776	Saccharomyces cerevisiae	Fungi	476	False
Q02780	Mus	Metazoa	532	False
Q02784	Saccharomyces cerevisiae	Fungi	150	False
Q02785	Saccharomyces cerevisiae	Fungi	1511	False
Q02790	Homo	Metazoa	459	False
Q02792	Saccharomyces cerevisiae	Fungi	1006	False
Q02793	Saccharomyces cerevisiae	Fungi	397	False
Q02794	Saccharomyces cerevisiae	Fungi	444	False
Q02796	Saccharomyces cerevisiae	Fungi	332	False
Q02870	melanogaster subgroup	Metazoa	798	False
Q02878	Homo	Metazoa	288	False
Q02880	Homo	Metazoa	1626	False
Q02884	Saccharomyces cerevisiae	Fungi	456	False
Q02888	Saccharomyces cerevisiae	Fungi	182	False
Q02890	Saccharomyces cerevisiae	Fungi	363	False
Q02892	Saccharomyces cerevisiae	Fungi	647	False
Q02908	Saccharomyces cerevisiae	Fungi	557	False
Q02931	Saccharomyces cerevisiae	Fungi	896	False
Q02950	Saccharomyces cerevisiae	Fungi	344	False
Q02953	Schizosaccharomyces pombe	Fungi	609	False
Q02959	Saccharomyces cerevisiae	Fungi	697	False
Q02962	Homo	Metazoa	417	False
Q03001	Homo	Metazoa	7570	False
Q03010	Saccharomyces cerevisiae	Fungi	460	False
Q03014	Homo	Metazoa	270	False
Q03018	Saccharomyces cerevisiae	Fungi	1630	False
Q03020	Saccharomyces cerevisiae	Fungi	165	False
Q03048	Saccharomyces cerevisiae	Fungi	143	False
Q03060	Homo	Metazoa	345	False
Q03061	Rattus	Metazoa	357	False
Q03063	Saccharomyces cerevisiae	Fungi	452	False
Q03064	Cricetulus	Metazoa	494	True
Q03067	Saccharomyces cerevisiae	Fungi	99	False
Q03071	Saccharomyces cerevisiae	Fungi	99	False
Q03081	Saccharomyces cerevisiae	Fungi	177	False
Q03111	Homo	Metazoa	559	False
Q03112	Homo	Metazoa	1230	False
Q03113	Homo	Metazoa	381	False
Q03124	Saccharomyces cerevisiae	Fungi	581	False
Q03135	Homo	Metazoa	178	False
Q03164	Homo	Metazoa	3969	False
Q03172	Mus	Metazoa	2688	False
Q03181	Homo	Metazoa	441	False
Q03188	Homo	Metazoa	943	False
Q03195	Saccharomyces cerevisiae	Fungi	608	False
Q03200	Oryza sativa	Plants	128	False
Q03206	Caenorhabditis	Metazoa	191	False
Q03213	Saccharomyces cerevisiae	Fungi	719	False
Q03219	Saccharomyces cerevisiae	Fungi	274	False
Q03250	Arabidopsis	Plants	176	False
Q03262	Saccharomyces cerevisiae	Fungi	622	False
Q03265	Mus	Metazoa	553	False
Q03267	Mus	Metazoa	517	False
Q03280	Saccharomyces cerevisiae	Fungi	3268	False
Q03305	Saccharomyces cerevisiae	Fungi	412	False
Q03330	Saccharomyces cerevisiae	Fungi	439	False
Q03343	Rattus	Metazoa	1166	False
Q03347	Mus	Metazoa	451	False
Q03358	Mus	Metazoa	267	False
Q03372	melanogaster subgroup	Metazoa	515	False
Q03373	Saccharomyces cerevisiae	Fungi	323	False
Q03388	Saccharomyces cerevisiae	Fungi	795	False
Q03406	Saccharomyces cerevisiae	Fungi	294	False
Q03414	Xenopus	Metazoa	516	False
Q03427	melanogaster subgroup	Metazoa	621	False
Q03433	Saccharomyces cerevisiae	Fungi	280	False
Q03435	Saccharomyces cerevisiae	Fungi	203	False
Q03455	Saccharomyces cerevisiae	Fungi	724	True
Q03460	Medicago	Plants	2194	False
Q03465	Saccharomyces cerevisiae	Fungi	531	False
Q03468	Homo	Metazoa	1493	False
Q03497	Saccharomyces cerevisiae	Fungi	939	False
Q03503	Saccharomyces cerevisiae	Fungi	176	False
Q03526	Mus	Metazoa	625	False
Q03532	Saccharomyces cerevisiae	Fungi	505	False
Q03533	Saccharomyces cerevisiae	Fungi	586	False
Q03555	Rattus	Metazoa	768	False
Q03557	Saccharomyces cerevisiae	Fungi	464	False
Q03558	Saccharomyces cerevisiae	Fungi	400	False
Q03565	Caenorhabditis	Metazoa	89	False
Q03611	Caenorhabditis	Metazoa	733	False
Q03631	Saccharomyces cerevisiae	Fungi	944	False
Q03640	Saccharomyces cerevisiae	Fungi	1545	False
Q03654	Saccharomyces cerevisiae	Fungi	590	False
Q03677	Saccharomyces cerevisiae	Fungi	179	False
Q03702	Saccharomyces cerevisiae	Fungi	353	False
Q03713	Saccharomyces cerevisiae	Fungi	159	True
Q03717	Mus	Metazoa	857	False
Q03761	Saccharomyces cerevisiae	Fungi	539	False
Q03770	Saccharomyces cerevisiae	Fungi	852	False
Q03771	Saccharomyces cerevisiae	Fungi	387	False
Q03774	Saccharomyces cerevisiae	Fungi	444	False
Q03790	Saccharomyces cerevisiae	Fungi	475	False
Q03825	Saccharomyces cerevisiae	Fungi	758	False
Q03833	Saccharomyces cerevisiae	Fungi	894	False
Q03834	Saccharomyces cerevisiae	Fungi	1242	False
Q03862	Saccharomyces cerevisiae	Fungi	593	False
Q03898	Saccharomyces cerevisiae	Fungi	291	False
Q03920	Saccharomyces cerevisiae	Fungi	221	False
Q03923	Homo	Metazoa	595	False
Q03933	Homo	Metazoa	536	False
Q03940	Saccharomyces cerevisiae	Fungi	463	False
Q03941	Saccharomyces cerevisiae	Fungi	241	False
Q03954	Saccharomyces cerevisiae	Fungi	165	False
Q03957	Saccharomyces cerevisiae	Fungi	528	False
Q03973	Saccharomyces cerevisiae	Fungi	246	False
Q03989	Homo	Metazoa	594	False
Q04002	Saccharomyces cerevisiae	Fungi	1493	False
Q04003	Saccharomyces cerevisiae	Fungi	481	False
Q04013	Saccharomyces cerevisiae	Fungi	314	True
Q04048	Saccharomyces cerevisiae	Fungi	859	False
Q04049	Saccharomyces cerevisiae	Fungi	632	False
Q04087	Saccharomyces cerevisiae	Fungi	347	False
Q04089	Saccharomyces cerevisiae	Fungi	582	False
Q04110	Saccharomyces cerevisiae	Fungi	302	False
Q04149	Saccharomyces cerevisiae	Fungi	632	False
Q04175	Saccharomyces cerevisiae	Fungi	944	False
Q04177	Saccharomyces cerevisiae	Fungi	643	False
Q04178	Saccharomyces cerevisiae	Fungi	221	False
Q04179	Saccharomyces cerevisiae	Fungi	340	False
Q04195	Saccharomyces cerevisiae	Fungi	904	False
Q04199	Saccharomyces cerevisiae	Fungi	468	False
Q04206	Homo	Metazoa	551	False
Q04207	Mus	Metazoa	549	False
Q04217	Saccharomyces cerevisiae	Fungi	1267	False
Q04226	Saccharomyces cerevisiae	Fungi	346	False
Q04264	Saccharomyces cerevisiae	Fungi	1277	False
Q04305	Saccharomyces cerevisiae	Fungi	513	False
Q04311	Saccharomyces cerevisiae	Fungi	632	False
Q04359	Saccharomyces cerevisiae	Fungi	397	False
Q04364	Saccharomyces cerevisiae	Fungi	514	False
Q04370	Saccharomyces cerevisiae	Fungi	399	True
Q04373	Saccharomyces cerevisiae	Fungi	656	False
Q04377	Saccharomyces cerevisiae	Fungi	747	False
Q04401	Saccharomyces cerevisiae	Fungi	133	False
Q04430	Saccharomyces cerevisiae	Fungi	367	False
Q04431	Saccharomyces cerevisiae	Fungi	385	False
Q04437	Saccharomyces cerevisiae	Fungi	629	False
Q04447	Mus	Metazoa	381	False
Q04458	Saccharomyces cerevisiae	Fungi	532	False
Q04477	Saccharomyces cerevisiae	Fungi	213	False
Q04491	Saccharomyces cerevisiae	Fungi	297	False
Q04499	melanogaster subgroup	Metazoa	681	False
Q04500	Saccharomyces cerevisiae	Fungi	899	False
Q04601	Saccharomyces cerevisiae	Fungi	652	False
Q04603	Saccharomyces cerevisiae	Fungi	196	False
Q04609	Homo	Metazoa	750	True
Q04636	Saccharomyces cerevisiae	Fungi	552	False
Q04637	Homo	Metazoa	1599	False
Q04656	Homo	Metazoa	1500	False
Q04659	Saccharomyces cerevisiae	Fungi	317	False
Q04660	Saccharomyces cerevisiae	Fungi	807	False
Q04666	Rattus	Metazoa	281	False
Q04683	Mus	Metazoa	374	True
Q04688	melanogaster subgroup	Metazoa	464	False
Q04705	Saccharomyces cerevisiae	Fungi	352	True
Q04724	Homo	Metazoa	770	False
Q04725	Homo	Metazoa	743	False
Q04726	Homo	Metazoa	772	False
Q04727	Homo	Metazoa	773	False
Q04728	Saccharomyces cerevisiae	Fungi	441	False
Q04735	Mus	Metazoa	496	False
Q04739	Saccharomyces cerevisiae	Fungi	417	False
Q04741	Homo	Metazoa	290	False
Q04742	Mus	Metazoa	257	False
Q04744	Mus	Metazoa	253	False
Q04749	Saccharomyces cerevisiae	Fungi	426	False
Q04752	Bos	Metazoa	461	False
Q04759	Homo	Metazoa	706	False
Q04779	Saccharomyces cerevisiae	Fungi	684	False
Q04781	Saccharomyces cerevisiae	Fungi	1562	False
Q04828	Homo	Metazoa	323	False
Q04836	Arabidopsis	Plants	329	False
Q04837	Homo	Metazoa	148	False
Q04839	Saccharomyces cerevisiae	Fungi	188	False
Q04847	Saccharomyces cerevisiae	Fungi	553	False
Q04863	Mus	Metazoa	558	False
Q04868	Saccharomyces cerevisiae	Fungi	273	False
Q04887	Mus	Metazoa	507	False
Q04888	Mus	Metazoa	466	False
Q04891	Mus	Metazoa	613	False
Q04894	Saccharomyces cerevisiae	Fungi	360	False
Q04930	Saccharomyces cerevisiae	Fungi	467	False
Q04964	Saccharomyces cerevisiae	Fungi	104	False
Q04982	Gallus	Metazoa	766	False
Q05016	Saccharomyces cerevisiae	Fungi	267	False
Q05021	Saccharomyces cerevisiae	Fungi	590	False
Q05022	Saccharomyces cerevisiae	Fungi	1729	False
Q05027	Saccharomyces cerevisiae	Fungi	157	False
Q05037	Bos	Metazoa	660	False
Q05048	Homo	Metazoa	431	False
Q05062	Caenorhabditis	Metazoa	191	False
Q05066	Homo	Metazoa	204	False
Q05084	Homo	Metazoa	483	False
Q05123	Saccharomyces cerevisiae	Fungi	467	False
Q05140	Rattus	Metazoa	915	False
Q05153	Arabidopsis	Plants	646	False
Q05166	Saccharomyces cerevisiae	Fungi	528	False
Q05175	Rattus	Metazoa	220	False
Q05192	melanogaster subgroup	Metazoa	808	False
Q05193	Homo	Metazoa	864	False
Q05201	melanogaster subgroup	Metazoa	766	False
Q05315	Homo	Metazoa	142	False
Q05329	Homo	Metazoa	585	False
Q05343	Rattus	Metazoa	467	False
Q05344	melanogaster subgroup	Metazoa	723	False
Q05397	Homo	Metazoa	1052	False
Q05437	Gallus	Metazoa	245	False
Q05466	Arabidopsis	Plants	284	False
Q05469	Homo	Metazoa	1076	False
Q05471	Saccharomyces cerevisiae	Fungi	1514	False
Q05481	Homo	Metazoa	1191	False
Q05498	Saccharomyces cerevisiae	Fungi	189	False
Q05515	Saccharomyces cerevisiae	Fungi	481	False
Q05516	Homo	Metazoa	673	False
Q05519	Homo	Metazoa	484	False
Q05549	Saccharomyces cerevisiae	Fungi	1077	False
Q05568	Saccharomyces cerevisiae	Fungi	337	True
Q05583	Saccharomyces cerevisiae	Fungi	330	False
Q05636	Saccharomyces cerevisiae	Fungi	305	False
Q05652	melanogaster subgroup	Metazoa	501	False
Q05655	Homo	Metazoa	676	False
Q05683	Rattus	Metazoa	585	False
Q05738	Mus	Metazoa	392	False
Q05753	Arabidopsis	Plants	435	False
Q05776	Saccharomyces cerevisiae	Fungi	175	False
Q05783	melanogaster subgroup	Metazoa	112	False
Q05816	Mus	Metazoa	135	False
Q05823	Homo	Metazoa	741	False
Q05860	Mus	Metazoa	1466	False
Q05871	Saccharomyces cerevisiae	Fungi	280	False
Q058N4	Arabidopsis	Plants	459	False
Q05900	Saccharomyces cerevisiae	Fungi	231	False
Q05917	Gallus	Metazoa	289	False
Q05921	Mus	Metazoa	735	False
Q05922	Mus	Metazoa	318	False
Q05923	Homo	Metazoa	314	False
Q05925	Homo	Metazoa	392	False
Q05930	Saccharomyces cerevisiae	Fungi	598	False
Q05931	Saccharomyces cerevisiae	Fungi	657	False
Q05932	Homo	Metazoa	587	False
Q05934	Saccharomyces cerevisiae	Fungi	901	False
Q05946	Saccharomyces cerevisiae	Fungi	817	False
Q05949	Saccharomyces cerevisiae	Fungi	395	False
Q05958	Saccharomyces cerevisiae	Fungi	814	False
Q05979	Saccharomyces cerevisiae	Fungi	453	False
Q05A80	Mus	Metazoa	1031	False
Q05AA6	Mus	Metazoa	957	False
Q05CL8	Mus	Metazoa	570	False
Q05D32	Homo	Metazoa	466	False
Q06002	Bos	Metazoa	757	False
Q06010	Saccharomyces cerevisiae	Fungi	1027	False
Q06032	Saccharomyces cerevisiae	Fungi	482	False
Q06053	Saccharomyces cerevisiae	Fungi	668	False
Q06055	Homo	Metazoa	141	True
Q06078	Saccharomyces cerevisiae	Fungi	939	False
Q06102	Saccharomyces cerevisiae	Fungi	208	False
Q06103	Saccharomyces cerevisiae	Fungi	429	False
Q06106	Saccharomyces cerevisiae	Fungi	887	False
Q06124	Homo	Metazoa	593	False
Q06132	Saccharomyces cerevisiae	Fungi	899	False
Q06142	Saccharomyces cerevisiae	Fungi	861	False
Q06143	Saccharomyces cerevisiae	Fungi	298	True
Q06148	Saccharomyces cerevisiae	Fungi	342	True
Q06156	Saccharomyces cerevisiae	Fungi	1176	False
Q06163	Saccharomyces cerevisiae	Fungi	884	False
Q06164	Saccharomyces cerevisiae	Fungi	1454	False
Q06168	Saccharomyces cerevisiae	Fungi	426	False
Q06178	Saccharomyces cerevisiae	Fungi	401	False
Q06180	Mus	Metazoa	406	False
Q06182	Schizosaccharomyces pombe	Fungi	252	False
Q06187	Homo	Metazoa	659	False
Q06188	Saccharomyces cerevisiae	Fungi	304	False
Q06205	Saccharomyces cerevisiae	Fungi	392	False
Q06211	Saccharomyces cerevisiae	Fungi	1407	False
Q06213	Saccharomyces cerevisiae	Fungi	157	False
Q06218	Saccharomyces cerevisiae	Fungi	594	False
Q06224	Saccharomyces cerevisiae	Fungi	779	False
Q06265	Homo	Metazoa	439	False
Q06266	Saccharomyces cerevisiae	Fungi	489	False
Q06287	Saccharomyces cerevisiae	Fungi	252	False
Q06324	Saccharomyces cerevisiae	Fungi	491	False
Q06330	Homo	Metazoa	500	False
Q06339	Saccharomyces cerevisiae	Fungi	672	False
Q06340	Saccharomyces cerevisiae	Fungi	456	False
Q06389	Saccharomyces cerevisiae	Fungi	190	False
Q06409	Saccharomyces cerevisiae	Fungi	1932	False
Q06411	Saccharomyces cerevisiae	Fungi	708	False
Q06416	Homo	Metazoa	359	False
Q06449	Saccharomyces cerevisiae	Fungi	215	False
Q06455	Homo	Metazoa	604	False
Q06488	Saccharomyces cerevisiae	Fungi	889	False
Q06493	Saccharomyces cerevisiae	Fungi	454	False
Q06495	Homo	Metazoa	639	False
Q06496	Rattus	Metazoa	637	False
Q06505	Saccharomyces cerevisiae	Fungi	410	False
Q06506	Saccharomyces cerevisiae	Fungi	573	False
Q06507	Mus	Metazoa	349	False
Q06510	Saccharomyces cerevisiae	Fungi	381	False
Q06512	Saccharomyces cerevisiae	Fungi	552	False
Q06546	Homo	Metazoa	454	False
Q06554	Saccharomyces cerevisiae	Fungi	1556	False
Q06559	melanogaster subgroup	Metazoa	246	False
Q06587	Homo	Metazoa	406	False
Q06596	Saccharomyces cerevisiae	Fungi	294	False
Q06598	Saccharomyces cerevisiae	Fungi	404	True
Q06604	Saccharomyces cerevisiae	Fungi	576	False
Q06609	Homo	Metazoa	339	False
Q06611	Arabidopsis	Plants	286	True
Q06616	Saccharomyces cerevisiae	Fungi	221	False
Q06623	Saccharomyces cerevisiae	Fungi	655	False
Q06625	Saccharomyces cerevisiae	Fungi	1536	False
Q06629	Saccharomyces cerevisiae	Fungi	674	False
Q06630	Saccharomyces cerevisiae	Fungi	226	False
Q06639	Saccharomyces cerevisiae	Fungi	885	False
Q06645	Rattus	Metazoa	136	True
Q06646	Rattus	Metazoa	141	True
Q06675	Saccharomyces cerevisiae	Fungi	368	False
Q06679	Saccharomyces cerevisiae	Fungi	776	False
Q06680	Saccharomyces cerevisiae	Fungi	1035	False
Q06681	Saccharomyces cerevisiae	Fungi	1438	False
Q06697	Saccharomyces cerevisiae	Fungi	393	False
Q06706	Saccharomyces cerevisiae	Fungi	1349	False
Q06710	Homo	Metazoa	450	False
Q06787	Homo	Metazoa	632	False
Q06810	Saccharomyces cerevisiae	Fungi	360	False
Q06833	Saccharomyces cerevisiae	Fungi	770	True
Q06850	Arabidopsis	Plants	610	False
Q06945	Homo	Metazoa	474	False
Q06AN9	Arabidopsis	Plants	717	False
Q07020	Homo	Metazoa	188	False
Q07021	Homo	Metazoa	282	False
Q07065	Homo	Metazoa	602	False
Q07071	Rattus	Metazoa	627	False
Q07075	Homo	Metazoa	957	True
Q07098	Arabidopsis	Plants	306	False
Q07108	Homo	Metazoa	199	True
Q07116	Rattus	Metazoa	546	False
Q07139	Mus	Metazoa	913	False
Q07157	Homo	Metazoa	1748	False
Q07163	Saccharomyces	Fungi	1755	False
Q07243	Mus	Metazoa	675	False
Q07279	Mus	Metazoa	373	False
Q07307	Emericella nidulans	Fungi	574	True
Q07343	Homo	Metazoa	736	False
Q07352	Homo	Metazoa	338	False
Q07381	Saccharomyces cerevisiae	Fungi	788	False
Q07418	Saccharomyces cerevisiae	Fungi	342	False
Q07436	melanogaster subgroup	Metazoa	1427	False
Q07442	Saccharomyces cerevisiae	Fungi	638	False
Q07471	Saccharomyces cerevisiae	Fungi	609	False
Q07473	Arabidopsis	Plants	290	False
Q07478	Saccharomyces cerevisiae	Fungi	446	False
Q07508	Saccharomyces cerevisiae	Fungi	261	False
Q07523	Rattus	Metazoa	353	False
Q07532	Saccharomyces cerevisiae	Fungi	353	False
Q07540	Saccharomyces cerevisiae	Fungi	174	False
Q07551	Saccharomyces cerevisiae	Fungi	312	False
Q07651	Saccharomyces cerevisiae	Fungi	309	True
Q07666	Homo	Metazoa	443	False
Q07688	Saccharomyces cerevisiae	Fungi	167	False
Q07782	Rattus	Metazoa	595	True
Q07794	Saccharomyces cerevisiae	Fungi	436	False
Q07800	Saccharomyces cerevisiae	Fungi	427	False
Q07802	Mus	Metazoa	591	False
Q07807	Saccharomyces cerevisiae	Fungi	879	False
Q07812	Homo	Metazoa	192	False
Q07820	Homo	Metazoa	350	False
Q07821	Saccharomyces cerevisiae	Fungi	250	False
Q07824	Saccharomyces cerevisiae	Fungi	586	False
Q07837	Homo	Metazoa	685	True
Q07845	Saccharomyces cerevisiae	Fungi	632	False
Q07864	Homo	Metazoa	2286	False
Q07869	Homo	Metazoa	468	False
Q07878	Saccharomyces cerevisiae	Fungi	3144	False
Q07896	Saccharomyces cerevisiae	Fungi	663	False
Q07912	Homo	Metazoa	1038	False
Q07913	Saccharomyces cerevisiae	Fungi	336	False
Q07914	Saccharomyces cerevisiae	Fungi	168	True
Q07915	Saccharomyces cerevisiae	Fungi	199	False
Q07923	Saccharomyces cerevisiae	Fungi	191	False
Q07930	Saccharomyces cerevisiae	Fungi	204	False
Q07938	Saccharomyces cerevisiae	Fungi	337	False
Q07950	Saccharomyces cerevisiae	Fungi	538	True
Q07953	Saccharomyces cerevisiae	Fungi	250	False
Q07955	Homo	Metazoa	248	False
Q07969	Rattus	Metazoa	472	True
Q07998	Danio	Metazoa	423	False
Q08004	Saccharomyces cerevisiae	Fungi	166	False
Q08024	Mus	Metazoa	187	False
Q08032	Saccharomyces cerevisiae	Fungi	650	False
Q08050	Homo	Metazoa	763	False
Q08096	Saccharomyces cerevisiae	Fungi	367	False
Q08116	Homo	Metazoa	209	False
Q08122	Mus	Metazoa	772	False
Q08162	Saccharomyces cerevisiae	Fungi	1001	False
Q08170	Homo	Metazoa	494	False
Q08179	Saccharomyces cerevisiae	Fungi	573	False
Q08208	Saccharomyces cerevisiae	Fungi	459	False
Q08209	Homo	Metazoa	521	False
Q08211	Homo	Metazoa	1270	False
Q08214	Saccharomyces cerevisiae	Fungi	380	False
Q08215	Saccharomyces cerevisiae	Fungi	383	False
Q08230	Saccharomyces cerevisiae	Fungi	162	False
Q08231	Saccharomyces cerevisiae	Fungi	455	False
Q08235	Saccharomyces cerevisiae	Fungi	291	False
Q08236	Saccharomyces cerevisiae	Fungi	1176	False
Q08245	Saccharomyces cerevisiae	Fungi	113	False
Q08257	Homo	Metazoa	329	False
Q08273	Saccharomyces cerevisiae	Fungi	121	False
Q08278	Saccharomyces cerevisiae	Fungi	222	False
Q08282	Saccharomyces cerevisiae	Fungi	695	False
Q08285	Saccharomyces cerevisiae	Fungi	240	False
Q08288	Mus	Metazoa	388	False
Q08297	Mus	Metazoa	339	False
Q08357	Homo	Metazoa	652	True
Q08415	Rattus	Metazoa	423	False
Q08417	Saccharomyces cerevisiae	Fungi	382	True
Q08444	Saccharomyces cerevisiae	Fungi	459	False
Q08462	Homo	Metazoa	1091	True
Q08465	Saccharomyces cerevisiae	Fungi	219	False
Q08473	melanogaster subgroup	Metazoa	344	False
Q08492	Saccharomyces cerevisiae	Fungi	214	False
Q08495	Homo	Metazoa	405	False
Q08499	Homo	Metazoa	809	False
Q08509	Mus	Metazoa	821	False
Q08558	Saccharomyces cerevisiae	Fungi	271	False
Q08562	Saccharomyces cerevisiae	Fungi	1619	False
Q08601	Saccharomyces cerevisiae	Fungi	432	False
Q08605	melanogaster subgroup	Metazoa	582	False
Q08639	Mus	Metazoa	410	False
Q08645	Saccharomyces cerevisiae	Fungi	548	False
Q08647	Saccharomyces cerevisiae	Fungi	676	False
Q08683	Saccharomyces cerevisiae	Fungi	685	False
Q08686	Saccharomyces cerevisiae	Fungi	304	False
Q08702	Saccharomyces cerevisiae	Fungi	217	False
Q08733	Arabidopsis	Plants	286	True
Q08746	Saccharomyces cerevisiae	Fungi	203	False
Q08747	Saccharomyces cerevisiae	Fungi	228	False
Q08749	Saccharomyces cerevisiae	Fungi	192	True
Q08752	Homo	Metazoa	370	False
Q08760	Saccharomyces cerevisiae	Fungi	435	False
Q08773	Saccharomyces cerevisiae	Fungi	1120	False
Q08775	Mus	Metazoa	607	False
Q08816	Saccharomyces cerevisiae	Fungi	343	False
Q08828	Homo	Metazoa	1119	True
Q08831	Saccharomyces cerevisiae	Fungi	523	False
Q08850	Rattus	Metazoa	298	False
Q08857	Mus	Metazoa	472	True
Q08874	Mus	Metazoa	526	False
Q08887	Saccharomyces cerevisiae	Fungi	554	False
Q08891	Arabidopsis	Plants	616	False
Q08920	Saccharomyces cerevisiae	Fungi	208	False
Q08921	Saccharomyces cerevisiae	Fungi	799	False
Q08923	Saccharomyces cerevisiae	Fungi	506	False
Q08931	Saccharomyces cerevisiae	Fungi	133	False
Q08945	Homo	Metazoa	709	False
Q08949	Saccharomyces cerevisiae	Fungi	612	False
Q08952	Saccharomyces cerevisiae	Fungi	273	False
Q08959	Saccharomyces cerevisiae	Fungi	321	False
Q08962	Saccharomyces cerevisiae	Fungi	181	False
Q08965	Saccharomyces cerevisiae	Fungi	1183	False
Q08968	Saccharomyces cerevisiae	Fungi	688	False
Q08999	Homo	Metazoa	1139	False
Q08AE8	Homo	Metazoa	756	False
Q08B36	Xenopus	Metazoa	374	False
Q08DA1	Bos	Metazoa	1021	True
Q08J23	Homo	Metazoa	767	False
Q09013	Homo	Metazoa	629	False
Q09014	Mus	Metazoa	390	False
Q09019	Homo	Metazoa	674	False
Q09028	Homo	Metazoa	425	False
Q09081	Oryctolagus	Metazoa	499	False
Q09142	Schizosaccharomyces pombe	Fungi	499	False
Q09143	Mus	Metazoa	622	True
Q09161	Homo	Metazoa	790	False
Q09176	Schizosaccharomyces pombe	Fungi	216	False
Q09228	Caenorhabditis	Metazoa	1129	False
Q09260	Caenorhabditis	Metazoa	490	False
Q09275	Caenorhabditis	Metazoa	382	False
Q09293	Caenorhabditis	Metazoa	367	False
Q09309	Caenorhabditis	Metazoa	454	False
Q09349	Caenorhabditis	Metazoa	984	False
Q09357	Caenorhabditis	Metazoa	479	False
Q09406	Caenorhabditis	Metazoa	534	False
Q09428	Homo	Metazoa	1581	True
Q09437	Caenorhabditis	Metazoa	719	False
Q09463	Caenorhabditis	Metazoa	235	False
Q09470	Homo	Metazoa	495	False
Q09472	Homo	Metazoa	2414	False
Q09476	Caenorhabditis	Metazoa	413	False
Q09490	Caenorhabditis	Metazoa	123	False
Q09555	Caenorhabditis	Metazoa	805	False
Q09591	Caenorhabditis	Metazoa	1244	False
Q09601	Caenorhabditis	Metazoa	381	False
Q09666	Homo	Metazoa	5890	False
Q09683	Schizosaccharomyces pombe	Fungi	649	False
Q09685	Schizosaccharomyces pombe	Fungi	411	False
Q09690	Schizosaccharomyces pombe	Fungi	1087	False
Q09715	Schizosaccharomyces pombe	Fungi	614	False
Q09725	Schizosaccharomyces pombe	Fungi	1587	False
Q09728	Schizosaccharomyces pombe	Fungi	411	False
Q09738	Schizosaccharomyces pombe	Fungi	449	False
Q09750	Schizosaccharomyces pombe	Fungi	1522	False
Q09772	Schizosaccharomyces pombe	Fungi	811	False
Q09808	Schizosaccharomyces pombe	Fungi	152	False
Q09811	Schizosaccharomyces pombe	Fungi	1328	False
Q09814	Schizosaccharomyces pombe	Fungi	239	False
Q09823	Schizosaccharomyces pombe	Fungi	791	False
Q09825	Schizosaccharomyces pombe	Fungi	514	False
Q09826	Schizosaccharomyces pombe	Fungi	408	False
Q09838	Schizosaccharomyces pombe	Fungi	681	False
Q09864	Schizosaccharomyces pombe	Fungi	582	False
Q09884	Schizosaccharomyces pombe	Fungi	1374	False
Q09892	Schizosaccharomyces pombe	Fungi	349	False
Q09907	Schizosaccharomyces pombe	Fungi	355	False
Q09914	Schizosaccharomyces pombe	Fungi	202	False
Q09924	Schizosaccharomyces pombe	Fungi	467	False
Q09961	Caenorhabditis	Metazoa	148	False
Q09967	Caenorhabditis	Metazoa	551	True
Q09969	Caenorhabditis	Metazoa	221	False
Q09FC8	Homo	Metazoa	603	False
Q09LZ8	Mus	Metazoa	540	False
Q09M02	Mus	Metazoa	886	False
Q09XV5	Mus	Metazoa	2582	False
Q0D2I5	Homo	Metazoa	559	False
Q0D3I7	Oryza sativa	Plants	262	False
Q0D4J7	Oryza sativa	Plants	339	False
Q0D715	Oryza sativa	Plants	512	False
Q0D9C4	Oryza sativa	Plants	492	False
Q0D9S3	Oryza sativa	Plants	530	True
Q0DDE3	Oryza sativa	Plants	810	False
Q0DEC8	Oryza sativa	Plants	641	False
Q0DEV5	Oryza sativa	Plants	609	False
Q0DJ33	Oryza sativa	Plants	380	False
Q0E4K1	Oryza sativa	Plants	492	False
Q0E671	Danio	Metazoa	430	False
Q0GE19	Homo	Metazoa	340	True
Q0GGX2	Mus	Metazoa	1363	False
Q0GRC4	Lathyrus	Plants	228	False
Q0IGK1	Arabidopsis	Plants	445	False
Q0IIM8	Homo	Metazoa	1120	False
Q0ILQ6	Oryza sativa	Plants	203	False
Q0IMG9	Oryza sativa	Plants	694	False
Q0J0G7	Oryza sativa	Plants	282	False
Q0J4I1	Oryza sativa	Plants	326	False
Q0J7P4	Oryza sativa	Plants	297	False
Q0J7U6	Oryza sativa	Plants	1133	False
Q0J954	Oryza sativa	Plants	492	False
Q0J995	Oryza sativa	Plants	424	False
Q0JA81	Oryza sativa	Plants	819	False
Q0JB88	Oryza sativa	Plants	416	False
Q0JEB7	Oryza sativa	Plants	310	False
Q0JFZ0	Oryza sativa	Plants	247	False
Q0JJ05	Oryza sativa	Plants	987	False
Q0JLP9	Oryza sativa	Plants	467	False
Q0JM17	Oryza sativa	Plants	432	False
Q0KHV6	melanogaster subgroup	Metazoa	721	False
Q0KI50	melanogaster subgroup	Metazoa	1854	False
Q0KL00	Rattus	Metazoa	2535	True
Q0P5I5	Bos	Metazoa	327	False
Q0P5L8	Bos	Metazoa	419	False
Q0P5N6	Homo	Metazoa	173	False
Q0PF16	Macaca	Metazoa	497	False
Q0PGJ6	Arabidopsis	Plants	315	False
Q0PNE2	Homo	Metazoa	266	False
Q0QF01	Sus	Metazoa	664	False
Q0QWG9	Mus	Metazoa	1203	False
Q0V8E7	Bos	Metazoa	668	True
Q0VAQ4	Homo	Metazoa	97	True
Q0VBL3	Mus	Metazoa	962	False
Q0VBL6	Mus	Metazoa	662	False
Q0VD83	Homo	Metazoa	1097	False
Q0VD86	Homo	Metazoa	236	False
Q0VDF9	Homo	Metazoa	509	False
Q0VG06	Homo	Metazoa	881	False
Q0VGM9	Mus	Metazoa	1203	False
Q0VGT2	Mus	Metazoa	1544	False
Q0WL52	Arabidopsis	Plants	580	False
Q0WNP3	Arabidopsis	Plants	617	False
Q0WNP7	Arabidopsis	Plants	463	False
Q0WNX9	Arabidopsis	Plants	196	False
Q0WP44	Arabidopsis	Plants	1202	False
Q0WPF2	Arabidopsis	Plants	808	False
Q0WPU1	Arabidopsis	Plants	1522	False
Q0WPZ7	Arabidopsis	Plants	611	False
Q0WQ41	Arabidopsis	Plants	594	False
Q0WQF7	Arabidopsis	Plants	637	False
Q0WQG8	Arabidopsis	Plants	467	True
Q0WQW5	Arabidopsis	Plants	638	False
Q0WRJ7	Arabidopsis	Plants	242	False
Q0WRY5	Arabidopsis	Plants	378	False
Q0WSX8	Arabidopsis	Plants	255	False
Q0WUA3	Arabidopsis	Plants	382	False
Q0WUY1	Arabidopsis	Plants	534	False
Q0WV90	Arabidopsis	Plants	1120	False
Q0WVH0	Arabidopsis	Plants	594	False
Q0WVR4	Arabidopsis	Plants	345	False
Q0WVX5	Arabidopsis	Plants	1040	False
Q0WX00	Arabidopsis	Plants	460	False
Q0WX57	Homo	Metazoa	530	False
Q0ZLH2	Mus	Metazoa	352	False
Q10059	Schizosaccharomyces pombe	Fungi	1841	False
Q10099	Schizosaccharomyces pombe	Fungi	339	False
Q10103	Schizosaccharomyces pombe	Fungi	960	False
Q10109	Schizosaccharomyces pombe	Fungi	688	False
Q10133	Schizosaccharomyces pombe	Fungi	200	False
Q10135	Schizosaccharomyces pombe	Fungi	1235	False
Q10146	Schizosaccharomyces pombe	Fungi	777	False
Q10148	Schizosaccharomyces pombe	Fungi	254	False
Q10163	Schizosaccharomyces pombe	Fungi	147	False
Q10164	Schizosaccharomyces pombe	Fungi	1229	False
Q10168	Schizosaccharomyces pombe	Fungi	598	False
Q10173	Schizosaccharomyces pombe	Fungi	441	False
Q10178	Schizosaccharomyces pombe	Fungi	1205	False
Q10198	Schizosaccharomyces pombe	Fungi	624	False
Q10223	Schizosaccharomyces pombe	Fungi	431	False
Q10274	Schizosaccharomyces pombe	Fungi	390	False
Q10282	Schizosaccharomyces pombe	Fungi	305	False
Q10283	Schizosaccharomyces pombe	Fungi	1053	True
Q10287	Schizosaccharomyces pombe	Fungi	1729	False
Q10295	Schizosaccharomyces pombe	Fungi	566	False
Q10325	Schizosaccharomyces pombe	Fungi	407	False
Q10331	Schizosaccharomyces pombe	Fungi	794	False
Q10336	Schizosaccharomyces pombe	Fungi	327	False
Q10337	Schizosaccharomyces pombe	Fungi	849	False
Q10341	Schizosaccharomyces pombe	Fungi	504	False
Q10343	Schizosaccharomyces pombe	Fungi	334	False
Q10356	Schizosaccharomyces pombe	Fungi	191	False
Q10361	Schizosaccharomyces pombe	Fungi	616	False
Q10362	Schizosaccharomyces pombe	Fungi	859	False
Q10423	Schizosaccharomyces pombe	Fungi	258	False
Q10426	Schizosaccharomyces pombe	Fungi	1040	False
Q10428	Schizosaccharomyces pombe	Fungi	548	False
Q10429	Schizosaccharomyces pombe	Fungi	875	False
Q10432	Schizosaccharomyces pombe	Fungi	735	False
Q10452	Schizosaccharomyces pombe	Fungi	387	False
Q10570	Homo	Metazoa	1443	False
Q10571	Homo	Metazoa	1320	False
Q10572	Caenorhabditis	Metazoa	429	False
Q10574	Caenorhabditis	Metazoa	142	False
Q10585	Schizosaccharomyces pombe	Fungi	124	False
Q10586	Homo	Metazoa	325	False
Q10587	Homo	Metazoa	303	False
Q10589	Homo	Metazoa	180	True
Q10655	Caenorhabditis	Metazoa	433	False
Q10661	Caenorhabditis	Metazoa	123	False
Q10665	Caenorhabditis	Metazoa	754	False
Q10666	Caenorhabditis	Metazoa	438	False
Q10712	Solanum subgen. Lycopersicon	Plants	571	False
Q10713	Homo	Metazoa	525	False
Q10740	Saccharomyces cerevisiae	Fungi	671	False
Q10758	Rattus	Metazoa	483	False
Q10953	Caenorhabditis	Metazoa	796	False
Q10990	Schizosaccharomyces pombe	Fungi	490	False
Q10B19	Oryza sativa	Plants	250	False
Q10B79	Oryza sativa	Plants	320	False
Q10CE4	Oryza sativa	Plants	369	False
Q10CH5	Oryza sativa	Plants	410	False
Q10F03	Oryza sativa	Plants	529	False
Q10FT0	Oryza sativa	Plants	824	False
Q10I26	Oryza sativa	Plants	404	False
Q10L01	Oryza sativa	Plants	382	True
Q10L91	Oryza sativa	Plants	301	False
Q10M41	Oryza sativa	Plants	641	False
Q10MI4	Oryza sativa	Plants	895	False
Q10N20	Oryza sativa	Plants	369	False
Q10PI9	Oryza sativa	Plants	459	False
Q10QA5	Oryza sativa	Plants	318	False
Q10R09	Oryza sativa	Plants	310	False
Q10S44	Oryza sativa	Plants	354	False
Q10S82	Oryza sativa	Plants	492	False
Q11011	Mus	Metazoa	920	False
Q11107	Caenorhabditis	Metazoa	2248	False
Q11120	Schizosaccharomyces pombe	Fungi	515	False
Q11179	Caenorhabditis	Metazoa	470	False
Q11184	Caenorhabditis	Metazoa	425	False
Q12009	Saccharomyces cerevisiae	Fungi	286	False
Q12018	Saccharomyces cerevisiae	Fungi	815	False
Q12019	Saccharomyces cerevisiae	Fungi	4910	False
Q12024	Saccharomyces cerevisiae	Fungi	460	False
Q12030	Saccharomyces cerevisiae	Fungi	206	False
Q12033	Saccharomyces cerevisiae	Fungi	661	False
Q12038	Saccharomyces cerevisiae	Fungi	1033	False
Q12041	Saccharomyces cerevisiae	Fungi	191	False
Q12045	Saccharomyces cerevisiae	Fungi	647	False
Q12046	Saccharomyces cerevisiae	Fungi	339	False
Q12050	Saccharomyces cerevisiae	Fungi	791	False
Q12052	Saccharomyces cerevisiae	Fungi	315	False
Q12055	Saccharomyces cerevisiae	Fungi	197	False
Q12062	Aspergillus parasiticus	Fungi	643	False
Q12063	Saccharomyces cerevisiae	Fungi	375	False
Q12068	Saccharomyces cerevisiae	Fungi	342	False
Q12080	Saccharomyces cerevisiae	Fungi	455	False
Q12082	Saccharomyces cerevisiae	Fungi	118	True
Q12093	Saccharomyces cerevisiae	Fungi	417	False
Q12094	Saccharomyces cerevisiae	Fungi	313	False
Q12098	Saccharomyces cerevisiae	Fungi	748	False
Q12099	Saccharomyces cerevisiae	Fungi	399	False
Q12106	Saccharomyces cerevisiae	Fungi	302	True
Q12124	Saccharomyces cerevisiae	Fungi	431	False
Q12126	Schizosaccharomyces pombe	Fungi	335	False
Q12136	Saccharomyces cerevisiae	Fungi	610	False
Q12142	Saccharomyces cerevisiae	Fungi	997	False
Q12146	Saccharomyces cerevisiae	Fungi	194	False
Q12149	Saccharomyces cerevisiae	Fungi	733	False
Q12150	Saccharomyces cerevisiae	Fungi	2958	True
Q12151	Saccharomyces cerevisiae	Fungi	913	False
Q12158	Saccharomyces cerevisiae	Fungi	566	False
Q12159	Saccharomyces cerevisiae	Fungi	226	False
Q12164	Saccharomyces cerevisiae	Fungi	279	True
Q12166	Saccharomyces cerevisiae	Fungi	604	False
Q12176	Saccharomyces cerevisiae	Fungi	1025	False
Q12178	Saccharomyces cerevisiae	Fungi	158	False
Q12181	Saccharomyces cerevisiae	Fungi	623	False
Q12184	Saccharomyces cerevisiae	Fungi	172	False
Q12186	Saccharomyces cerevisiae	Fungi	476	False
Q12188	Saccharomyces cerevisiae	Fungi	680	False
Q12207	Saccharomyces cerevisiae	Fungi	173	True
Q12208	Saccharomyces cerevisiae	Fungi	290	False
Q12211	Saccharomyces cerevisiae	Fungi	544	False
Q12216	Saccharomyces cerevisiae	Fungi	726	False
Q12220	Saccharomyces cerevisiae	Fungi	943	False
Q12223	Saccharomyces cerevisiae	Fungi	238	False
Q12236	Saccharomyces cerevisiae	Fungi	1081	False
Q12246	Saccharomyces cerevisiae	Fungi	624	False
Q12248	Saccharomyces cerevisiae	Fungi	94	False
Q12262	Saccharomyces cerevisiae	Fungi	181	False
Q12267	Saccharomyces cerevisiae	Fungi	1418	False
Q12275	Saccharomyces cerevisiae	Fungi	1648	False
Q12277	Saccharomyces cerevisiae	Fungi	265	False
Q12285	Saccharomyces cerevisiae	Fungi	212	False
Q12287	Saccharomyces cerevisiae	Fungi	69	False
Q12297	Saccharomyces cerevisiae	Fungi	353	False
Q12300	Saccharomyces cerevisiae	Fungi	763	False
Q12305	Saccharomyces cerevisiae	Fungi	139	False
Q12309	Saccharomyces cerevisiae	Fungi	687	False
Q12311	Saccharomyces cerevisiae	Fungi	748	False
Q12315	Saccharomyces cerevisiae	Fungi	538	False
Q12318	Saccharomyces cerevisiae	Fungi	242	False
Q12320	Saccharomyces cerevisiae	Fungi	285	False
Q12321	Saccharomyces cerevisiae	Fungi	566	False
Q12328	Saccharomyces cerevisiae	Fungi	207	True
Q12330	Saccharomyces cerevisiae	Fungi	94	False
Q12333	Saccharomyces cerevisiae	Fungi	620	True
Q12334	Saccharomyces cerevisiae	Fungi	223	False
Q12339	Saccharomyces cerevisiae	Fungi	254	False
Q12341	Saccharomyces cerevisiae	Fungi	374	False
Q12343	Saccharomyces cerevisiae	Fungi	284	False
Q12361	Saccharomyces cerevisiae	Fungi	961	True
Q12362	Saccharomyces cerevisiae	Fungi	591	False
Q12363	Saccharomyces cerevisiae	Fungi	437	False
Q12366	Saccharomyces cerevisiae	Fungi	352	False
Q12373	Saccharomyces cerevisiae	Fungi	385	False
Q12382	Saccharomyces cerevisiae	Fungi	290	True
Q12383	Saccharomyces cerevisiae	Fungi	476	False
Q12386	Saccharomyces cerevisiae	Fungi	881	False
Q12389	Saccharomyces cerevisiae	Fungi	995	False
Q12400	Saccharomyces cerevisiae	Fungi	293	False
Q12406	Saccharomyces cerevisiae	Fungi	477	False
Q12416	Saccharomyces cerevisiae	Fungi	295	False
Q12417	Saccharomyces cerevisiae	Fungi	451	False
Q12425	Saccharomyces cerevisiae	Fungi	185	False
Q12432	Saccharomyces cerevisiae	Fungi	401	False
Q12440	Saccharomyces cerevisiae	Fungi	853	False
Q12445	Saccharomyces cerevisiae	Fungi	299	True
Q12451	Saccharomyces cerevisiae	Fungi	1283	False
Q12457	Saccharomyces cerevisiae	Fungi	570	False
Q12460	Saccharomyces cerevisiae	Fungi	504	False
Q12462	Saccharomyces cerevisiae	Fungi	236	False
Q12464	Saccharomyces cerevisiae	Fungi	471	False
Q12466	Saccharomyces cerevisiae	Fungi	1186	False
Q12468	Saccharomyces cerevisiae	Fungi	440	False
Q12476	Saccharomyces cerevisiae	Fungi	344	False
Q12481	Saccharomyces cerevisiae	Fungi	300	False
Q12488	Saccharomyces cerevisiae	Fungi	208	False
Q12495	Saccharomyces cerevisiae	Fungi	606	False
Q12499	Saccharomyces cerevisiae	Fungi	511	False
Q12509	Saccharomyces cerevisiae	Fungi	438	False
Q12511	Saccharomyces cerevisiae	Fungi	572	False
Q12513	Saccharomyces cerevisiae	Fungi	150	False
Q12514	Saccharomyces cerevisiae	Fungi	560	False
Q12522	Saccharomyces cerevisiae	Fungi	245	False
Q12524	Saccharomyces cerevisiae	Fungi	340	False
Q12530	Saccharomyces cerevisiae	Fungi	201	True
Q12675	Saccharomyces cerevisiae	Fungi	1612	False
Q12691	Saccharomyces cerevisiae	Fungi	1091	True
Q12692	Saccharomyces cerevisiae	Fungi	134	False
Q12734	Saccharomyces cerevisiae	Fungi	1121	False
Q12746	Saccharomyces cerevisiae	Fungi	312	True
Q12748	Saccharomyces cerevisiae	Fungi	733	False
Q12749	Saccharomyces cerevisiae	Fungi	1114	False
Q12754	Saccharomyces cerevisiae	Fungi	1228	False
Q12768	Homo	Metazoa	1159	False
Q12769	Homo	Metazoa	1436	False
Q12772	Homo	Metazoa	1141	False
Q12774	Homo	Metazoa	1597	False
Q12778	Homo	Metazoa	655	False
Q12788	Homo	Metazoa	808	False
Q12789	Homo	Metazoa	2109	False
Q12791	Homo	Metazoa	1236	True
Q12800	Homo	Metazoa	502	False
Q12802	Homo	Metazoa	2813	False
Q12809	Homo	Metazoa	1159	False
Q12824	Homo	Metazoa	385	False
Q12829	Homo	Metazoa	278	False
Q12830	Homo	Metazoa	3046	False
Q12837	Homo	Metazoa	409	False
Q12849	Homo	Metazoa	480	False
Q12857	Homo	Metazoa	509	False
Q12873	Homo	Metazoa	2000	False
Q12874	Homo	Metazoa	501	False
Q12884	Homo	Metazoa	760	True
Q12887	Homo	Metazoa	443	False
Q12888	Homo	Metazoa	1972	False
Q12899	Homo	Metazoa	539	False
Q12904	Homo	Metazoa	312	False
Q12905	Homo	Metazoa	390	False
Q12906	Homo	Metazoa	894	False
Q12923	Homo	Metazoa	2485	False
Q12931	Homo	Metazoa	704	False
Q12947	Homo	Metazoa	444	False
Q12948	Homo	Metazoa	553	False
Q12951	Homo	Metazoa	378	False
Q12952	Homo	Metazoa	345	False
Q12955	Homo	Metazoa	4377	False
Q12959	Homo	Metazoa	904	False
Q12962	Homo	Metazoa	218	False
Q12968	Homo	Metazoa	1075	False
Q12972	Homo	Metazoa	351	False
Q12974	Homo	Metazoa	167	False
Q12981	Homo	Metazoa	228	False
Q12983	Homo	Metazoa	194	False
Q12986	Homo	Metazoa	1120	False
Q12996	Homo	Metazoa	717	False
Q13009	Homo	Metazoa	1591	False
Q13015	Homo	Metazoa	90	False
Q13017	Homo	Metazoa	1502	False
Q13023	Homo	Metazoa	2319	False
Q13029	Homo	Metazoa	1718	False
Q13043	Homo	Metazoa	487	False
Q13049	Homo	Metazoa	653	False
Q13057	Homo	Metazoa	564	False
Q13061	Homo	Metazoa	729	True
Q13064	Homo	Metazoa	507	False
Q13084	Homo	Metazoa	256	False
Q13098	Homo	Metazoa	491	False
Q13105	Homo	Metazoa	803	False
Q13107	Homo	Metazoa	963	False
Q13111	Homo	Metazoa	956	False
Q13112	Homo	Metazoa	559	False
Q13114	Homo	Metazoa	568	False
Q13115	Homo	Metazoa	394	False
Q13117	Homo	Metazoa	558	False
Q13123	Homo	Metazoa	557	False
Q13127	Homo	Metazoa	1097	False
Q13131	Homo	Metazoa	559	False
Q13133	Homo	Metazoa	447	False
Q13148	Homo	Metazoa	414	False
Q13153	Homo	Metazoa	545	False
Q13155	Homo	Metazoa	320	False
Q13156	Homo	Metazoa	261	False
Q13164	Homo	Metazoa	816	False
Q13177	Homo	Metazoa	524	False
Q13183	Homo	Metazoa	592	True
Q13185	Homo	Metazoa	183	False
Q13188	Homo	Metazoa	491	False
Q13206	Homo	Metazoa	875	False
Q13207	Homo	Metazoa	712	False
Q13216	Homo	Metazoa	396	False
Q13227	Homo	Metazoa	327	False
Q13228	Homo	Metazoa	472	False
Q13232	Homo	Metazoa	169	False
Q13237	Homo	Metazoa	762	False
Q13241	Homo	Metazoa	179	True
Q13242	Homo	Metazoa	221	False
Q13243	Homo	Metazoa	272	False
Q13247	Homo	Metazoa	344	False
Q13257	Homo	Metazoa	205	False
Q13263	Homo	Metazoa	835	False
Q13268	Homo	Metazoa	280	False
Q13277	Homo	Metazoa	289	False
Q13283	Homo	Metazoa	466	False
Q13285	Homo	Metazoa	461	False
Q13286	Homo	Metazoa	438	True
Q13287	Homo	Metazoa	307	False
Q13309	Homo	Metazoa	424	False
Q13315	Homo	Metazoa	3056	False
Q13319	Homo	Metazoa	367	False
Q13325	Homo	Metazoa	482	False
Q13330	Homo	Metazoa	715	False
Q13336	Homo	Metazoa	389	True
Q13342	Homo	Metazoa	867	False
Q13351	Homo	Metazoa	362	False
Q13352	Homo	Metazoa	177	False
Q13356	Homo	Metazoa	520	False
Q13362	Homo	Metazoa	524	False
Q13363	Homo	Metazoa	440	False
Q13368	Homo	Metazoa	585	False
Q13404	Homo	Metazoa	147	False
Q13405	Homo	Metazoa	166	False
Q13415	Homo	Metazoa	861	False
Q13416	Homo	Metazoa	577	False
Q13418	Homo	Metazoa	452	False
Q13422	Homo	Metazoa	519	False
Q13426	Homo	Metazoa	336	False
Q13427	Homo	Metazoa	754	False
Q13428	Homo	Metazoa	1488	False
Q13435	Homo	Metazoa	895	False
Q13461	Homo	Metazoa	319	False
Q13469	Homo	Metazoa	925	False
Q13472	Homo	Metazoa	1001	False
Q13485	Homo	Metazoa	552	False
Q13487	Homo	Metazoa	334	False
Q13489	Homo	Metazoa	604	False
Q13490	Homo	Metazoa	618	False
Q13492	Homo	Metazoa	652	False
Q13495	Homo	Metazoa	774	False
Q13496	Homo	Metazoa	603	False
Q13501	Homo	Metazoa	440	False
Q13507	Homo	Metazoa	921	False
Q13523	Homo	Metazoa	1007	False
Q13526	Homo	Metazoa	163	False
Q13530	Homo	Metazoa	473	False
Q13535	Homo	Metazoa	2644	False
Q13541	Homo	Metazoa	118	False
Q13547	Homo	Metazoa	482	False
Q13562	Homo	Metazoa	356	False
Q13563	Homo	Metazoa	968	False
Q13564	Homo	Metazoa	534	False
Q13568	Homo	Metazoa	498	False
Q13569	Homo	Metazoa	410	False
Q13573	Homo	Metazoa	536	False
Q13574	Homo	Metazoa	928	False
Q13585	Homo	Metazoa	617	True
Q13595	Homo	Metazoa	282	False
Q13601	Homo	Metazoa	381	False
Q13608	Homo	Metazoa	980	False
Q13610	Homo	Metazoa	501	False
Q13615	Homo	Metazoa	1198	False
Q13618	Homo	Metazoa	768	False
Q13620	Homo	Metazoa	913	False
Q13621	Homo	Metazoa	1099	False
Q13625	Homo	Metazoa	1128	False
Q13627	Homo	Metazoa	763	False
Q13635	Homo	Metazoa	1447	False
Q13637	Homo	Metazoa	225	False
Q13639	Homo	Metazoa	388	True
Q13642	Homo	Metazoa	323	False
Q13685	Homo	Metazoa	434	False
Q13686	Homo	Metazoa	389	False
Q13698	Homo	Metazoa	1873	True
Q13702	Homo	Metazoa	412	False
Q13733	Homo	Metazoa	1029	False
Q13761	Homo	Metazoa	415	False
Q13765	Homo	Metazoa	215	False
Q13769	Homo	Metazoa	683	False
Q13772	Homo	Metazoa	614	False
Q13794	Homo	Metazoa	54	False
Q13823	Homo	Metazoa	731	False
Q13829	Homo	Metazoa	316	False
Q13835	Homo	Metazoa	747	False
Q13838	Homo	Metazoa	428	False
Q13868	Homo	Metazoa	293	False
Q13882	Homo	Metazoa	451	False
Q13886	Homo	Metazoa	244	False
Q13887	Homo	Metazoa	457	False
Q13888	Homo	Metazoa	395	False
Q13889	Homo	Metazoa	308	False
Q13895	Homo	Metazoa	437	False
Q13901	Homo	Metazoa	141	False
Q13936	Homo	Metazoa	2221	False
Q13946	Homo	Metazoa	482	False
Q13950	Homo	Metazoa	521	False
Q13952	Homo	Metazoa	458	False
Q14003	Homo	Metazoa	757	False
Q14004	Homo	Metazoa	1512	False
Q14005	Homo	Metazoa	1332	False
Q14011	Homo	Metazoa	172	False
Q14019	Homo	Metazoa	142	False
Q14032	Homo	Metazoa	418	False
Q14061	Homo	Metazoa	63	False
Q14103	Homo	Metazoa	355	False
Q14116	Homo	Metazoa	193	False
Q14119	Homo	Metazoa	521	False
Q14129	Homo	Metazoa	220	False
Q14137	Homo	Metazoa	746	False
Q14140	Homo	Metazoa	314	False
Q14142	Homo	Metazoa	442	False
Q14145	Homo	Metazoa	624	False
Q14149	Homo	Metazoa	939	False
Q14151	Homo	Metazoa	953	False
Q14153	Homo	Metazoa	422	False
Q14154	Homo	Metazoa	515	False
Q14156	Homo	Metazoa	821	False
Q14157	Homo	Metazoa	1087	False
Q14159	Homo	Metazoa	915	False
Q14160	Homo	Metazoa	1655	False
Q14164	Homo	Metazoa	716	False
Q14166	Homo	Metazoa	644	False
Q14181	Homo	Metazoa	598	False
Q14188	Homo	Metazoa	446	False
Q14190	Homo	Metazoa	667	False
Q14191	Homo	Metazoa	1432	False
Q14192	Homo	Metazoa	279	False
Q14197	Homo	Metazoa	206	False
Q14202	Homo	Metazoa	1370	False
Q14203	Homo	Metazoa	1278	False
Q14207	Homo	Metazoa	1427	False
Q14209	Homo	Metazoa	437	False
Q14241	Homo	Metazoa	772	False
Q14244	Homo	Metazoa	749	False
Q14249	Homo	Metazoa	297	False
Q14254	Homo	Metazoa	428	False
Q14289	Homo	Metazoa	1009	False
Q14296	Homo	Metazoa	549	False
Q14318	Homo	Metazoa	412	False
Q14320	Homo	Metazoa	339	False
Q14331	Homo	Metazoa	258	False
Q14344	Homo	Metazoa	377	False
Q14397	Homo	Metazoa	625	False
Q14432	Homo	Metazoa	1141	True
Q14444	Homo	Metazoa	709	False
Q14451	Homo	Metazoa	532	False
Q14457	Homo	Metazoa	450	False
Q14469	Homo	Metazoa	280	False
Q14493	Homo	Metazoa	270	False
Q14494	Homo	Metazoa	772	True
Q14498	Homo	Metazoa	530	False
Q14500	Homo	Metazoa	433	True
Q14511	Homo	Metazoa	834	False
Q14524	Homo	Metazoa	2016	False
Q14526	Homo	Metazoa	733	False
Q14527	Homo	Metazoa	1009	False
Q14542	Homo	Metazoa	456	True
Q14562	Homo	Metazoa	1220	False
Q14565	Homo	Metazoa	340	False
Q14566	Homo	Metazoa	821	False
Q14587	Homo	Metazoa	947	False
Q14642	Homo	Metazoa	412	False
Q14644	Homo	Metazoa	834	False
Q14653	Homo	Metazoa	427	False
Q14657	Homo	Metazoa	143	False
Q14669	Homo	Metazoa	2067	False
Q14674	Homo	Metazoa	2120	False
Q14676	Homo	Metazoa	2089	False
Q14678	Homo	Metazoa	1352	False
Q14680	Homo	Metazoa	651	False
Q14683	Homo	Metazoa	1233	False
Q14684	Homo	Metazoa	758	False
Q14686	Homo	Metazoa	2063	False
Q14689	Homo	Metazoa	1571	False
Q14690	Homo	Metazoa	1871	False
Q14692	Homo	Metazoa	1282	False
Q14693	Homo	Metazoa	890	False
Q14694	Homo	Metazoa	798	False
Q14699	Homo	Metazoa	578	False
Q14721	Homo	Metazoa	858	False
Q14722	Homo	Metazoa	419	False
Q14738	Homo	Metazoa	602	False
Q14739	Homo	Metazoa	615	False
Q14764	Homo	Metazoa	893	False
Q14765	Homo	Metazoa	748	False
Q14781	Homo	Metazoa	532	False
Q147X3	Homo	Metazoa	362	False
Q14807	Homo	Metazoa	665	False
Q14814	Homo	Metazoa	521	False
Q14839	Homo	Metazoa	1912	False
Q14872	Homo	Metazoa	753	False
Q148W0	Mus	Metazoa	1251	False
Q14916	Homo	Metazoa	467	True
Q14934	Homo	Metazoa	902	False
Q14938	Homo	Metazoa	502	False
Q14940	Homo	Metazoa	896	True
Q14966	Homo	Metazoa	1978	False
Q14973	Homo	Metazoa	349	True
Q14974	Homo	Metazoa	876	False
Q14978	Homo	Metazoa	699	False
Q14980	Homo	Metazoa	2115	False
Q14994	Homo	Metazoa	352	False
Q14995	Homo	Metazoa	579	False
Q14997	Homo	Metazoa	1843	False
Q149M9	Homo	Metazoa	1564	False
Q14B80	Mus	Metazoa	642	False
Q14BI7	Mus	Metazoa	1383	False
Q14BN4	Homo	Metazoa	828	False
Q14CB8	Homo	Metazoa	494	False
Q14CH7	Mus	Metazoa	980	False
Q14CW9	Homo	Metazoa	347	False
Q14CZ0	Homo	Metazoa	275	False
Q14CZ7	Homo	Metazoa	662	False
Q14D04	Homo	Metazoa	833	False
Q14DK4	Mus	Metazoa	801	False
Q15003	Homo	Metazoa	741	False
Q15004	Homo	Metazoa	111	False
Q15007	Homo	Metazoa	396	False
Q15013	Homo	Metazoa	274	False
Q15014	Homo	Metazoa	288	False
Q15018	Homo	Metazoa	415	False
Q15020	Homo	Metazoa	963	False
Q15021	Homo	Metazoa	1401	False
Q15022	Homo	Metazoa	739	False
Q15024	Homo	Metazoa	291	False
Q15025	Homo	Metazoa	636	False
Q15029	Homo	Metazoa	972	False
Q15038	Homo	Metazoa	168	False
Q15040	Homo	Metazoa	202	False
Q15046	Homo	Metazoa	597	False
Q15047	Homo	Metazoa	1291	False
Q15049	Homo	Metazoa	377	True
Q15050	Homo	Metazoa	365	False
Q15054	Homo	Metazoa	466	False
Q15057	Homo	Metazoa	778	False
Q15058	Homo	Metazoa	1648	False
Q15059	Homo	Metazoa	726	False
Q15061	Homo	Metazoa	677	False
Q15067	Homo	Metazoa	660	False
Q15070	Homo	Metazoa	435	False
Q15072	Homo	Metazoa	292	False
Q15077	Homo	Metazoa	328	True
Q15078	Homo	Metazoa	307	False
Q15080	Homo	Metazoa	339	False
Q15118	Homo	Metazoa	436	False
Q15119	Homo	Metazoa	407	False
Q15120	Homo	Metazoa	406	False
Q15125	Homo	Metazoa	230	True
Q15126	Homo	Metazoa	192	False
Q15139	Homo	Metazoa	912	False
Q15147	Homo	Metazoa	1175	False
Q15170	Homo	Metazoa	159	False
Q15172	Homo	Metazoa	486	False
Q15208	Homo	Metazoa	465	False
Q15233	Homo	Metazoa	471	False
Q15257	Homo	Metazoa	358	False
Q15269	Homo	Metazoa	919	False
Q15286	Homo	Metazoa	201	False
Q15287	Homo	Metazoa	305	False
Q15291	Homo	Metazoa	538	False
Q15306	Homo	Metazoa	451	False
Q15311	Homo	Metazoa	655	False
Q15319	Homo	Metazoa	338	False
Q15326	Homo	Metazoa	602	False
Q15327	Homo	Metazoa	319	False
Q15329	Homo	Metazoa	346	False
Q15349	Homo	Metazoa	733	False
Q15365	Homo	Metazoa	356	False
Q15366	Homo	Metazoa	365	False
Q15382	Homo	Metazoa	184	False
Q15388	Homo	Metazoa	145	True
Q15393	Homo	Metazoa	1217	False
Q15397	Homo	Metazoa	648	False
Q15398	Homo	Metazoa	846	False
Q15406	Homo	Metazoa	480	False
Q15415	Homo	Metazoa	496	False
Q15418	Homo	Metazoa	735	False
Q15424	Homo	Metazoa	915	False
Q15427	Homo	Metazoa	424	False
Q15428	Homo	Metazoa	464	False
Q15436	Homo	Metazoa	765	False
Q15438	Homo	Metazoa	398	False
Q15459	Homo	Metazoa	793	False
Q15464	Homo	Metazoa	509	False
Q15466	Homo	Metazoa	257	False
Q15475	Homo	Metazoa	284	False
Q15477	Homo	Metazoa	1246	False
Q15542	Homo	Metazoa	800	False
Q15543	Homo	Metazoa	124	False
Q15544	Homo	Metazoa	211	False
Q15554	Homo	Metazoa	542	False
Q15560	Homo	Metazoa	299	False
Q15561	Homo	Metazoa	434	False
Q15562	Homo	Metazoa	447	False
Q15583	Homo	Metazoa	401	False
Q15596	Homo	Metazoa	1464	False
Q15599	Homo	Metazoa	337	False
Q15617	Homo	Metazoa	311	True
Q15631	Homo	Metazoa	228	False
Q15633	Homo	Metazoa	366	False
Q15637	Homo	Metazoa	639	False
Q15642	Homo	Metazoa	601	False
Q15646	Homo	Metazoa	514	False
Q15648	Homo	Metazoa	1581	False
Q15649	Homo	Metazoa	155	False
Q15650	Homo	Metazoa	581	False
Q15652	Homo	Metazoa	2540	False
Q15654	Homo	Metazoa	476	False
Q15672	Homo	Metazoa	202	False
Q15678	Homo	Metazoa	1187	False
Q15691	Homo	Metazoa	268	False
Q15696	Homo	Metazoa	482	False
Q15697	Homo	Metazoa	407	False
Q15699	Homo	Metazoa	326	False
Q15714	Homo	Metazoa	1073	False
Q15717	Homo	Metazoa	326	False
Q15722	Homo	Metazoa	352	True
Q15723	Homo	Metazoa	593	False
Q15743	Homo	Metazoa	365	True
Q15744	Homo	Metazoa	281	False
Q15750	Homo	Metazoa	504	False
Q15751	Homo	Metazoa	4861	False
Q15758	Homo	Metazoa	541	True
Q15772	Homo	Metazoa	3267	False
Q15785	Homo	Metazoa	309	False
Q15796	Homo	Metazoa	467	False
Q15797	Homo	Metazoa	465	False
Q15811	Homo	Metazoa	1721	False
Q15831	Homo	Metazoa	433	False
Q15833	Homo	Metazoa	593	False
Q15834	Homo	Metazoa	202	False
Q15843	Homo	Metazoa	81	False
Q15849	Homo	Metazoa	920	False
Q15853	Homo	Metazoa	346	False
Q15858	Homo	Metazoa	1988	False
Q15910	Homo	Metazoa	746	False
Q15911	Homo	Metazoa	3703	False
Q15915	Homo	Metazoa	447	False
Q15916	Homo	Metazoa	424	False
Q15942	Homo	Metazoa	572	False
Q16082	Homo	Metazoa	182	False
Q16134	Homo	Metazoa	617	False
Q16186	Homo	Metazoa	407	False
Q16206	Homo	Metazoa	610	False
Q16222	Homo	Metazoa	522	False
Q16236	Homo	Metazoa	605	False
Q16254	Homo	Metazoa	413	False
Q16281	Homo	Metazoa	694	False
Q16342	Homo	Metazoa	344	False
Q16348	Homo	Metazoa	729	True
Q16385	Homo	Metazoa	188	False
Q16512	Homo	Metazoa	942	False
Q16513	Homo	Metazoa	984	False
Q16514	Homo	Metazoa	161	False
Q16515	Homo	Metazoa	512	True
Q16518	Homo	Metazoa	533	False
Q16526	Homo	Metazoa	586	False
Q16531	Homo	Metazoa	1140	False
Q16533	Homo	Metazoa	368	False
Q16534	Homo	Metazoa	295	False
Q16539	Homo	Metazoa	360	False
Q16540	Homo	Metazoa	153	False
Q16555	Homo	Metazoa	572	False
Q16560	Homo	Metazoa	246	False
Q16566	Homo	Metazoa	473	False
Q16576	Homo	Metazoa	425	False
Q16581	Homo	Metazoa	482	True
Q16587	Homo	Metazoa	644	False
Q16594	Homo	Metazoa	264	False
Q16595	Homo	Metazoa	210	False
Q16611	Homo	Metazoa	211	False
Q16617	Homo	Metazoa	165	True
Q16621	Homo	Metazoa	373	False
Q16625	Homo	Metazoa	522	True
Q16629	Homo	Metazoa	238	False
Q16630	Homo	Metazoa	551	False
Q16635	Homo	Metazoa	262	False
Q16637	Homo	Metazoa	294	False
Q16644	Homo	Metazoa	382	False
Q16650	Homo	Metazoa	682	False
Q16654	Homo	Metazoa	411	False
Q16656	Homo	Metazoa	503	False
Q16658	Homo	Metazoa	493	False
Q16665	Homo	Metazoa	826	False
Q16666	Homo	Metazoa	785	False
Q16670	Homo	Metazoa	478	False
Q16676	Homo	Metazoa	465	False
Q16695	Homo	Metazoa	136	False
Q16698	Homo	Metazoa	335	False
Q16719	Homo	Metazoa	465	False
Q16720	Homo	Metazoa	1220	False
Q16740	Homo	Metazoa	277	False
Q16760	Homo	Metazoa	1214	False
Q16773	Homo	Metazoa	422	False
Q16774	Homo	Metazoa	197	False
Q16775	Homo	Metazoa	308	False
Q16777	Homo	Metazoa	129	False
Q16778	Homo	Metazoa	126	False
Q16798	Homo	Metazoa	604	False
Q16822	Homo	Metazoa	640	False
Q16853	Homo	Metazoa	763	True
Q16873	Homo	Metazoa	150	True
Q16881	Homo	Metazoa	649	False
Q16891	Homo	Metazoa	758	True
Q17381	Caenorhabditis	Metazoa	506	False
Q17390	Caenorhabditis	Metazoa	791	False
Q17391	Caenorhabditis	Metazoa	777	False
Q17446	Caenorhabditis	Metazoa	377	False
Q17569	Caenorhabditis	Metazoa	389	False
Q17604	Caenorhabditis	Metazoa	161	False
Q17635	Caenorhabditis	Metazoa	590	False
Q17850	Caenorhabditis	Metazoa	572	False
Q17958	Caenorhabditis	Metazoa	215	False
Q17963	Caenorhabditis	Metazoa	376	False
Q17990	Caenorhabditis	Metazoa	439	True
Q17TI5	Arabidopsis	Plants	344	False
Q18221	Caenorhabditis	Metazoa	1507	False
Q18237	Caenorhabditis	Metazoa	1076	False
Q18321	Caenorhabditis	Metazoa	482	True
Q18425	Caenorhabditis	Metazoa	473	False
Q18490	Caenorhabditis	Metazoa	142	False
Q18508	Caenorhabditis	Metazoa	1784	False
Q18533	Caenorhabditis	Metazoa	341	False
Q18593	Caenorhabditis	Metazoa	329	True
Q18685	Caenorhabditis	Metazoa	720	False
Q18694	Caenorhabditis	Metazoa	333	False
Q18711	Caenorhabditis	Metazoa	235	False
Q18807	Caenorhabditis	Metazoa	339	True
Q18825	Caenorhabditis	Metazoa	811	False
Q18885	Caenorhabditis	Metazoa	161	False
Q18909	Caenorhabditis	Metazoa	319	False
Q18PE0	Mus	Metazoa	504	False
Q19087	Caenorhabditis	Metazoa	470	False
Q19131	Caenorhabditis	Metazoa	813	False
Q19203	Caenorhabditis	Metazoa	310	False
Q19253	Caenorhabditis	Metazoa	592	False
Q19325	Caenorhabditis	Metazoa	645	False
Q19345	Caenorhabditis	Metazoa	572	False
Q19360	Caenorhabditis	Metazoa	430	False
Q19404	Caenorhabditis	Metazoa	442	False
Q19541	Caenorhabditis	Metazoa	169	False
Q19555	Caenorhabditis	Metazoa	1096	False
Q19584	Caenorhabditis	Metazoa	342	False
Q195N6	Zea	Plants	426	False
Q19614	Caenorhabditis	Metazoa	433	False
Q19691	Caenorhabditis	Metazoa	423	False
Q19848	Caenorhabditis	Metazoa	610	False
Q19849	Caenorhabditis	Metazoa	486	False
Q19969	Caenorhabditis	Metazoa	514	False
Q19972	Caenorhabditis	Metazoa	270	False
Q19AV6	Homo	Metazoa	140	False
Q19S50	Sus	Metazoa	770	False
Q1ACB3	Arabidopsis	Plants	386	False
Q1EHB4	Homo	Metazoa	618	True
Q1ENB6	Arabidopsis	Plants	484	False
Q1G3I2	Arabidopsis	Plants	117	False
Q1H537	Arabidopsis	Plants	417	False
Q1H595	Arabidopsis	Plants	93	False
Q1H5E9	Arabidopsis	Plants	397	False
Q1HFZ0	Mus	Metazoa	757	False
Q1HG43	Homo	Metazoa	343	True
Q1HG44	Homo	Metazoa	320	True
Q1JPL4	Arabidopsis	Plants	571	False
Q1JRP2	Mus	Metazoa	431	True
Q1KPV0	Arabidopsis	Plants	912	False
Q1LX78	Danio	Metazoa	1485	True
Q1LZ24	melanogaster subgroup	Metazoa	586	False
Q1M168	Rattus	Metazoa	372	False
Q1MT80	Danio	Metazoa	618	False
Q1MTN9	Schizosaccharomyces pombe	Fungi	544	False
Q1MTQ0	Schizosaccharomyces pombe	Fungi	692	False
Q1MTQ7	Schizosaccharomyces pombe	Fungi	633	False
Q1PDV6	Arabidopsis	Plants	513	False
Q1PDW3	Arabidopsis	Plants	636	False
Q1RNF8	Mus	Metazoa	542	False
Q1W6H9	Homo	Metazoa	321	False
Q1XA76	Gallus	Metazoa	527	True
Q1XG89	Bombyx	Metazoa	1759	False
Q1XH17	Mus	Metazoa	477	False
Q20024	Caenorhabditis	Metazoa	306	False
Q20057	Caenorhabditis	Metazoa	113	False
Q20060	Caenorhabditis	Metazoa	1549	False
Q20471	Caenorhabditis	Metazoa	497	False
Q20480	Caenorhabditis	Metazoa	287	False
Q20497	Caenorhabditis	Metazoa	3498	False
Q20591	Caenorhabditis	Metazoa	86	True
Q20646	Caenorhabditis	Metazoa	644	False
Q20655	Caenorhabditis	Metazoa	248	False
Q20709	Caenorhabditis	Metazoa	543	False
Q20745	Caenorhabditis	Metazoa	1111	False
Q20748	Caenorhabditis	Metazoa	595	False
Q20924	Caenorhabditis	Metazoa	473	False
Q20929	Caenorhabditis	Metazoa	510	True
Q20977	Caenorhabditis	Metazoa	567	False
Q20992	Caenorhabditis	Metazoa	667	False
Q21017	Caenorhabditis	Metazoa	822	False
Q21148	Caenorhabditis	Metazoa	308	False
Q21187	Caenorhabditis	Metazoa	300	False
Q21209	Caenorhabditis	Metazoa	702	False
Q21227	Caenorhabditis	Metazoa	1188	False
Q21433	Caenorhabditis	Metazoa	546	True
Q21434	Caenorhabditis	Metazoa	562	True
Q21443	Caenorhabditis	Metazoa	566	False
Q21446	Caenorhabditis	Metazoa	539	False
Q21502	Caenorhabditis	Metazoa	870	False
Q21691	Caenorhabditis	Metazoa	1057	False
Q21733	Caenorhabditis	Metazoa	546	False
Q21738	Caenorhabditis	Metazoa	335	False
Q21776	Caenorhabditis	Metazoa	987	False
Q21832	Caenorhabditis	Metazoa	142	False
Q21836	Caenorhabditis	Metazoa	362	False
Q21921	Caenorhabditis	Metazoa	607	False
Q21929	Caenorhabditis	Metazoa	251	False
Q21952	Caenorhabditis	Metazoa	490	False
Q22002	Caenorhabditis	Metazoa	582	False
Q22024	Caenorhabditis	Metazoa	543	False
Q22038	Caenorhabditis	Metazoa	192	False
Q22146	Caenorhabditis	Metazoa	390	False
Q22197	Caenorhabditis	Metazoa	184	False
Q22227	Caenorhabditis	Metazoa	672	False
Q22355	Caenorhabditis	Metazoa	377	False
Q22397	Caenorhabditis	Metazoa	523	True
Q22453	Caenorhabditis	Metazoa	197	False
Q22495	Caenorhabditis	Metazoa	308	True
Q22557	Caenorhabditis	Metazoa	368	False
Q22618	Caenorhabditis	Metazoa	495	False
Q22663	Caenorhabditis	Metazoa	183	False
Q22703	Caenorhabditis	Metazoa	598	False
Q22707	Caenorhabditis	Metazoa	233	False
Q22717	Caenorhabditis	Metazoa	170	False
Q22795	Caenorhabditis	Metazoa	242	False
Q22799	Caenorhabditis	Metazoa	89	False
Q22812	Caenorhabditis	Metazoa	399	False
Q23045	Caenorhabditis	Metazoa	470	False
Q23064	Caenorhabditis	Metazoa	1041	False
Q230X8	Tetrahymena thermophila	Other	423	False
Q23175	Caenorhabditis	Metazoa	439	False
Q23238	Caenorhabditis	Metazoa	893	False
Q23243	Caenorhabditis	Metazoa	845	False
Q23255	Caenorhabditis	Metazoa	728	False
Q23272	Caenorhabditis	Metazoa	488	False
Q23357	Caenorhabditis	Metazoa	668	False
Q23405	Caenorhabditis	Metazoa	842	False
Q23529	Caenorhabditis	Metazoa	777	False
Q23541	Caenorhabditis	Metazoa	1477	False
Q23544	Caenorhabditis	Metazoa	508	True
Q23590	Caenorhabditis	Metazoa	1390	False
Q23670	Caenorhabditis	Metazoa	1520	False
Q23794	Camptochironomus	Metazoa	99	False
Q23917	Dictyostelium	Other	793	False
Q23973	melanogaster subgroup	Metazoa	217	False
Q23978	melanogaster subgroup	Metazoa	1011	False
Q23979	melanogaster subgroup	Metazoa	1035	False
Q24025	melanogaster subgroup	Metazoa	1038	True
Q24119	melanogaster subgroup	Metazoa	1022	False
Q24134	melanogaster subgroup	Metazoa	578	False
Q24142	melanogaster subgroup	Metazoa	601	False
Q24143	melanogaster subgroup	Metazoa	723	False
Q24167	melanogaster subgroup	Metazoa	1507	False
Q24168	melanogaster subgroup	Metazoa	618	False
Q24174	melanogaster subgroup	Metazoa	904	False
Q24180	melanogaster subgroup	Metazoa	576	False
Q24206	melanogaster subgroup	Metazoa	880	False
Q24207	melanogaster subgroup	Metazoa	228	False
Q24210	melanogaster subgroup	Metazoa	898	False
Q24246	melanogaster subgroup	Metazoa	663	False
Q24307	melanogaster subgroup	Metazoa	498	False
Q24322	melanogaster subgroup	Metazoa	899	True
Q24325	melanogaster subgroup	Metazoa	1221	False
Q24338	melanogaster subgroup	Metazoa	425	False
Q24368	melanogaster subgroup	Metazoa	1027	False
Q24434	melanogaster subgroup	Metazoa	479	False
Q24459	melanogaster subgroup	Metazoa	1043	False
Q24472	melanogaster subgroup	Metazoa	845	False
Q24478	melanogaster subgroup	Metazoa	1096	False
Q24491	melanogaster subgroup	Metazoa	200	False
Q24562	melanogaster subgroup	Metazoa	416	False
Q24564	melanogaster subgroup	Metazoa	635	False
Q24572	melanogaster subgroup	Metazoa	430	False
Q24573	melanogaster subgroup	Metazoa	911	False
Q24849	Entamoeba histolytica	Other	601	False
Q24JK1	Arabidopsis	Plants	352	False
Q257B3	Trypanosoma brucei	Other	345	False
Q25C79	Rattus	Metazoa	201	False
Q25QX6	Xenopus	Metazoa	153	False
Q26263	melanogaster subgroup	Metazoa	435	False
Q26366	melanogaster subgroup	Metazoa	453	False
Q26622	Strongylocentrotus	Metazoa	583	False
Q27237	melanogaster subgroup	Metazoa	520	False
Q27268	melanogaster subgroup	Metazoa	424	False
Q27272	melanogaster subgroup	Metazoa	278	False
Q27297	melanogaster subgroup	Metazoa	336	False
Q27368	melanogaster subgroup	Metazoa	805	False
Q27403	melanogaster subgroup	Metazoa	504	False
Q27415	melanogaster subgroup	Metazoa	152	False
Q27487	Caenorhabditis	Metazoa	500	False
Q27511	Caenorhabditis	Metazoa	140	False
Q27539	Caenorhabditis	Metazoa	221	False
Q27607	melanogaster subgroup	Metazoa	1145	False
Q27749	Psammechinus	Metazoa	137	False
Q27750	Psammechinus	Metazoa	143	False
Q27890	Leishmania mexicana species complex	Other	361	False
Q27894	Caenorhabditis	Metazoa	123	False
Q27934	melanogaster subgroup	Metazoa	400	False
Q27GK7	Arabidopsis	Plants	1135	False
Q27W01	Rattus	Metazoa	174	False
Q28021	Bos	Metazoa	1388	False
Q28165	Bos	Metazoa	306	False
Q28175	Bos	Metazoa	533	False
Q28177	Bos	Metazoa	415	False
Q28205	Bos	Metazoa	1199	False
Q28618	Oryctolagus	Metazoa	324	False
Q28623	Oryctolagus	Metazoa	771	False
Q28677	Oryctolagus	Metazoa	1085	False
Q29122	Sus	Metazoa	1254	False
Q29455	Bos	Metazoa	198	False
Q29RF7	Homo	Metazoa	1337	False
Q29VN2	Zea	Plants	581	False
Q2EMV9	Mus	Metazoa	1817	False
Q2HIK4	Arabidopsis	Plants	129	False
Q2HJ10	Mus	Metazoa	371	True
Q2HXU8	Homo	Metazoa	276	True
Q2IBC5	Rattus	Metazoa	162	False
Q2KHI9	Mus	Metazoa	1134	False
Q2LAE1	Arabidopsis	Plants	1759	False
Q2LAJ3	Solanum subgen. Lycopersicon	Plants	846	False
Q2LKW6	Mus	Metazoa	1233	False
Q2M1K9	Homo	Metazoa	1284	False
Q2M2T1	Bos	Metazoa	126	False
Q2M3C6	Homo	Metazoa	523	False
Q2M3G0	Homo	Metazoa	1257	True
Q2M3R5	Homo	Metazoa	365	True
Q2M3X8	Mus	Metazoa	580	False
Q2MH31	Mus	Metazoa	260	False
Q2MHE4	Arabidopsis	Plants	390	False
Q2MHN3	Mus	Metazoa	2562	False
Q2MJT0	Rattus	Metazoa	495	False
Q2NKJ3	Homo	Metazoa	1217	False
Q2PFD7	Mus	Metazoa	1037	False
Q2PJ68	Caenorhabditis	Metazoa	463	False
Q2PS26	Arabidopsis	Plants	584	False
Q2Q5T5	Mus	Metazoa	84	True
Q2QWU2	Oryza sativa	Plants	443	False
Q2T9J0	Homo	Metazoa	566	False
Q2TA37	Bos	Metazoa	184	False
Q2TA68	Rattus	Metazoa	960	False
Q2TAK8	Homo	Metazoa	710	False
Q2TAL8	Homo	Metazoa	776	False
Q2TAY7	Homo	Metazoa	513	False
Q2TB02	Mus	Metazoa	327	False
Q2TB10	Homo	Metazoa	664	False
Q2TBE0	Homo	Metazoa	894	False
Q2TBE6	Mus	Metazoa	479	False
Q2THW7	Rattus	Metazoa	715	True
Q2V3L3	Arabidopsis	Plants	387	False
Q2VLK6	Trypanosoma cruzi	Other	358	False
Q2VPU4	Mus	Metazoa	917	False
Q2VUH8	Komagataella	Fungi	323	False
Q2VWA4	Homo	Metazoa	1015	False
Q2WG80	Danio	Metazoa	140	False
Q2WGJ9	Homo	Metazoa	1857	False
Q2WGK3	Trichoderma	Fungi	356	False
Q2Y0W8	Homo	Metazoa	1093	False
Q32KD2	melanogaster subgroup	Metazoa	1262	False
Q32L48	Bos	Metazoa	126	False
Q32M00	Mus	Metazoa	123	False
Q32M45	Homo	Metazoa	955	False
Q32MQ0	Homo	Metazoa	723	False
Q32MZ4	Homo	Metazoa	808	False
Q32NC0	Homo	Metazoa	220	False
Q32NN2	Xenopus	Metazoa	341	False
Q32NR9	Xenopus	Metazoa	708	False
Q32P41	Homo	Metazoa	509	False
Q32P44	Homo	Metazoa	896	False
Q330K2	Homo	Metazoa	333	False
Q336N8	Oryza sativa	Plants	858	False
Q336R3	Oryza sativa	Plants	844	False
Q337M4	Oryza sativa	Plants	364	False
Q33862	Ascaris	Metazoa	645	False
Q381V1	Trypanosoma brucei	Other	250	False
Q383Q5	Trypanosoma brucei	Other	209	False
Q384J7	Trypanosoma brucei	Other	309	False
Q384Y0	Trypanosoma brucei	Other	1048	False
Q384Y1	Trypanosoma brucei	Other	929	False
Q386M3	Trypanosoma brucei	Other	862	False
Q38786	Avena	Plants	574	False
Q38796	Arabidopsis	Plants	953	False
Q38802	Arabidopsis	Plants	802	False
Q38814	Arabidopsis	Plants	349	False
Q38819	Arabidopsis	Plants	450	False
Q38830	Arabidopsis	Plants	239	False
Q38832	Arabidopsis	Plants	228	False
Q38834	Arabidopsis	Plants	852	False
Q38845	Arabidopsis	Plants	588	False
Q38847	Arabidopsis	Plants	268	False
Q38868	Arabidopsis	Plants	541	False
Q38869	Arabidopsis	Plants	501	False
Q38872	Arabidopsis	Plants	544	False
Q38874	Arabidopsis	Plants	382	False
Q38879	Arabidopsis	Plants	133	False
Q38882	Arabidopsis	Plants	810	False
Q38890	Arabidopsis	Plants	621	True
Q38893	Arabidopsis	Plants	558	False
Q38895	Arabidopsis	Plants	204	False
Q38896	Arabidopsis	Plants	201	False
Q38897	Arabidopsis	Plants	611	False
Q388D2	Trypanosoma brucei	Other	391	False
Q38906	Arabidopsis	Plants	313	False
Q38912	Arabidopsis	Plants	198	False
Q38919	Arabidopsis	Plants	195	False
Q38931	Arabidopsis	Plants	551	False
Q38951	Arabidopsis	Plants	587	False
Q38997	Arabidopsis	Plants	512	False
Q38998	Arabidopsis	Plants	857	True
Q38AH0	Trypanosoma brucei	Other	370	False
Q38CL4	Trypanosoma brucei	Other	366	False
Q38E51	Trypanosoma brucei	Other	262	True
Q38HM4	Mus	Metazoa	350	False
Q38SD2	Homo	Metazoa	2015	False
Q39008	Arabidopsis	Plants	608	False
Q39009	Arabidopsis	Plants	344	False
Q39011	Arabidopsis	Plants	380	False
Q39016	Arabidopsis	Plants	495	False
Q39023	Arabidopsis	Plants	370	False
Q39024	Arabidopsis	Plants	376	False
Q39026	Arabidopsis	Plants	395	False
Q39033	Arabidopsis	Plants	581	False
Q39050	Arabidopsis	Plants	457	False
Q39055	Arabidopsis	Plants	390	False
Q39057	Arabidopsis	Plants	373	False
Q39081	Arabidopsis	Plants	255	False
Q39083	Arabidopsis	Plants	206	False
Q39101	Arabidopsis	Plants	255	False
Q39102	Arabidopsis	Plants	716	False
Q39129	Arabidopsis	Plants	120	False
Q39140	Arabidopsis	Plants	330	False
Q39161	Arabidopsis	Plants	586	False
Q39162	Arabidopsis	Plants	364	False
Q39163	Arabidopsis	Plants	330	False
Q39172	Arabidopsis	Plants	345	False
Q39204	Arabidopsis	Plants	623	False
Q39211	Arabidopsis	Plants	319	False
Q39214	Arabidopsis	Plants	926	False
Q39218	Arabidopsis	Plants	391	False
Q39237	Arabidopsis	Plants	368	False
Q39238	Arabidopsis	Plants	688	False
Q39243	Arabidopsis	Plants	375	False
Q39249	Arabidopsis	Plants	462	False
Q39255	Arabidopsis	Plants	160	False
Q39261	Arabidopsis	Plants	150	False
Q39659	Cucumis	Plants	725	False
Q39734	Flaveria	Plants	955	False
Q39735	Flaveria	Plants	953	False
Q3B7D0	Rattus	Metazoa	443	False
Q3B8Q2	Rattus	Metazoa	411	False
Q3BCU4	Rattus	Metazoa	356	True
Q3E731	Saccharomyces cerevisiae	Fungi	98	False
Q3E757	Saccharomyces cerevisiae	Fungi	174	False
Q3E772	Saccharomyces cerevisiae	Fungi	92	False
Q3E793	Saccharomyces cerevisiae	Fungi	110	False
Q3E798	Saccharomyces cerevisiae	Fungi	87	True
Q3E7A4	Saccharomyces cerevisiae	Fungi	109	False
Q3E7C1	Saccharomyces cerevisiae	Fungi	72	False
Q3E7D0	Arabidopsis	Plants	709	False
Q3E840	Saccharomyces cerevisiae	Fungi	82	False
Q3E846	Saccharomyces cerevisiae	Fungi	104	False
Q3EBC8	Arabidopsis	Plants	1388	False
Q3EBR6	Arabidopsis	Plants	529	False
Q3ECR7	Arabidopsis	Plants	62	True
Q3HNG7	Bos	Metazoa	343	False
Q3KN41	melanogaster subgroup	Metazoa	1840	False
Q3KNS1	Homo	Metazoa	954	False
Q3KNV8	Homo	Metazoa	242	False
Q3KNY0	Mus	Metazoa	2849	False
Q3KP66	Homo	Metazoa	663	False
Q3KQ35	Xenopus	Metazoa	380	False
Q3KR37	Homo	Metazoa	738	False
Q3KRA9	Homo	Metazoa	238	False
Q3KRB8	Homo	Metazoa	267	False
Q3KRC6	Rattus	Metazoa	795	True
Q3KRE0	Rattus	Metazoa	591	False
Q3L8U1	Homo	Metazoa	2897	False
Q3LHL9	melanogaster subgroup	Metazoa	1658	False
Q3LS21	Mus	Metazoa	402	True
Q3MIE4	Rattus	Metazoa	404	False
Q3MIR4	Homo	Metazoa	351	True
Q3MIT2	Homo	Metazoa	529	False
Q3MJK5	Rattus	Metazoa	1484	False
Q3MK94	Arabidopsis	Plants	428	False
Q3MKQ2	Rattus	Metazoa	128	False
Q3MV14	Arabidopsis	Plants	386	False
Q3S4A7	Arabidopsis	Plants	922	False
Q3SXM5	Homo	Metazoa	330	False
Q3SXY8	Homo	Metazoa	428	False
Q3SY69	Homo	Metazoa	923	False
Q3SYG4	Homo	Metazoa	887	False
Q3T0Y3	Bos	Metazoa	296	False
Q3T9M1	Mus	Metazoa	494	False
Q3T9X0	Mus	Metazoa	538	True
Q3TBL6	Mus	Metazoa	204	False
Q3TBT3	Mus	Metazoa	378	True
Q3TH73	Mus	Metazoa	532	True
Q3TKT4	Mus	Metazoa	1613	False
Q3TLD5	Mus	Metazoa	531	False
Q3TN34	Mus	Metazoa	1009	False
Q3TQ03	Mus	Metazoa	375	False
Q3TWI9	Mus	Metazoa	832	True
Q3TWL2	Mus	Metazoa	284	False
Q3TWN3	Mus	Metazoa	875	False
Q3TWW8	Mus	Metazoa	339	False
Q3TXX3	Mus	Metazoa	415	True
Q3TYA6	Mus	Metazoa	858	False
Q3TZX8	Mus	Metazoa	714	False
Q3U0V2	Mus	Metazoa	310	False
Q3U108	Mus	Metazoa	590	False
Q3U182	Mus	Metazoa	692	False
Q3U1F9	Mus	Metazoa	429	True
Q3U1J0	Mus	Metazoa	479	True
Q3U1J4	Mus	Metazoa	1140	False
Q3U1N2	Mus	Metazoa	1130	False
Q3U1U7	Mus	Metazoa	701	False
Q3U284	Mus	Metazoa	315	True
Q3U2U7	Mus	Metazoa	461	False
Q3U4H6	Mus	Metazoa	486	False
Q3U507	Mus	Metazoa	335	True
Q3U5F4	Mus	Metazoa	280	False
Q3U5Q7	Mus	Metazoa	447	False
Q3U6Q4	Mus	Metazoa	756	False
Q3U827	Mus	Metazoa	592	False
Q3U8K7	Mus	Metazoa	883	False
Q3U9G9	Mus	Metazoa	626	False
Q3U9N9	Mus	Metazoa	512	True
Q3UCQ1	Mus	Metazoa	651	False
Q3UFD7	Mus	Metazoa	319	True
Q3UHA3	Mus	Metazoa	2430	False
Q3UHC2	Mus	Metazoa	2014	False
Q3UHF7	Mus	Metazoa	2430	False
Q3UHH1	Mus	Metazoa	1832	False
Q3UHK6	Mus	Metazoa	2771	False
Q3UHU5	Mus	Metazoa	1945	False
Q3UIK4	Mus	Metazoa	456	False
Q3UK10	Mus	Metazoa	175	False
Q3UK78	Mus	Metazoa	256	False
Q3UL36	Mus	Metazoa	271	False
Q3UL53	Mus	Metazoa	246	False
Q3ULA2	Mus	Metazoa	605	False
Q3ULF4	Mus	Metazoa	781	False
Q3UMC0	Mus	Metazoa	893	False
Q3UMR5	Mus	Metazoa	350	False
Q3UMU9	Mus	Metazoa	669	False
Q3UMW7	Mus	Metazoa	384	False
Q3UMZ3	Mus	Metazoa	260	True
Q3UN04	Mus	Metazoa	517	True
Q3UNH4	Mus	Metazoa	932	False
Q3UNW5	Mus	Metazoa	479	False
Q3UNX5	Mus	Metazoa	580	False
Q3UP24	Mus	Metazoa	1024	False
Q3UPF5	Mus	Metazoa	996	False
Q3UPW2	Mus	Metazoa	391	False
Q3UQS8	Mus	Metazoa	1199	False
Q3UR85	Mus	Metazoa	1138	False
Q3URD3	Mus	Metazoa	845	False
Q3URK3	Mus	Metazoa	2039	False
Q3URR7	Mus	Metazoa	782	False
Q3URS9	Mus	Metazoa	406	False
Q3URU2	Mus	Metazoa	1571	False
Q3UU41	Mus	Metazoa	150	True
Q3UUI3	Mus	Metazoa	230	False
Q3UV55	Mus	Metazoa	615	False
Q3UXZ9	Mus	Metazoa	1690	False
Q3UYV9	Mus	Metazoa	790	False
Q3UZ18	Mus	Metazoa	988	False
Q3UZ39	Mus	Metazoa	729	False
Q3UZ45	Mus	Metazoa	379	False
Q3UZD5	Mus	Metazoa	596	False
Q3UZP0	Mus	Metazoa	555	False
Q3V050	Mus	Metazoa	573	True
Q3V0B4	Mus	Metazoa	1847	False
Q3V0Q6	Mus	Metazoa	470	False
Q3V132	Mus	Metazoa	320	True
Q3V2A7	Mus	Metazoa	592	False
Q3V6T2	Homo	Metazoa	1871	False
Q3YBR2	Homo	Metazoa	411	False
Q3YEC7	Homo	Metazoa	729	False
Q3ZAS0	Mus	Metazoa	814	False
Q3ZAV1	Rattus	Metazoa	553	True
Q3ZBF6	Bos	Metazoa	412	False
Q3ZBF9	Bos	Metazoa	296	False
Q3ZBI7	Bos	Metazoa	58	True
Q3ZCQ8	Homo	Metazoa	353	True
Q3ZK22	Mus	Metazoa	780	False
Q3ZN08	Mus	Metazoa	260	False
Q40406	Narcissus	Plants	570	False
Q40541	Nicotiana	Plants	690	False
Q40983	Lathyrus	Plants	1257	False
Q41009	Lathyrus	Plants	310	False
Q41058	Lathyrus	Plants	922	False
Q41142	Ricinus	Plants	808	False
Q41188	Arabidopsis	Plants	203	False
Q42029	Arabidopsis	Plants	263	False
Q42290	Arabidopsis	Plants	531	False
Q42342	Arabidopsis	Plants	134	False
Q42344	Arabidopsis	Plants	138	False
Q42379	Arabidopsis	Plants	269	False
Q42384	Arabidopsis	Plants	486	False
Q42400	Arabidopsis	Plants	485	True
Q42404	Arabidopsis	Plants	427	False
Q42418	Arabidopsis	Plants	131	False
Q42438	Arabidopsis	Plants	533	False
Q42479	Arabidopsis	Plants	529	False
Q42484	Arabidopsis	Plants	909	False
Q42510	Arabidopsis	Plants	1451	False
Q42512	Arabidopsis	Plants	139	False
Q42522	Arabidopsis	Plants	472	False
Q42523	Arabidopsis	Plants	734	False
Q42525	Arabidopsis	Plants	496	True
Q42529	Arabidopsis	Plants	312	False
Q42533	Arabidopsis	Plants	280	False
Q42536	Arabidopsis	Plants	405	False
Q42545	Arabidopsis	Plants	433	False
Q42547	Arabidopsis	Plants	492	False
Q42560	Arabidopsis	Plants	898	False
Q42564	Arabidopsis	Plants	287	False
Q42588	Arabidopsis	Plants	314	False
Q42606	Arabidopsis	Plants	369	False
Q42876	Solanum subgen. Lycopersicon	Plants	569	False
Q43088	Lathyrus	Plants	489	False
Q43125	Arabidopsis	Plants	681	False
Q43127	Arabidopsis	Plants	430	False
Q43157	Spinacia	Plants	285	False
Q43295	Arabidopsis	Plants	276	False
Q43316	Arabidopsis	Plants	382	False
Q43386	Arabidopsis	Plants	204	False
Q43715	Lathyrus	Plants	809	False
Q43725	Arabidopsis	Plants	430	False
Q43727	Arabidopsis	Plants	576	False
Q43839	Solanum	Plants	577	False
Q45EK2	Caenorhabditis	Metazoa	360	False
Q45VK7	Mus	Metazoa	4306	False
Q45VV3	melanogaster subgroup	Metazoa	395	False
Q494U1	Homo	Metazoa	611	False
Q495M3	Homo	Metazoa	483	True
Q495M9	Homo	Metazoa	461	False
Q497L9	Mus	Metazoa	629	True
Q498T9	Rattus	Metazoa	803	True
Q49A26	Homo	Metazoa	553	False
Q49AM1	Homo	Metazoa	385	False
Q49AN0	Homo	Metazoa	593	False
Q49B93	Mus	Metazoa	619	True
Q49B96	Homo	Metazoa	90	False
Q49MI3	Homo	Metazoa	558	False
Q4ADV7	Homo	Metazoa	1423	False
Q4AE62	Homo	Metazoa	458	False
Q4AE70	Rattus	Metazoa	651	False
Q4FZB7	Homo	Metazoa	885	False
Q4FZC9	Mus	Metazoa	975	False
Q4FZD7	Mus	Metazoa	595	False
Q4G0J3	Homo	Metazoa	582	False
Q4G0N4	Homo	Metazoa	442	False
Q4G176	Homo	Metazoa	576	False
Q4G338	Haemonchus	Metazoa	324	False
Q4GZF6	Trypanosoma brucei	Other	171	False
Q4H4B6	Danio	Metazoa	1724	False
Q4J6C6	Homo	Metazoa	727	False
Q4JDL3	Homo	Metazoa	420	False
Q4KL25	Mus	Metazoa	219	True
Q4KLN5	Rattus	Metazoa	287	False
Q4KMM3	Mus	Metazoa	866	False
Q4KMP7	Homo	Metazoa	808	False
Q4KMQ1	Homo	Metazoa	711	False
Q4KMQ2	Homo	Metazoa	910	False
Q4L180	Homo	Metazoa	1135	False
Q4L208	Rattus	Metazoa	575	True
Q4LDG0	Mus	Metazoa	689	True
Q4PIR3	Schizosaccharomyces pombe	Fungi	250	False
Q4PLS0	Mus	Metazoa	1046	False
Q4QAU9	Leishmania major species complex	Other	549	False
Q4QEZ7	Leishmania major species complex	Other	175	False
Q4QQW4	Rattus	Metazoa	482	False
Q4QZZ9	Nidulantes	Fungi	370	False
Q4U0Y4	Xenopus	Metazoa	392	False
Q4U2R8	Homo	Metazoa	563	True
Q4V7C6	Rattus	Metazoa	693	False
Q4V7K4	Xenopus	Metazoa	733	False
Q4V835	Xenopus	Metazoa	838	False
Q4V8H8	Rattus	Metazoa	543	False
Q4V8K1	Rattus	Metazoa	470	False
Q4V8P4	Rattus	Metazoa	168	False
Q4V920	Danio	Metazoa	445	False
Q4VAE3	Mus	Metazoa	234	False
Q4VBD9	Mus	Metazoa	706	False
Q4VC33	Mus	Metazoa	396	False
Q4VC44	Homo	Metazoa	716	False
Q4W6B5	Dictyostelium	Other	469	False
Q4W8A3	Macaca	Metazoa	550	True
Q4WF31	Aspergillus fumigatus	Fungi	612	True
Q4WF55	Aspergillus fumigatus	Fungi	462	False
Q4WIN1	Aspergillus fumigatus	Fungi	988	False
Q4WJ81	Aspergillus fumigatus	Fungi	754	False
Q4WSF6	Aspergillus fumigatus	Fungi	366	False
Q4WUN7	Aspergillus fumigatus	Fungi	378	False
Q4X006	Aspergillus fumigatus	Fungi	1499	False
Q4Z1L3	Plasmodium berghei	Other	376	False
Q4Z8K6	melanogaster subgroup	Metazoa	962	False
Q500U8	Arabidopsis	Plants	326	False
Q500V5	Arabidopsis	Plants	517	False
Q501B2	Arabidopsis	Plants	409	False
Q501D5	Arabidopsis	Plants	589	False
Q501F9	Arabidopsis	Plants	370	False
Q504J1	Danio	Metazoa	404	False
Q504P2	Mus	Metazoa	267	True
Q504Q3	Homo	Metazoa	1202	False
Q504T8	Homo	Metazoa	468	False
Q505B8	Mus	Metazoa	171	False
Q505F1	Mus	Metazoa	590	False
Q50L36	Populus	Plants	595	False
Q50L41	Mus	Metazoa	855	False
Q50L42	Mus	Metazoa	875	False
Q50L43	Mus	Metazoa	825	False
Q52K88	Arabidopsis	Plants	202	False
Q52KE7	Mus	Metazoa	532	False
Q52KF3	Mus	Metazoa	598	False
Q52LJ0	Homo	Metazoa	433	False
Q53AQ4	Rattus	Metazoa	245	True
Q53EK2	Schizosaccharomyces pombe	Fungi	232	False
Q53ET0	Homo	Metazoa	693	False
Q53F19	Homo	Metazoa	620	False
Q53FT3	Homo	Metazoa	197	False
Q53FZ2	Homo	Metazoa	586	False
Q53GD3	Homo	Metazoa	710	True
Q53GL0	Homo	Metazoa	409	False
Q53GL7	Homo	Metazoa	1025	False
Q53GS7	Homo	Metazoa	698	False
Q53GS9	Homo	Metazoa	565	False
Q53GT1	Homo	Metazoa	634	False
Q53H12	Homo	Metazoa	422	False
Q53H47	Homo	Metazoa	684	False
Q53H80	Homo	Metazoa	203	False
Q53H82	Homo	Metazoa	288	False
Q53HL2	Homo	Metazoa	280	False
Q53HV7	Homo	Metazoa	270	False
Q53JF7	Oryza sativa	Plants	138	False
Q53QV2	Homo	Metazoa	105	False
Q53R41	Homo	Metazoa	847	False
Q53S33	Homo	Metazoa	107	False
Q53TN4	Homo	Metazoa	286	True
Q53TQ3	Homo	Metazoa	1027	False
Q53WJ1	Oryza sativa	Plants	1238	False
Q54BD4	Dictyostelium	Other	931	False
Q54BW5	Dictyostelium	Other	179	False
Q54ER9	Dictyostelium	Other	602	False
Q54HC6	Dictyostelium	Other	1460	False
Q54HI5	Dictyostelium	Other	716	False
Q54HS3	Dictyostelium	Other	1486	False
Q54I18	Dictyostelium	Other	1046	False
Q54JW0	Dictyostelium	Other	436	False
Q54KF1	Dictyostelium	Other	1158	False
Q54LT0	Dictyostelium	Other	275	False
Q54PQ4	Dictyostelium	Other	605	False
Q54QQ1	Dictyostelium	Other	1387	False
Q54QR9	Dictyostelium	Other	584	False
Q54S83	Dictyostelium	Other	484	False
Q54T86	Dictyostelium	Other	568	False
Q54WT8	Dictyostelium	Other	294	True
Q54XG7	Dictyostelium	Other	1230	False
Q54XQ2	Dictyostelium	Other	1125	False
Q54XY4	Dictyostelium	Other	1582	False
Q556Y4	Dictyostelium	Other	426	False
Q557E4	Dictyostelium	Other	162	False
Q557E7	Dictyostelium	Other	665	False
Q558Z2	Dictyostelium	Other	905	False
Q55BN9	Dictyostelium	Other	136	False
Q55BP0	Dictyostelium	Other	136	False
Q55CL6	Dictyostelium	Other	660	False
Q55D99	Dictyostelium	Other	1197	False
Q55GF9	Dictyostelium	Other	1320	False
Q55GJ6	Dictyostelium	Other	214	False
Q562E7	Homo	Metazoa	1941	False
Q569K4	Homo	Metazoa	471	False
Q569Z6	Mus	Metazoa	951	False
Q56A73	Homo	Metazoa	249	False
Q56B11	Rattus	Metazoa	1130	False
Q56NI9	Homo	Metazoa	601	False
Q56P03	Homo	Metazoa	285	False
Q56P42	Homo	Metazoa	97	False
Q56R14	Xenopus	Metazoa	1091	False
Q56R42	Cryptococcus neoformans	Fungi	365	False
Q56VL3	Homo	Metazoa	154	False
Q56WD9	Arabidopsis	Plants	462	False
Q56WH4	Arabidopsis	Plants	306	False
Q56X52	Arabidopsis	Plants	351	False
Q56XG6	Arabidopsis	Plants	427	False
Q56XM9	Arabidopsis	Plants	507	False
Q56XY2	Arabidopsis	Plants	298	False
Q56Y52	Arabidopsis	Plants	467	False
Q56Y74	Arabidopsis	Plants	663	False
Q56YA5	Arabidopsis	Plants	401	False
Q56YJ8	Arabidopsis	Plants	414	False
Q570C0	Arabidopsis	Plants	594	False
Q570R7	Arabidopsis	Plants	366	False
Q571I4	Mus	Metazoa	1373	False
Q57UZ7	Trypanosoma brucei	Other	550	False
Q57V03	Trypanosoma brucei	Other	1050	False
Q57V41	Trypanosoma brucei	Other	351	False
Q57W55	Trypanosoma brucei	Other	655	False
Q57X81	Trypanosoma brucei	Other	1077	False
Q57YJ0	Trypanosoma brucei	Other	224	False
Q57YS8	Trypanosoma brucei	Other	650	False
Q57ZI5	Trypanosoma brucei	Other	624	False
Q580X6	Trypanosoma brucei	Other	928	False
Q581T1	Trypanosoma brucei	Other	2167	False
Q584D1	Trypanosoma brucei	Other	639	False
Q584I8	Trypanosoma brucei	Other	647	False
Q585P3	Trypanosoma brucei	Other	524	False
Q586F4	Trypanosoma brucei	Other	263	False
Q587J8	Homo	Metazoa	217	False
Q58A45	Homo	Metazoa	887	False
Q58DZ9	Rattus	Metazoa	258	False
Q58F21	Homo	Metazoa	947	False
Q58FA4	Mus	Metazoa	860	False
Q58WW2	Homo	Metazoa	860	False
Q59E36	melanogaster subgroup	Metazoa	590	False
Q59H18	Homo	Metazoa	835	False
Q59LY1	Candida albicans	Fungi	422	False
Q59NH8	Candida albicans	Fungi	542	False
Q59RL7	Candida albicans	Fungi	853	False
Q59RW5	Candida albicans	Fungi	493	False
Q59UY7	Candida albicans	Fungi	917	False
Q5A287	Candida albicans	Fungi	805	False
Q5A4H5	Candida albicans	Fungi	731	False
Q5A8K2	Candida albicans	Fungi	969	False
Q5A960	Candida albicans	Fungi	833	False
Q5ABU7	Candida albicans	Fungi	564	False
Q5ABZ2	Candida albicans	Fungi	534	False
Q5AFI4	Candida albicans	Fungi	337	True
Q5AJ71	Candida albicans	Fungi	281	False
Q5AJU7	Candida albicans	Fungi	499	False
Q5AK51	Candida albicans	Fungi	714	False
Q5AL36	Candida albicans	Fungi	269	False
Q5ALV2	Candida albicans	Fungi	1257	False
Q5AMH6	Candida albicans	Fungi	821	False
Q5ANA3	Candida albicans	Fungi	1501	False
Q5AP80	Candida albicans	Fungi	785	False
Q5AP95	Candida albicans	Fungi	517	False
Q5BBX1	Emericella nidulans	Fungi	430	False
Q5BJF2	Homo	Metazoa	176	True
Q5BJM8	Rattus	Metazoa	378	True
Q5BJU5	Rattus	Metazoa	160	True
Q5BJY9	Rattus	Metazoa	423	False
Q5BJZ6	Rattus	Metazoa	400	False
Q5BKR2	Mus	Metazoa	547	True
Q5BKX6	Homo	Metazoa	768	True
Q5BKX8	Homo	Metazoa	364	False
Q5BLX8	Rattus	Metazoa	315	False
Q5BP74	Xenopus	Metazoa	415	False
Q5BPF3	Arabidopsis	Plants	262	False
Q5BPS0	Arabidopsis	Plants	213	False
Q5BVD1	Homo	Metazoa	217	True
Q5C9I9	Mentha	Plants	265	False
Q5C9Z4	Homo	Metazoa	860	False
Q5D1E7	Mus	Metazoa	596	False
Q5D1E8	Homo	Metazoa	599	False
Q5D869	Arabidopsis	Plants	1976	False
Q5DRK1	Rattus	Metazoa	494	True
Q5DTL9	Mus	Metazoa	1118	False
Q5DTT2	Mus	Metazoa	1024	False
Q5DTY9	Mus	Metazoa	427	False
Q5DU02	Mus	Metazoa	525	False
Q5DW34	Mus	Metazoa	1296	False
Q5EAF2	Arabidopsis	Plants	334	False
Q5EBL4	Homo	Metazoa	403	False
Q5EBL8	Homo	Metazoa	140	False
Q5EBM0	Homo	Metazoa	449	False
Q5EE01	Homo	Metazoa	88	False
Q5EG47	Mus	Metazoa	559	False
Q5EGY4	Rattus	Metazoa	198	False
Q5EIC4	Rattus	Metazoa	783	False
Q5EU90	Euglena	Other	539	False
Q5F1R6	Homo	Metazoa	531	False
Q5F310	Xenopus	Metazoa	831	False
Q5FBB7	Homo	Metazoa	561	False
Q5FVH8	Rattus	Metazoa	257	False
Q5FW52	Mus	Metazoa	967	False
Q5FWF4	Homo	Metazoa	1079	False
Q5FWF5	Homo	Metazoa	840	False
Q5FWH3	Mus	Metazoa	603	False
Q5FWI3	Mus	Metazoa	1383	True
Q5FWY4	Xenopus	Metazoa	821	False
Q5GH62	Mus	Metazoa	373	True
Q5GH67	Mus	Metazoa	647	False
Q5GLZ8	Homo	Metazoa	1057	False
Q5H8A6	Lotus	Plants	853	False
Q5H9F3	Homo	Metazoa	1785	False
Q5H9I0	Homo	Metazoa	405	False
Q5H9R7	Homo	Metazoa	873	False
Q5H9S7	Homo	Metazoa	520	False
Q5HYJ3	Homo	Metazoa	339	False
Q5HYK3	Homo	Metazoa	327	False
Q5HYK7	Homo	Metazoa	790	False
Q5HYN5	Homo	Metazoa	189	False
Q5HZ00	Arabidopsis	Plants	422	False
Q5HZ36	Arabidopsis	Plants	398	False
Q5HZG4	Mus	Metazoa	932	False
Q5HZG9	Mus	Metazoa	337	False
Q5HZI1	Mus	Metazoa	1210	False
Q5HZJ0	Mus	Metazoa	1373	False
Q5I0E9	Rattus	Metazoa	566	True
Q5I6B8	Rattus	Metazoa	688	False
Q5IBH7	Mus	Metazoa	310	False
Q5ICL9	Arabidopsis	Plants	574	False
Q5IRJ6	Mus	Metazoa	567	False
Q5JPH6	Homo	Metazoa	523	False
Q5JPI9	Homo	Metazoa	236	False
Q5JRX3	Homo	Metazoa	1037	False
Q5JS13	Homo	Metazoa	557	False
Q5JTC6	Homo	Metazoa	1135	False
Q5JTH9	Homo	Metazoa	1297	False
Q5JTJ3	Homo	Metazoa	125	False
Q5JTV8	Homo	Metazoa	583	False
Q5JTZ9	Homo	Metazoa	985	False
Q5JVF3	Homo	Metazoa	399	False
Q5JVS0	Homo	Metazoa	413	False
Q5JWF2	Homo	Metazoa	1037	False
Q5K4L6	Homo	Metazoa	683	True
Q5KQI6	Oryza sativa	Plants	254	False
Q5KS41	Arabidopsis	Plants	486	False
Q5KSL6	Homo	Metazoa	1271	False
Q5LJZ2	melanogaster subgroup	Metazoa	1641	False
Q5M729	Arabidopsis	Plants	539	False
Q5M731	Arabidopsis	Plants	522	False
Q5M755	Arabidopsis	Plants	273	False
Q5M775	Homo	Metazoa	1068	False
Q5M834	Rattus	Metazoa	352	False
Q5MIZ7	Homo	Metazoa	849	False
Q5MJ70	Homo	Metazoa	313	False
Q5N712	Oryza sativa	Plants	1286	False
Q5N829	Oryza sativa	Plants	953	False
Q5NBY9	Mus	Metazoa	687	False
Q5NCQ5	Mus	Metazoa	438	False
Q5ND04	Mus	Metazoa	624	False
Q5ND34	Mus	Metazoa	1934	False
Q5NUL3	Homo	Metazoa	361	True
Q5PP37	Arabidopsis	Plants	473	False
Q5PP51	Arabidopsis	Plants	362	False
Q5PQX1	Rattus	Metazoa	583	False
Q5PQZ7	Danio	Metazoa	352	True
Q5PR68	Mus	Metazoa	954	False
Q5PRF9	Homo	Metazoa	694	False
Q5Q0E6	Arabidopsis	Plants	473	False
Q5QD04	Mus	Metazoa	348	True
Q5QF96	Bos	Metazoa	384	True
Q5QGZ9	Homo	Metazoa	265	True
Q5QJE6	Homo	Metazoa	756	False
Q5QNW6	Homo	Metazoa	126	False
Q5QQ46	Trypanosoma brucei	Other	528	False
Q5R3K3	Homo	Metazoa	315	True
Q5RHB5	Danio	Metazoa	1447	False
Q5RI15	Homo	Metazoa	118	True
Q5RJ80	Danio	Metazoa	914	False
Q5RJQ4	Rattus	Metazoa	350	False
Q5RLM2	Rattus	Metazoa	535	True
Q5S006	Mus	Metazoa	2527	False
Q5S007	Homo	Metazoa	2527	False
Q5S248	Mus	Metazoa	423	True
Q5SGE0	Rattus	Metazoa	1392	False
Q5SNT2	Homo	Metazoa	666	False
Q5SQP1	Mus	Metazoa	306	False
Q5SRY7	Mus	Metazoa	542	False
Q5SSG4	Mus	Metazoa	860	False
Q5SSJ5	Homo	Metazoa	553	False
Q5SSW2	Mus	Metazoa	1843	False
Q5SU73	Mus	Metazoa	570	False
Q5SUA5	Mus	Metazoa	1024	False
Q5SUE7	Mus	Metazoa	619	False
Q5SUQ9	Mus	Metazoa	1212	False
Q5SV06	Mus	Metazoa	358	False
Q5SVQ0	Mus	Metazoa	613	False
Q5SWU9	Mus	Metazoa	2345	False
Q5SWZ9	Mus	Metazoa	221	True
Q5SXA9	Mus	Metazoa	1104	False
Q5SXI5	Mus	Metazoa	585	False
Q5SXM8	Homo	Metazoa	178	False
Q5SY16	Homo	Metazoa	702	False
Q5SYB0	Homo	Metazoa	1578	False
Q5SYD0	Mus	Metazoa	1006	False
Q5T0F9	Homo	Metazoa	858	False
Q5T160	Homo	Metazoa	578	False
Q5T197	Homo	Metazoa	706	True
Q5T1C6	Homo	Metazoa	240	False
Q5T1V6	Homo	Metazoa	619	False
Q5T200	Homo	Metazoa	1668	False
Q5T2D3	Homo	Metazoa	398	False
Q5T2R2	Homo	Metazoa	415	False
Q5T2T1	Homo	Metazoa	576	False
Q5T3F8	Homo	Metazoa	832	True
Q5T3J3	Homo	Metazoa	769	False
Q5T3U5	Homo	Metazoa	1492	True
Q5T440	Homo	Metazoa	356	False
Q5T442	Homo	Metazoa	439	True
Q5T481	Homo	Metazoa	1227	False
Q5T4T6	Homo	Metazoa	812	False
Q5T5X7	Homo	Metazoa	828	False
Q5T6F0	Homo	Metazoa	453	False
Q5T6F2	Homo	Metazoa	1119	False
Q5T6S3	Homo	Metazoa	580	False
Q5T7W0	Homo	Metazoa	954	False
Q5T890	Homo	Metazoa	1561	False
Q5T8A7	Homo	Metazoa	1209	False
Q5T9A4	Homo	Metazoa	648	False
Q5T9G4	Homo	Metazoa	340	False
Q5T9L3	Homo	Metazoa	541	True
Q5TA31	Homo	Metazoa	235	False
Q5TA45	Homo	Metazoa	600	False
Q5TA50	Homo	Metazoa	214	False
Q5TAQ9	Homo	Metazoa	597	False
Q5TAT6	Homo	Metazoa	717	True
Q5TAX3	Homo	Metazoa	1644	False
Q5TB30	Homo	Metazoa	811	False
Q5TB80	Homo	Metazoa	1403	False
Q5TCQ9	Homo	Metazoa	1481	False
Q5TCS8	Homo	Metazoa	1911	False
Q5TD97	Homo	Metazoa	284	False
Q5TEU4	Homo	Metazoa	345	False
Q5TGU0	Homo	Metazoa	170	True
Q5TGY3	Homo	Metazoa	1603	False
Q5TGZ0	Homo	Metazoa	78	True
Q5THR3	Homo	Metazoa	1501	False
Q5TKA1	Homo	Metazoa	542	False
Q5TM49	Macaca	Metazoa	360	False
Q5U117	melanogaster subgroup	Metazoa	639	False
Q5U2Y1	Rattus	Metazoa	979	False
Q5U2Z2	Rattus	Metazoa	548	False
Q5U308	Rattus	Metazoa	858	True
Q5U349	Rattus	Metazoa	618	False
Q5U4E0	Mus	Metazoa	247	True
Q5U4E2	Mus	Metazoa	545	False
Q5U5Q3	Homo	Metazoa	659	False
Q5U5X0	Homo	Metazoa	104	False
Q5UB07	Medicago	Plants	580	False
Q5UG13	Oryza sativa	Plants	259	False
Q5UIP0	Homo	Metazoa	2472	False
Q5VMP0	Oryza sativa	Plants	720	False
Q5VNK1	Oryza sativa	Plants	333	False
Q5VNM3	Oryza sativa	Plants	404	False
Q5VT06	Homo	Metazoa	3117	False
Q5VT66	Homo	Metazoa	337	True
Q5VTB9	Homo	Metazoa	566	False
Q5VTD9	Homo	Metazoa	330	False
Q5VTE6	Homo	Metazoa	544	False
Q5VTR2	Homo	Metazoa	975	False
Q5VTT2	Homo	Metazoa	229	False
Q5VUA4	Homo	Metazoa	2279	False
Q5VUG0	Homo	Metazoa	894	False
Q5VV67	Homo	Metazoa	1664	False
Q5VVJ2	Homo	Metazoa	828	False
Q5VVY1	Homo	Metazoa	283	False
Q5VW36	Homo	Metazoa	1801	False
Q5VWG9	Homo	Metazoa	929	False
Q5VWN6	Homo	Metazoa	2430	False
Q5VWP2	Homo	Metazoa	391	False
Q5VWP3	Homo	Metazoa	993	False
Q5VWQ8	Homo	Metazoa	1189	False
Q5VWZ2	Homo	Metazoa	237	False
Q5VY09	Homo	Metazoa	327	False
Q5VYK3	Homo	Metazoa	1845	False
Q5VZ89	Homo	Metazoa	1909	False
Q5VZF2	Homo	Metazoa	373	False
Q5VZK9	Homo	Metazoa	1371	False
Q5VZV1	Homo	Metazoa	264	False
Q5W0Q7	Homo	Metazoa	1092	False
Q5W0Z9	Homo	Metazoa	365	True
Q5W7F1	Danio	Metazoa	743	True
Q5W9E7	Arabidopsis	Plants	659	False
Q5WRN1	Caenorhabditis	Metazoa	301	True
Q5XET5	Arabidopsis	Plants	511	False
Q5XF07	Arabidopsis	Plants	364	False
Q5XG87	Homo	Metazoa	792	False
Q5XI78	Rattus	Metazoa	1023	False
Q5XIC0	Rattus	Metazoa	391	False
Q5XIE6	Rattus	Metazoa	385	False
Q5XIH7	Rattus	Metazoa	299	False
Q5XIJ5	Rattus	Metazoa	310	False
Q5XIM7	Rattus	Metazoa	626	False
Q5XJV7	Mus	Metazoa	1441	False
Q5XJY4	Mus	Metazoa	377	False
Q5XK83	Xenopus	Metazoa	858	False
Q5XKL5	Homo	Metazoa	1792	False
Q5XKP0	Homo	Metazoa	118	True
Q5XKR4	Homo	Metazoa	325	False
Q5XV40	Arabidopsis	Plants	358	True
Q5XVF0	Arabidopsis	Plants	666	False
Q5XVG3	Arabidopsis	Plants	287	False
Q5XVI1	Arabidopsis	Plants	560	False
Q5XXA6	Homo	Metazoa	986	False
Q5Y4Y6	Mus	Metazoa	464	True
Q5Y5T5	Mus	Metazoa	762	True
Q5YDB5	Arabidopsis	Plants	770	False
Q5YDB6	Arabidopsis	Plants	967	False
Q5Z807	Oryza sativa	Plants	390	False
Q5Z8R1	Oryza sativa	Plants	455	False
Q5Z8S0	Oryza sativa	Plants	207	False
Q5Z9J0	Oryza sativa	Plants	580	False
Q5ZEP9	Caenorhabditis	Metazoa	281	False
Q5ZLR5	Gallus	Metazoa	272	False
Q60415	Cricetulus	Metazoa	299	False
Q60520	Mus	Metazoa	1274	False
Q60560	Mesocricetus	Metazoa	989	False
Q60591	Mus	Metazoa	927	False
Q60603	Mus	Metazoa	989	False
Q60610	Mus	Metazoa	1591	False
Q60611	Mus	Metazoa	764	False
Q60636	Mus	Metazoa	856	False
Q60641	Mus	Metazoa	488	False
Q60670	Mus	Metazoa	779	False
Q60674	Mus	Metazoa	576	False
Q60676	Mus	Metazoa	499	False
Q60680	Mus	Metazoa	745	False
Q60698	Mus	Metazoa	725	False
Q60700	Mus	Metazoa	888	False
Q60707	Mus	Metazoa	711	False
Q60714	Mus	Metazoa	646	True
Q60738	Mus	Metazoa	503	True
Q60739	Mus	Metazoa	355	False
Q60749	Mus	Metazoa	443	False
Q60754	Mus	Metazoa	518	True
Q60756	Mus	Metazoa	195	False
Q60759	Mus	Metazoa	438	False
Q60766	Mus	Metazoa	409	False
Q60770	Mus	Metazoa	592	False
Q60775	Mus	Metazoa	612	False
Q60778	Mus	Metazoa	359	False
Q60793	Mus	Metazoa	483	False
Q60795	Mus	Metazoa	597	False
Q60809	Mus	Metazoa	285	False
Q60817	Mus	Metazoa	215	False
Q60823	Mus	Metazoa	481	False
Q60825	Mus	Metazoa	637	False
Q60838	Mus	Metazoa	736	False
Q60848	Mus	Metazoa	821	False
Q60862	Mus	Metazoa	576	False
Q60864	Mus	Metazoa	543	False
Q60865	Mus	Metazoa	707	False
Q60866	Mus	Metazoa	349	False
Q60876	Mus	Metazoa	117	False
Q60902	Mus	Metazoa	907	False
Q60929	Mus	Metazoa	498	False
Q60932	Mus	Metazoa	296	True
Q60949	Mus	Metazoa	1255	False
Q60953	Mus	Metazoa	885	False
Q60954	Mus	Metazoa	390	False
Q60973	Mus	Metazoa	425	False
Q60974	Mus	Metazoa	2453	False
Q60EZ2	Oryza sativa	Plants	402	False
Q61009	Mus	Metazoa	509	True
Q61037	Mus	Metazoa	1814	False
Q61048	Mus	Metazoa	376	False
Q61069	Mus	Metazoa	310	False
Q61074	Mus	Metazoa	542	False
Q61083	Mus	Metazoa	619	False
Q61097	Mus	Metazoa	873	False
Q61115	Mus	Metazoa	1434	True
Q61127	Mus	Metazoa	525	False
Q61136	Mus	Metazoa	1007	False
Q61142	Mus	Metazoa	262	False
Q61146	Mus	Metazoa	521	True
Q61152	Mus	Metazoa	453	False
Q61161	Mus	Metazoa	821	False
Q61169	Mus	Metazoa	589	False
Q61179	Mus	Metazoa	399	False
Q61183	Mus	Metazoa	739	False
Q61188	Mus	Metazoa	746	False
Q61214	Mus	Metazoa	763	False
Q61221	Mus	Metazoa	836	False
Q61233	Mus	Metazoa	627	False
Q61234	Mus	Metazoa	503	False
Q61285	Mus	Metazoa	741	False
Q61286	Mus	Metazoa	706	False
Q61301	Mus	Metazoa	953	False
Q61313	Mus	Metazoa	459	False
Q61321	Mus	Metazoa	775	False
Q61327	Mus	Metazoa	619	True
Q61337	Mus	Metazoa	204	False
Q61410	Mus	Metazoa	762	False
Q61412	Mus	Metazoa	361	False
Q61423	Mus	Metazoa	654	False
Q61425	Mus	Metazoa	314	False
Q61451	Mus	Metazoa	219	True
Q61458	Mus	Metazoa	323	False
Q61464	Mus	Metazoa	1960	False
Q61469	Mus	Metazoa	283	True
Q61471	Mus	Metazoa	362	False
Q61473	Mus	Metazoa	419	False
Q61474	Mus	Metazoa	362	False
Q61502	Mus	Metazoa	335	False
Q61510	Mus	Metazoa	634	False
Q61532	Mus	Metazoa	720	False
Q61539	Mus	Metazoa	433	False
Q61548	Mus	Metazoa	901	False
Q61550	Mus	Metazoa	635	False
Q61572	Mus	Metazoa	553	False
Q61575	Mus	Metazoa	648	False
Q61602	Mus	Metazoa	1583	False
Q61616	Mus	Metazoa	446	True
Q61624	Mus	Metazoa	794	False
Q61644	Mus	Metazoa	441	False
Q61687	Mus	Metazoa	2476	False
Q61694	Mus	Metazoa	373	False
Q61699	Mus	Metazoa	858	False
Q61762	Mus	Metazoa	602	False
Q61767	Mus	Metazoa	373	False
Q61781	Mus	Metazoa	484	False
Q61818	Mus	Metazoa	1889	False
Q61823	Mus	Metazoa	469	False
Q61827	Mus	Metazoa	156	False
Q61831	Mus	Metazoa	464	False
Q61880	Mus	Metazoa	340	False
Q61884	Mus	Metazoa	491	False
Q61967	Mus	Metazoa	636	False
Q61985	Mus	Metazoa	741	True
Q62018	Mus	Metazoa	1173	False
Q62035	Mus	Metazoa	341	True
Q62095	Mus	Metazoa	658	False
Q62141	Mus	Metazoa	1098	False
Q62167	Mus	Metazoa	662	False
Q62187	Mus	Metazoa	859	False
Q62191	Mus	Metazoa	470	False
Q62205	Mus	Metazoa	1984	False
Q62209	Mus	Metazoa	993	False
Q62219	Mus	Metazoa	461	False
Q62232	Mus	Metazoa	296	False
Q62233	Mus	Metazoa	333	False
Q62261	Mus	Metazoa	2363	False
Q62264	Mus	Metazoa	150	False
Q62296	Mus	Metazoa	427	False
Q62311	Mus	Metazoa	678	False
Q62315	Mus	Metazoa	1234	False
Q62318	Mus	Metazoa	834	False
Q62376	Mus	Metazoa	448	False
Q62384	Mus	Metazoa	459	False
Q62407	Mus	Metazoa	3262	False
Q62414	Mus	Metazoa	383	False
Q62417	Mus	Metazoa	1290	False
Q62424	Mus	Metazoa	386	False
Q62431	Mus	Metazoa	601	False
Q62432	Mus	Metazoa	467	False
Q62433	Mus	Metazoa	394	False
Q62440	Mus	Metazoa	770	False
Q62463	Mus	Metazoa	423	True
Q62504	Mus	Metazoa	3644	False
Q62520	Mus	Metazoa	530	False
Q62521	Mus	Metazoa	466	False
Q62599	Rattus	Metazoa	703	False
Q62651	Rattus	Metazoa	327	False
Q62668	Rattus	Metazoa	929	False
Q62674	Rattus	Metazoa	648	True
Q62696	Rattus	Metazoa	911	False
Q62711	Rattus	Metazoa	772	False
Q62720	Rattus	Metazoa	507	True
Q62733	Rattus	Metazoa	452	False
Q62747	Rattus	Metazoa	403	True
Q62768	Rattus	Metazoa	1735	False
Q62769	Rattus	Metazoa	1622	False
Q62796	Rattus	Metazoa	647	False
Q62806	Rattus	Metazoa	794	False
Q62826	Rattus	Metazoa	690	False
Q62833	Rattus	Metazoa	590	False
Q62847	Rattus	Metazoa	705	False
Q62862	Rattus	Metazoa	448	False
Q62866	Rattus	Metazoa	512	True
Q62868	Rattus	Metazoa	1388	False
Q62881	Rattus	Metazoa	221	False
Q62897	Rattus	Metazoa	655	False
Q62915	Rattus	Metazoa	909	False
Q62920	Rattus	Metazoa	591	False
Q62924	Rattus	Metazoa	1129	False
Q62962	Rattus	Metazoa	512	True
Q62985	Rattus	Metazoa	756	False
Q63008	Rattus	Metazoa	618	True
Q63009	Rattus	Metazoa	353	False
Q63014	Rattus	Metazoa	687	False
Q63016	Rattus	Metazoa	512	True
Q63035	Rattus	Metazoa	881	False
Q63046	Rattus	Metazoa	450	False
Q63065	Rattus	Metazoa	434	False
Q63087	Rattus	Metazoa	326	False
Q63089	Rattus	Metazoa	556	True
Q63092	Rattus	Metazoa	504	False
Q63099	Rattus	Metazoa	907	False
Q63120	Rattus	Metazoa	1541	True
Q63147	Rattus	Metazoa	587	False
Q63210	Rattus	Metazoa	379	False
Q63262	Rattus	Metazoa	497	False
Q63270	Rattus	Metazoa	889	False
Q63276	Rattus	Metazoa	420	False
Q63285	Rattus	Metazoa	419	False
Q63342	Rattus	Metazoa	857	False
Q63344	Rattus	Metazoa	489	True
Q63355	Rattus	Metazoa	1044	False
Q63377	Rattus	Metazoa	279	True
Q63384	Rattus	Metazoa	416	True
Q63398	Rattus	Metazoa	584	False
Q63424	Rattus	Metazoa	729	True
Q63425	Rattus	Metazoa	1383	False
Q63433	Rattus	Metazoa	946	False
Q63450	Rattus	Metazoa	374	False
Q63470	Rattus	Metazoa	763	False
Q63472	Rattus	Metazoa	962	False
Q63488	Rattus	Metazoa	656	True
Q63520	Rattus	Metazoa	257	False
Q63531	Rattus	Metazoa	735	False
Q63538	Rattus	Metazoa	367	False
Q63553	Rattus	Metazoa	746	False
Q63622	Rattus	Metazoa	852	False
Q63623	Rattus	Metazoa	1268	False
Q63638	Rattus	Metazoa	3259	False
Q63665	Rattus	Metazoa	346	False
Q63666	Rattus	Metazoa	118	False
Q63707	Rattus	Metazoa	395	True
Q63739	Mus	Metazoa	173	False
Q63768	Rattus	Metazoa	304	False
Q63801	Rattus	Metazoa	678	False
Q63803	Rattus	Metazoa	1144	False
Q63810	Mus	Metazoa	170	False
Q63844	Mus	Metazoa	380	False
Q63881	Rattus	Metazoa	630	False
Q63918	Mus	Metazoa	418	False
Q63934	Mus	Metazoa	411	False
Q63943	Mus	Metazoa	514	False
Q63959	Mus	Metazoa	769	False
Q63HK5	Homo	Metazoa	1081	False
Q63HN8	Homo	Metazoa	5207	False
Q63HR2	Homo	Metazoa	1409	False
Q63ZV0	Mus	Metazoa	521	False
Q63ZY3	Homo	Metazoa	851	False
Q64012	Mus	Metazoa	312	False
Q64028	Mus	Metazoa	1010	False
Q64092	Mus	Metazoa	572	False
Q64096	Mus	Metazoa	1149	False
Q640M6	Mus	Metazoa	607	True
Q640N2	Mus	Metazoa	427	False
Q64104	Mus	Metazoa	385	False
Q64127	Mus	Metazoa	1051	False
Q64163	Mus	Metazoa	446	False
Q641K1	Mus	Metazoa	1218	False
Q641Y2	Rattus	Metazoa	463	False
Q64205	Mus	Metazoa	287	False
Q64213	Mus	Metazoa	653	False
Q64244	Rattus	Metazoa	303	True
Q64267	Mus	Metazoa	272	False
Q64273	Rattus	Metazoa	427	True
Q64279	Mus	Metazoa	216	False
Q64289	Rattus	Metazoa	357	False
Q642G4	Rattus	Metazoa	376	False
Q64305	Rattus	Metazoa	326	False
Q64318	Mus	Metazoa	1117	False
Q64321	Mus	Metazoa	544	False
Q64337	Mus	Metazoa	442	False
Q64347	Mus	Metazoa	994	False
Q64364	Mus	Metazoa	169	False
Q64373	Mus	Metazoa	233	False
Q64378	Mus	Metazoa	456	False
Q64380	Rattus	Metazoa	919	False
Q64429	Mus	Metazoa	543	False
Q64430	Mus	Metazoa	1491	False
Q64434	Mus	Metazoa	451	False
Q64442	Mus	Metazoa	357	False
Q64471	Mus	Metazoa	240	False
Q64475	Mus	Metazoa	126	False
Q64478	Mus	Metazoa	126	False
Q64514	Mus	Metazoa	1262	False
Q64520	Mus	Metazoa	198	False
Q64521	Mus	Metazoa	727	False
Q64522	Mus	Metazoa	130	False
Q64523	Mus	Metazoa	129	False
Q64524	Mus	Metazoa	126	False
Q64525	Mus	Metazoa	126	False
Q64536	Rattus	Metazoa	407	False
Q64537	Rattus	Metazoa	270	False
Q64559	Rattus	Metazoa	381	False
Q64565	Rattus	Metazoa	512	False
Q64568	Rattus	Metazoa	1258	False
Q64595	Rattus	Metazoa	762	False
Q64700	Mus	Metazoa	1135	False
Q64702	Mus	Metazoa	925	False
Q64705	Mus	Metazoa	346	False
Q64707	Mus	Metazoa	428	False
Q64727	Mus	Metazoa	1066	False
Q64GA5	Mus	Metazoa	597	False
Q64MA3	Oryza sativa	Plants	629	False
Q652K4	Oryza sativa	Plants	315	False
Q659A1	Homo	Metazoa	982	False
Q65XK7	Oryza sativa	Plants	381	False
Q65XX7	Caenorhabditis	Metazoa	262	False
Q65ZG8	Caenorhabditis	Metazoa	597	False
Q66GI4	Arabidopsis	Plants	572	False
Q66GP9	Arabidopsis	Plants	561	False
Q66GR6	Arabidopsis	Plants	268	False
Q66GT5	Mus	Metazoa	193	False
Q66HA5	Rattus	Metazoa	941	False
Q66HL2	Rattus	Metazoa	509	False
Q66I42	Danio	Metazoa	579	False
Q66JT0	Mus	Metazoa	555	False
Q66JW3	Mus	Metazoa	526	False
Q66K74	Homo	Metazoa	1059	False
Q66K89	Homo	Metazoa	784	False
Q66L44	Mus	Metazoa	698	True
Q66LM6	Mus	Metazoa	333	False
Q66PJ3	Homo	Metazoa	237	False
Q66T02	Mus	Metazoa	1073	False
Q66WT5	Arabidopsis	Plants	271	False
Q66WT7	Bos	Metazoa	162	False
Q672J9	Mus	Metazoa	568	True
Q673G8	Danio	Metazoa	837	False
Q674X7	Homo	Metazoa	775	False
Q67FY2	Mus	Metazoa	1494	False
Q67UU9	Oryza sativa	Plants	426	False
Q67XX3	Arabidopsis	Plants	502	False
Q67Y93	Arabidopsis	Plants	191	False
Q67Y99	Arabidopsis	Plants	330	False
Q67YG7	Arabidopsis	Plants	148	False
Q67ZB6	Arabidopsis	Plants	462	False
Q680B9	Arabidopsis	Plants	528	False
Q680Q4	Arabidopsis	Plants	884	False
Q681Z2	Arabidopsis	Plants	203	False
Q682U6	Arabidopsis	Plants	316	False
Q683C9	Arabidopsis	Plants	282	False
Q687X5	Homo	Metazoa	459	False
Q689Z5	Mus	Metazoa	1390	False
Q68CJ6	Homo	Metazoa	796	False
Q68CJ9	Homo	Metazoa	461	False
Q68CK6	Homo	Metazoa	577	False
Q68CP9	Homo	Metazoa	1835	False
Q68CQ4	Homo	Metazoa	756	False
Q68D91	Homo	Metazoa	279	False
Q68DD2	Homo	Metazoa	849	False
Q68DK7	Homo	Metazoa	614	False
Q68DX3	Homo	Metazoa	1309	False
Q68E01	Homo	Metazoa	1043	False
Q68ED7	Mus	Metazoa	630	False
Q68FT6	Rattus	Metazoa	455	True
Q68G30	Rattus	Metazoa	505	False
Q68G58	Mus	Metazoa	516	False
Q68SB1	Rattus	Metazoa	571	False
Q69383	Homo	Metazoa	105	False
Q695T7	Homo	Metazoa	634	True
Q69K55	Oryza sativa	Plants	220	False
Q69SV0	Oryza sativa	Plants	478	False
Q69TW5	Oryza sativa	Plants	324	False
Q69XJ0	Oryza sativa	Plants	295	False
Q69YH5	Homo	Metazoa	1023	False
Q69YI7	Homo	Metazoa	327	False
Q69YN2	Homo	Metazoa	538	False
Q69YN4	Homo	Metazoa	1812	False
Q69Z66	Mus	Metazoa	819	False
Q69ZF8	Mus	Metazoa	577	False
Q69ZK0	Mus	Metazoa	1650	False
Q69ZN7	Mus	Metazoa	2048	False
Q69ZQ1	Mus	Metazoa	716	True
Q69ZR9	Mus	Metazoa	1610	False
Q69ZS8	Mus	Metazoa	779	False
Q69ZX6	Mus	Metazoa	1030	False
Q6A028	Mus	Metazoa	585	False
Q6A037	Mus	Metazoa	893	False
Q6A068	Mus	Metazoa	802	False
Q6A078	Mus	Metazoa	2472	False
Q6A0D4	Mus	Metazoa	554	False
Q6A4J8	Mus	Metazoa	1103	False
Q6AVA8	Oryza sativa	Plants	947	False
Q6AVI1	Oryza sativa	Plants	227	False
Q6AWC2	Homo	Metazoa	1192	False
Q6AY17	Rattus	Metazoa	288	False
Q6AYD3	Rattus	Metazoa	394	False
Q6AYJ4	Rattus	Metazoa	593	False
Q6AYU4	Rattus	Metazoa	415	False
Q6AZ28	Rattus	Metazoa	572	False
Q6AZZ1	Homo	Metazoa	485	False
Q6B0I6	Homo	Metazoa	523	False
Q6B9X6	Dictyostelium	Other	625	False
Q6BDR8	Schizosaccharomyces pombe	Fungi	300	False
Q6C354	Yarrowia lipolytica	Fungi	520	False
Q6C6R8	Yarrowia lipolytica	Fungi	417	False
Q6C793	Yarrowia lipolytica	Fungi	465	False
Q6CLY8	Kluyveromyces lactis	Fungi	368	False
Q6DBA5	Arabidopsis	Plants	205	False
Q6DBR6	Danio	Metazoa	334	False
Q6DD04	Xenopus	Metazoa	898	False
Q6DDT4	Xenopus	Metazoa	517	False
Q6DE08	Xenopus	Metazoa	361	False
Q6DE87	Xenopus	Metazoa	474	False
Q6DFW0	Mus	Metazoa	481	False
Q6DGH9	Danio	Metazoa	315	False
Q6DID3	Mus	Metazoa	1268	False
Q6DJT9	Homo	Metazoa	500	False
Q6DKI7	Homo	Metazoa	326	True
Q6DKK2	Homo	Metazoa	380	False
Q6DN90	Homo	Metazoa	963	False
Q6DV79	Gallus	Metazoa	771	False
Q6DVA0	Mus	Metazoa	511	False
Q6DYE4	Arabidopsis	Plants	455	False
Q6DYE8	Mus	Metazoa	874	True
Q6E434	Schizosaccharomyces pombe	Fungi	485	False
Q6EIG7	Homo	Metazoa	209	True
Q6EMB2	Homo	Metazoa	1281	False
Q6EN42	Oryza sativa	Plants	204	False
Q6EPW7	Oryza sativa	Plants	233	False
Q6EPZ0	Oryza sativa	Plants	318	False
Q6EVK6	Arabidopsis	Plants	2193	False
Q6EWH2	Danio	Metazoa	537	False
Q6F2E7	Silurana	Metazoa	482	False
Q6F5E8	Homo	Metazoa	1435	False
Q6F6B5	Arabidopsis	Plants	741	False
Q6FI13	Homo	Metazoa	130	False
Q6FI81	Homo	Metazoa	312	False
Q6FK23	Candida glabrata	Fungi	1499	False
Q6GLP4	Xenopus	Metazoa	391	False
Q6GNV6	Xenopus	Metazoa	856	False
Q6GPH4	Homo	Metazoa	301	False
Q6GQQ9	Homo	Metazoa	843	False
Q6GSS7	Mus	Metazoa	130	False
Q6GYP7	Mus	Metazoa	2035	False
Q6H1V1	Mus	Metazoa	669	True
Q6I5C3	Oryza sativa	Plants	209	False
Q6I5Q6	Oryza sativa	Plants	491	False
Q6I621	Oryza sativa	Plants	510	False
Q6I9Y2	Homo	Metazoa	204	False
Q6IA86	Homo	Metazoa	826	False
Q6IB77	Homo	Metazoa	296	False
Q6IBW4	Homo	Metazoa	605	False
Q6ICB0	Homo	Metazoa	168	False
Q6ICL3	Homo	Metazoa	276	False
Q6ID70	Arabidopsis	Plants	150	False
Q6IDA6	Arabidopsis	Plants	162	False
Q6IDB0	Arabidopsis	Plants	193	False
Q6IDB6	Arabidopsis	Plants	182	False
Q6IE81	Homo	Metazoa	842	False
Q6IEG0	Homo	Metazoa	339	False
Q6IEL0	Oryza sativa	Plants	348	False
Q6IMN6	Homo	Metazoa	1127	False
Q6IMP4	Mus	Metazoa	677	True
Q6IN84	Homo	Metazoa	353	False
Q6IN85	Homo	Metazoa	833	False
Q6IP18	Xenopus	Metazoa	276	False
Q6IPU0	Homo	Metazoa	288	False
Q6IQ20	Homo	Metazoa	393	False
Q6IQ49	Homo	Metazoa	451	False
Q6IQ55	Homo	Metazoa	1244	False
Q6IQX8	Mus	Metazoa	726	False
Q6IR34	Mus	Metazoa	673	False
Q6IR42	Mus	Metazoa	630	False
Q6IS41	Mus	Metazoa	310	True
Q6ISB3	Homo	Metazoa	625	False
Q6IUP1	Mus	Metazoa	357	False
Q6IVV8	Danio	Metazoa	904	False
Q6IWH7	Homo	Metazoa	933	False
Q6IZB5	Cricetulus	Metazoa	316	True
Q6J8I9	Ovis	Metazoa	263	True
Q6J9Q2	Arabidopsis	Plants	348	False
Q6JAN1	Canis lupus	Metazoa	1081	False
Q6JP77	Rattus	Metazoa	353	False
Q6K0P9	Homo	Metazoa	492	False
Q6K271	Oryza sativa	Plants	738	False
Q6K431	Oryza sativa	Plants	1022	False
Q6K5X1	Oryza sativa	Plants	248	False
Q6K881	Oryza sativa	Plants	565	False
Q6K9N1	Oryza sativa	Plants	463	False
Q6KAS7	Mus	Metazoa	1311	False
Q6KAU8	Mus	Metazoa	623	False
Q6KC79	Homo	Metazoa	2804	False
Q6KCD5	Mus	Metazoa	2798	False
Q6L4R7	Oryza sativa	Plants	445	False
Q6L545	Oryza sativa	Plants	354	False
Q6L5B5	Oryza sativa	Plants	248	False
Q6L8Q7	Homo	Metazoa	609	False
Q6LA42	Arabidopsis	Plants	558	False
Q6LED0	Rattus	Metazoa	136	False
Q6MG82	Rattus	Metazoa	306	False
Q6N021	Homo	Metazoa	2002	False
Q6N022	Homo	Metazoa	2769	False
Q6NKS4	Arabidopsis	Plants	258	False
Q6NKX1	Arabidopsis	Plants	476	False
Q6NLQ6	Arabidopsis	Plants	538	False
Q6NLW5	Arabidopsis	Plants	300	False
Q6NME7	Arabidopsis	Plants	127	False
Q6NNL9	Arabidopsis	Plants	93	False
Q6NPM8	Arabidopsis	Plants	346	False
Q6NPP4	Arabidopsis	Plants	1050	False
Q6NPS8	Arabidopsis	Plants	623	False
Q6NQ54	Arabidopsis	Plants	115	False
Q6NQ72	Arabidopsis	Plants	288	False
Q6NQ88	Arabidopsis	Plants	557	False
Q6NQH4	Arabidopsis	Plants	126	False
Q6NQK2	Arabidopsis	Plants	449	False
Q6NRM6	Xenopus	Metazoa	1143	False
Q6NS38	Homo	Metazoa	261	False
Q6NS52	Mus	Metazoa	802	False
Q6NSJ5	Homo	Metazoa	796	True
Q6NT76	Homo	Metazoa	420	False
Q6NTE8	Homo	Metazoa	343	False
Q6NTF7	Homo	Metazoa	200	False
Q6NTJ3	Xenopus	Metazoa	887	False
Q6NUA1	Xenopus	Metazoa	633	False
Q6NUF4	Xenopus	Metazoa	716	False
Q6NVF4	Mus	Metazoa	1074	False
Q6NVG5	Mus	Metazoa	214	False
Q6NVU6	Homo	Metazoa	218	False
Q6NW34	Homo	Metazoa	567	False
Q6NWY9	Homo	Metazoa	871	False
Q6NXG1	Homo	Metazoa	681	False
Q6NXH3	Mus	Metazoa	473	False
Q6NXK7	Mus	Metazoa	797	True
Q6NXK8	Mus	Metazoa	526	True
Q6NXT2	Homo	Metazoa	135	False
Q6NYC1	Homo	Metazoa	403	False
Q6NYV9	Danio	Metazoa	696	False
Q6NZ36	Homo	Metazoa	180	False
Q6NZI2	Homo	Metazoa	390	False
Q6NZM9	Mus	Metazoa	1076	False
Q6NZQ4	Mus	Metazoa	1056	False
Q6NZY4	Homo	Metazoa	707	False
Q6P087	Homo	Metazoa	351	False
Q6P0N0	Homo	Metazoa	1132	False
Q6P1I6	Mus	Metazoa	770	False
Q6P1J9	Homo	Metazoa	531	False
Q6P1K2	Homo	Metazoa	205	False
Q6P1Q0	Homo	Metazoa	360	False
Q6P1R4	Homo	Metazoa	473	False
Q6P1S2	Homo	Metazoa	294	True
Q6P1X5	Homo	Metazoa	1199	False
Q6P2C8	Homo	Metazoa	311	False
Q6P2D8	Homo	Metazoa	792	False
Q6P2E9	Homo	Metazoa	1401	False
Q6P2H3	Homo	Metazoa	762	False
Q6P2H8	Homo	Metazoa	277	False
Q6P2Q9	Homo	Metazoa	2335	False
Q6P3S1	Homo	Metazoa	775	False
Q6P3S6	Homo	Metazoa	717	False
Q6P4F2	Homo	Metazoa	183	False
Q6P4F7	Homo	Metazoa	1023	False
Q6P4H8	Homo	Metazoa	233	True
Q6P4Q7	Homo	Metazoa	775	False
Q6P4R8	Homo	Metazoa	1299	False
Q6P4S8	Mus	Metazoa	2195	False
Q6P587	Homo	Metazoa	221	False
Q6P589	Homo	Metazoa	184	False
Q6P5E8	Mus	Metazoa	934	False
Q6P5F7	Mus	Metazoa	524	True
Q6P5G0	Mus	Metazoa	583	False
Q6P5Z2	Homo	Metazoa	889	False
Q6P6C2	Homo	Metazoa	394	False
Q6P6J0	Mus	Metazoa	191	False
Q6P6J4	Mus	Metazoa	239	False
Q6P6N5	Mus	Metazoa	408	False
Q6P6U0	Rattus	Metazoa	517	False
Q6P7B7	Rattus	Metazoa	404	True
Q6P823	Silurana	Metazoa	136	False
Q6P8X9	Mus	Metazoa	189	False
Q6P926	Mus	Metazoa	205	False
Q6P9B9	Homo	Metazoa	1019	False
Q6P9F0	Homo	Metazoa	684	False
Q6P9F7	Homo	Metazoa	803	True
Q6P9H4	Homo	Metazoa	555	False
Q6P9J9	Mus	Metazoa	911	False
Q6PAC3	Mus	Metazoa	445	False
Q6PAT0	Mus	Metazoa	349	False
Q6PB66	Mus	Metazoa	1392	False
Q6PCD5	Homo	Metazoa	774	False
Q6PCM1	Mus	Metazoa	1323	False
Q6PCN7	Mus	Metazoa	1003	False
Q6PCP5	Mus	Metazoa	291	False
Q6PCQ0	Mus	Metazoa	778	False
Q6PCT2	Homo	Metazoa	694	False
Q6PD74	Homo	Metazoa	315	False
Q6PDG5	Mus	Metazoa	1213	False
Q6PDM1	Mus	Metazoa	616	False
Q6PDM2	Mus	Metazoa	248	False
Q6PDS3	Mus	Metazoa	724	False
Q6PDX6	Mus	Metazoa	566	False
Q6PE84	Mus	Metazoa	287	True
Q6PEH4	Danio	Metazoa	753	False
Q6PEM8	Mus	Metazoa	459	True
Q6PEY1	Homo	Metazoa	159	True
Q6PFD5	Mus	Metazoa	977	False
Q6PFR5	Mus	Metazoa	281	False
Q6PFW1	Homo	Metazoa	1433	False
Q6PGG6	Mus	Metazoa	577	False
Q6PGP7	Homo	Metazoa	1564	False
Q6PH85	Homo	Metazoa	259	False
Q6PHW0	Homo	Metazoa	289	True
Q6PI26	Homo	Metazoa	577	False
Q6PI48	Homo	Metazoa	645	False
Q6PI77	Homo	Metazoa	547	False
Q6PI78	Homo	Metazoa	240	False
Q6PI79	Xenopus	Metazoa	136	False
Q6PI98	Homo	Metazoa	192	False
Q6PID8	Homo	Metazoa	442	False
Q6PIL6	Homo	Metazoa	250	False
Q6PIU1	Homo	Metazoa	500	False
Q6PIU2	Homo	Metazoa	408	True
Q6PIV2	Homo	Metazoa	292	False
Q6PIW4	Homo	Metazoa	674	False
Q6PIZ9	Homo	Metazoa	186	True
Q6PJ21	Homo	Metazoa	355	False
Q6PJF5	Homo	Metazoa	856	False
Q6PJG6	Homo	Metazoa	821	False
Q6PJP8	Homo	Metazoa	1040	False
Q6PJT7	Homo	Metazoa	736	False
Q6PJW8	Homo	Metazoa	725	False
Q6PL18	Homo	Metazoa	1390	False
Q6PML9	Homo	Metazoa	568	False
Q6PR54	Mus	Metazoa	2419	False
Q6PRD7	Homo	Metazoa	247	False
Q6PXP3	Homo	Metazoa	512	True
Q6Q0C0	Homo	Metazoa	670	False
Q6Q0C1	Homo	Metazoa	308	True
Q6Q151	Arabidopsis	Plants	506	False
Q6Q152	Arabidopsis	Plants	504	False
Q6Q2Z6	Mus	Metazoa	421	False
Q6Q477	Mus	Metazoa	1205	False
Q6Q4D0	Arabidopsis	Plants	1311	False
Q6Q547	Saccharomyces cerevisiae	Fungi	58	False
Q6Q629	Rattus	Metazoa	796	True
Q6Q783	Mus	Metazoa	468	False
Q6Q7Y5	Rattus	Metazoa	377	False
Q6QBQ4	Rattus	Metazoa	296	False
Q6QHD1	Oryza sativa	Plants	348	False
Q6QLQ4	Mus	Metazoa	244	True
Q6QN14	Homo	Metazoa	398	False
Q6R053	Arabidopsis	Plants	323	False
Q6R0A6	Arabidopsis	Plants	294	False
Q6R0G4	Arabidopsis	Plants	293	False
Q6R0H1	Arabidopsis	Plants	645	False
Q6R327	Homo	Metazoa	1708	False
Q6R6M4	Homo	Metazoa	530	False
Q6RET7	Medicago	Plants	523	False
Q6RFH5	Homo	Metazoa	385	False
Q6RFH8	Homo	Metazoa	374	False
Q6RFZ7	Rattus	Metazoa	1039	False
Q6RI63	Mus	Metazoa	786	False
Q6RI88	Rattus	Metazoa	1112	False
Q6RUV5	Rattus	Metazoa	192	False
Q6RVG2	Rattus	Metazoa	1092	False
Q6RX08	Oryctolagus	Metazoa	842	False
Q6S591	Arabidopsis	Plants	253	False
Q6S5G3	Arabidopsis	Plants	793	False
Q6S5L8	Homo	Metazoa	630	False
Q6S5L9	Mus	Metazoa	626	False
Q6S7F2	Mus	Metazoa	904	False
Q6SKR2	Mus	Metazoa	214	False
Q6SPF0	Homo	Metazoa	538	False
Q6STE5	Homo	Metazoa	483	False
Q6STH5	Arabidopsis	Plants	532	False
Q6SZW1	Homo	Metazoa	724	False
Q6T264	Mus	Metazoa	1020	False
Q6T4R5	Homo	Metazoa	1651	False
Q6T938	Danio	Metazoa	355	False
Q6TA49	Sus	Metazoa	289	True
Q6TCH4	Homo	Metazoa	344	True
Q6TEC1	Xenopus	Metazoa	212	False
Q6TEM9	Danio	Metazoa	472	False
Q6TRW4	Rattus	Metazoa	1447	False
Q6U7Q0	Homo	Metazoa	402	False
Q6UB28	Homo	Metazoa	335	False
Q6UB35	Homo	Metazoa	978	False
Q6UB98	Homo	Metazoa	2062	False
Q6UB99	Homo	Metazoa	2663	False
Q6UJY2	Mus	Metazoa	1175	True
Q6UN15	Homo	Metazoa	594	False
Q6UPE1	Rattus	Metazoa	616	False
Q6UUV7	Homo	Metazoa	619	False
Q6UUV9	Homo	Metazoa	634	False
Q6UVM3	Homo	Metazoa	1135	True
Q6UVM4	Rattus	Metazoa	1142	True
Q6UVW9	Homo	Metazoa	174	True
Q6UW78	Homo	Metazoa	93	True
Q6UWF3	Homo	Metazoa	145	True
Q6UWU4	Homo	Metazoa	347	True
Q6UWZ7	Homo	Metazoa	409	False
Q6UX01	Homo	Metazoa	489	True
Q6UXB4	Homo	Metazoa	293	True
Q6UXN9	Homo	Metazoa	313	False
Q6UXV4	Homo	Metazoa	268	False
Q6UXY1	Homo	Metazoa	529	False
Q6VAK4	Oryza sativa	Plants	149	False
Q6VMQ6	Homo	Metazoa	1270	False
Q6VN19	Mus	Metazoa	620	False
Q6VN20	Homo	Metazoa	620	False
Q6VNB8	Mus	Metazoa	3508	False
Q6VV64	Mus	Metazoa	394	True
Q6VVB1	Homo	Metazoa	395	False
Q6VY05	Mus	Metazoa	352	False
Q6W0C5	Homo	Metazoa	159	False
Q6W2J9	Homo	Metazoa	1755	False
Q6W5P4	Homo	Metazoa	371	True
Q6WKZ7	Mus	Metazoa	506	False
Q6WKZ8	Mus	Metazoa	1755	False
Q6WN19	Rattus	Metazoa	469	False
Q6WNK7	Saccharomyces cerevisiae	Fungi	96	False
Q6WQJ1	Mus	Metazoa	1044	True
Q6WRU0	Cricetulus	Metazoa	203	True
Q6WVG3	Mus	Metazoa	327	False
Q6X4W1	Homo	Metazoa	530	False
Q6X7J9	Arabidopsis	Plants	251	False
Q6X893	Mus	Metazoa	653	True
Q6XP49	Mus	Metazoa	780	False
Q6XQN6	Homo	Metazoa	538	False
Q6XR72	Homo	Metazoa	485	True
Q6XUX1	Mus	Metazoa	927	False
Q6XUX3	Homo	Metazoa	929	False
Q6XZL8	Mus	Metazoa	1540	False
Q6Y5D8	Mus	Metazoa	786	False
Q6Y685	Mus	Metazoa	774	False
Q6YN16	Homo	Metazoa	418	False
Q6YTW6	Oryza sativa	Plants	460	False
Q6YUL8	Oryza sativa	Plants	1035	False
Q6YUS3	Oryza sativa	Plants	552	False
Q6YUX0	Oryza sativa	Plants	88	False
Q6YWF1	Oryza sativa	Plants	165	False
Q6YZF3	Oryza sativa	Plants	307	True
Q6Z156	Oryza sativa	Plants	426	False
Q6Z1J6	Oryza sativa	Plants	394	False
Q6Z1Y6	Oryza sativa	Plants	200	False
Q6Z2G7	Oryza sativa	Plants	361	False
Q6Z784	Oryza sativa	Plants	280	False
Q6Z965	Oryza sativa	Plants	394	False
Q6ZIK5	Oryza sativa	Plants	394	False
Q6ZLB0	Oryza sativa	Plants	436	False
Q6ZMI3	Homo	Metazoa	551	True
Q6ZMT4	Homo	Metazoa	941	False
Q6ZMU5	Homo	Metazoa	477	False
Q6ZMZ3	Homo	Metazoa	975	False
Q6ZN04	Homo	Metazoa	569	False
Q6ZN17	Homo	Metazoa	250	False
Q6ZN18	Homo	Metazoa	517	False
Q6ZN30	Homo	Metazoa	1099	False
Q6ZN55	Homo	Metazoa	896	False
Q6ZNA4	Homo	Metazoa	994	False
Q6ZNL6	Homo	Metazoa	1462	False
Q6ZPK0	Mus	Metazoa	688	False
Q6ZPQ6	Mus	Metazoa	1335	False
Q6ZPR4	Mus	Metazoa	1224	True
Q6ZPR5	Mus	Metazoa	823	False
Q6ZPV2	Mus	Metazoa	1559	False
Q6ZQ88	Mus	Metazoa	853	False
Q6ZQL4	Mus	Metazoa	677	False
Q6ZQM0	Mus	Metazoa	377	False
Q6ZQN7	Homo	Metazoa	724	False
Q6ZQX7	Homo	Metazoa	453	False
Q6ZRI6	Homo	Metazoa	1047	False
Q6ZRQ5	Homo	Metazoa	1243	False
Q6ZRS2	Homo	Metazoa	3230	False
Q6ZRY4	Homo	Metazoa	209	False
Q6ZSB9	Homo	Metazoa	765	False
Q6ZSM3	Homo	Metazoa	516	True
Q6ZSS7	Homo	Metazoa	791	True
Q6ZSZ5	Homo	Metazoa	1361	False
Q6ZT62	Homo	Metazoa	677	False
Q6ZT89	Homo	Metazoa	311	True
Q6ZTN6	Homo	Metazoa	605	False
Q6ZTU2	Homo	Metazoa	488	False
Q6ZU64	Homo	Metazoa	1925	False
Q6ZV65	Homo	Metazoa	393	False
Q6ZVD7	Homo	Metazoa	989	False
Q6ZVD8	Homo	Metazoa	1323	False
Q6ZWK4	Homo	Metazoa	172	True
Q6ZWQ0	Mus	Metazoa	6874	False
Q6ZWR6	Mus	Metazoa	8799	False
Q6ZWS8	Mus	Metazoa	374	False
Q6ZWY9	Mus	Metazoa	126	False
Q6ZY51	Arabidopsis	Plants	1196	False
Q6ZYL4	Homo	Metazoa	71	False
Q700C7	Arabidopsis	Plants	364	False
Q700D2	Arabidopsis	Plants	503	False
Q708S3	Danio	Metazoa	558	True
Q708S4	Danio	Metazoa	539	True
Q708S6	Danio	Metazoa	529	True
Q708S7	Danio	Metazoa	501	True
Q708Y0	Arabidopsis	Plants	623	False
Q709C8	Homo	Metazoa	3753	False
Q709F0	Homo	Metazoa	780	False
Q709R6	melanogaster subgroup	Metazoa	399	False
Q70CQ1	Homo	Metazoa	688	False
Q70CQ3	Homo	Metazoa	517	True
Q70E73	Homo	Metazoa	1250	False
Q70EL2	Homo	Metazoa	814	False
Q70EL3	Homo	Metazoa	339	False
Q70G58	Oryza sativa	Plants	515	False
Q70GP4	Dictyostelium	Other	1148	False
Q70IA6	Homo	Metazoa	237	False
Q70KY4	Mus	Metazoa	559	False
Q70SY1	Homo	Metazoa	520	False
Q70Z53	Homo	Metazoa	315	False
Q719H9	Homo	Metazoa	257	False
Q71BG9	Solanum subgen. Lycopersicon	Plants	861	False
Q71DI3	Homo	Metazoa	136	False
Q71F23	Homo	Metazoa	418	False
Q71MB6	Rattus	Metazoa	724	False
Q71RC2	Homo	Metazoa	724	False
Q71SY5	Homo	Metazoa	747	False
Q75GR5	Oryza sativa	Plants	281	False
Q75H77	Oryza sativa	Plants	362	False
Q75HE5	Oryza sativa	Plants	316	False
Q75HZ9	Oryza sativa	Plants	403	False
Q75LV6	Oryza sativa	Plants	540	False
Q75N03	Homo	Metazoa	491	False
Q75NZ0	Lathyrus	Plants	685	False
Q75Q39	Rattus	Metazoa	610	True
Q75QN2	Homo	Metazoa	995	False
Q75V57	Oryza sativa	Plants	361	False
Q75V66	Homo	Metazoa	913	False
Q75VN4	Zhangixalus	Metazoa	126	False
Q75WF1	Vanrija	Fungi	370	False
Q764M5	Sus	Metazoa	753	False
Q764M6	Sus	Metazoa	419	False
Q76FK4	Homo	Metazoa	1167	False
Q76FS5	Arabidopsis	Plants	417	False
Q76JU9	Mus	Metazoa	300	True
Q76KJ5	Mus	Metazoa	399	False
Q76M72	Mus	Metazoa	551	True
Q76MV0	Nicotiana	Plants	136	False
Q76N23	Nicotiana	Plants	136	False
Q76NL8	Plasmodium falciparum	Other	1193	False
Q76NM6	Plasmodium falciparum	Other	611	False
Q76NM7	Plasmodium falciparum	Other	207	False
Q78EG7	Rattus	Metazoa	173	False
Q78J03	Mus	Metazoa	175	False
Q78JN3	Mus	Metazoa	317	False
Q78T81	Mus	Metazoa	392	False
Q78YY6	Mus	Metazoa	149	True
Q791V5	Mus	Metazoa	303	True
Q792I0	Rattus	Metazoa	197	False
Q794F9	Rattus	Metazoa	527	True
Q7DM58	Arabidopsis	Plants	1516	True
Q7DMA9	Arabidopsis	Plants	635	False
Q7EXZ2	Oryza sativa	Plants	417	False
Q7F2L3	Oryza sativa	Plants	303	False
Q7FRS8	Arabidopsis	Plants	256	False
Q7FZF1	Arabidopsis	Plants	203	False
Q7G065	Oryza sativa	Plants	518	False
Q7G7J6	Oryza sativa	Plants	625	False
Q7G8V2	Arabidopsis	Plants	206	False
Q7JJ13	Mus	Metazoa	798	False
Q7JM44	Caenorhabditis	Metazoa	2242	False
Q7JNM3	Caenorhabditis	Metazoa	315	False
Q7JRE4	melanogaster subgroup	Metazoa	650	False
Q7JUX9	melanogaster subgroup	Metazoa	446	False
Q7JWP6	melanogaster subgroup	Metazoa	221	False
Q7JXA8	melanogaster subgroup	Metazoa	418	False
Q7JXF5	melanogaster subgroup	Metazoa	394	False
Q7K0D8	melanogaster subgroup	Metazoa	564	False
Q7K2X8	melanogaster subgroup	Metazoa	354	False
Q7K3D8	melanogaster subgroup	Metazoa	433	False
Q7K3L1	melanogaster subgroup	Metazoa	921	False
Q7K4M4	melanogaster subgroup	Metazoa	649	False
Q7K4V4	melanogaster subgroup	Metazoa	244	False
Q7K4Y6	melanogaster subgroup	Metazoa	631	True
Q7K5N4	melanogaster subgroup	Metazoa	471	False
Q7KHG2	melanogaster subgroup	Metazoa	1486	False
Q7KMJ6	melanogaster subgroup	Metazoa	793	False
Q7KML2	melanogaster subgroup	Metazoa	669	False
Q7KN62	melanogaster subgroup	Metazoa	801	False
Q7KNF2	melanogaster subgroup	Metazoa	224	False
Q7KQJ9	Plasmodium falciparum	Other	264	False
Q7KQZ4	melanogaster subgroup	Metazoa	787	False
Q7KRI2	melanogaster subgroup	Metazoa	127	False
Q7KRY6	melanogaster subgroup	Metazoa	599	False
Q7KRY7	melanogaster subgroup	Metazoa	1851	False
Q7KSD8	melanogaster subgroup	Metazoa	562	False
Q7KTX7	melanogaster subgroup	Metazoa	482	False
Q7KTX8	melanogaster subgroup	Metazoa	2618	False
Q7KU24	melanogaster subgroup	Metazoa	1883	False
Q7KUT2	melanogaster subgroup	Metazoa	1024	False
Q7KVG9	melanogaster subgroup	Metazoa	596	False
Q7KWJ5	Plasmodium falciparum	Other	504	True
Q7KZF4	Homo	Metazoa	910	False
Q7KZI7	Homo	Metazoa	788	False
Q7KZN9	Homo	Metazoa	410	True
Q7L014	Homo	Metazoa	1031	False
Q7L0Q8	Homo	Metazoa	258	False
Q7L0Y3	Homo	Metazoa	403	False
Q7L1W4	Homo	Metazoa	858	True
Q7L2E3	Homo	Metazoa	1194	False
Q7L2J0	Homo	Metazoa	689	False
Q7L2Z9	Homo	Metazoa	268	False
Q7L3V2	Homo	Metazoa	364	False
Q7L4E1	Homo	Metazoa	593	True
Q7L523	Homo	Metazoa	313	False
Q7L590	Homo	Metazoa	875	False
Q7L592	Homo	Metazoa	441	False
Q7L5D6	Homo	Metazoa	327	False
Q7L5N1	Homo	Metazoa	327	False
Q7L5Y1	Homo	Metazoa	443	False
Q7L5Y9	Homo	Metazoa	396	False
Q7L622	Homo	Metazoa	706	False
Q7L7L0	Homo	Metazoa	130	False
Q7L7V1	Homo	Metazoa	743	False
Q7L804	Homo	Metazoa	512	False
Q7L8L6	Homo	Metazoa	764	False
Q7L9L4	Homo	Metazoa	216	False
Q7LBE3	Homo	Metazoa	791	True
Q7LBR1	Homo	Metazoa	199	False
Q7LDG7	Homo	Metazoa	609	False
Q7LFL8	Homo	Metazoa	322	False
Q7LG56	Homo	Metazoa	351	False
Q7LL22	Schizosaccharomyces pombe	Fungi	462	False
Q7M3M8	melanogaster subgroup	Metazoa	793	False
Q7M4G7	Patiria	Metazoa	122	False
Q7M6Y2	Mus	Metazoa	395	False
Q7M750	Mus	Metazoa	143	True
Q7M753	Mus	Metazoa	456	False
Q7M759	Mus	Metazoa	288	False
Q7PC88	Arabidopsis	Plants	1426	False
Q7PLI2	melanogaster subgroup	Metazoa	2077	False
Q7RA60	Plasmodium yoelii	Other	444	False
Q7RTM1	Homo	Metazoa	612	True
Q7RTN6	Homo	Metazoa	431	False
Q7RTP6	Homo	Metazoa	2002	False
Q7RTR0	Homo	Metazoa	991	False
Q7RTT9	Homo	Metazoa	530	True
Q7RTV0	Homo	Metazoa	110	False
Q7RTY1	Homo	Metazoa	509	True
Q7S4I4	Neurospora crassa	Fungi	493	False
Q7SH52	Neurospora crassa	Fungi	1168	False
Q7SIG6	Mus	Metazoa	958	False
Q7SZC2	Danio	Metazoa	971	False
Q7SZL5	Xenopus	Metazoa	1338	False
Q7T1H5	Danio	Metazoa	411	False
Q7T2T1	Gallus	Metazoa	484	False
Q7TMA4	Mus	Metazoa	361	True
Q7TME0	Mus	Metazoa	766	True
Q7TMF2	Mus	Metazoa	345	False
Q7TMI3	Mus	Metazoa	803	False
Q7TMK9	Mus	Metazoa	623	False
Q7TMS5	Mus	Metazoa	657	False
Q7TMY8	Mus	Metazoa	4377	False
Q7TN37	Mus	Metazoa	1213	False
Q7TN78	Rattus	Metazoa	580	False
Q7TN79	Mus	Metazoa	314	False
Q7TN99	Mus	Metazoa	716	False
Q7TNC4	Mus	Metazoa	392	False
Q7TNG8	Mus	Metazoa	484	False
Q7TNJ2	Rattus	Metazoa	2170	True
Q7TNK1	Mus	Metazoa	735	False
Q7TNN9	Rattus	Metazoa	497	True
Q7TNS8	Mus	Metazoa	369	False
Q7TNT2	Mus	Metazoa	515	False
Q7TNV0	Mus	Metazoa	380	False
Q7TP54	Rattus	Metazoa	1310	False
Q7TPH6	Mus	Metazoa	4749	False
Q7TPS0	Mus	Metazoa	764	False
Q7TPV4	Mus	Metazoa	1344	False
Q7TQ40	Mus	Metazoa	622	False
Q7TQD2	Mus	Metazoa	218	False
Q7TQI8	Mus	Metazoa	677	False
Q7TQJ8	Mus	Metazoa	398	False
Q7TQK0	Mus	Metazoa	723	False
Q7TQN4	Rattus	Metazoa	550	False
Q7TQQ0	Mus	Metazoa	308	True
Q7TRX1	Mus	Metazoa	313	True
Q7TS55	Mus	Metazoa	173	True
Q7TS63	Mus	Metazoa	1237	False
Q7TS99	Mus	Metazoa	240	False
Q7TSD4	Mus	Metazoa	393	False
Q7TSE9	Rattus	Metazoa	278	False
Q7TSH3	Mus	Metazoa	1157	False
Q7TSS2	Mus	Metazoa	422	False
Q7TSZ8	Mus	Metazoa	514	False
Q7TT18	Mus	Metazoa	1306	False
Q7TT49	Rattus	Metazoa	1713	False
Q7X6P3	Arabidopsis	Plants	608	False
Q7X6Y7	Arabidopsis	Plants	704	False
Q7X7S8	Oryza sativa	Plants	468	True
Q7X809	Oryza sativa	Plants	484	False
Q7X8B5	Oryza sativa	Plants	1088	False
Q7X8R0	Oryza sativa	Plants	464	False
Q7X9V3	Arabidopsis	Plants	258	False
Q7XA07	Chlamydomonas	Plants	427	False
Q7XA66	Arabidopsis	Plants	242	False
Q7XAK4	Oryza sativa	Plants	212	False
Q7XB51	Physcomitrium	Plants	967	True
Q7XHR2	Oryza sativa	Plants	927	False
Q7XI96	Oryza sativa	Plants	298	False
Q7XJJ7	Arabidopsis	Plants	607	False
Q7XJM2	Arabidopsis	Plants	618	False
Q7XJR9	Arabidopsis	Plants	571	False
Q7XJT7	Arabidopsis	Plants	465	False
Q7XK25	Oryza sativa	Plants	475	False
Q7XM13	Oryza sativa	Plants	289	False
Q7XR88	Oryza sativa	Plants	361	False
Q7XU27	Oryza sativa	Plants	884	False
Q7XYY2	Arabidopsis	Plants	836	False
Q7XZF5	Arabidopsis	Plants	1841	False
Q7Y0B9	Oryza sativa	Plants	371	False
Q7Y1W1	Arabidopsis	Plants	527	False
Q7Y220	Arabidopsis	Plants	649	False
Q7YQK3	Oryctolagus	Metazoa	529	True
Q7YQK4	Oryctolagus	Metazoa	503	True
Q7YS70	Bos	Metazoa	373	False
Q7YTB0	Bombyx	Metazoa	661	False
Q7YU24	melanogaster subgroup	Metazoa	810	False
Q7YU29	melanogaster subgroup	Metazoa	1051	False
Q7Z020	melanogaster subgroup	Metazoa	1197	False
Q7Z2D5	Homo	Metazoa	763	True
Q7Z2E3	Homo	Metazoa	356	False
Q7Z2G1	Homo	Metazoa	153	False
Q7Z2H8	Homo	Metazoa	476	True
Q7Z2T5	Homo	Metazoa	733	False
Q7Z2W7	Homo	Metazoa	1104	False
Q7Z2Z1	Homo	Metazoa	1910	False
Q7Z333	Homo	Metazoa	2677	False
Q7Z3B3	Homo	Metazoa	1105	False
Q7Z3D4	Homo	Metazoa	306	False
Q7Z3E1	Homo	Metazoa	657	False
Q7Z3H4	Homo	Metazoa	446	False
Q7Z3K3	Homo	Metazoa	1410	False
Q7Z3Z2	Homo	Metazoa	195	False
Q7Z3Z4	Homo	Metazoa	852	False
Q7Z403	Homo	Metazoa	805	False
Q7Z410	Homo	Metazoa	1059	True
Q7Z412	Homo	Metazoa	305	False
Q7Z417	Homo	Metazoa	695	False
Q7Z418	Homo	Metazoa	384	True
Q7Z419	Homo	Metazoa	303	False
Q7Z434	Homo	Metazoa	540	False
Q7Z449	Homo	Metazoa	544	True
Q7Z4G1	Homo	Metazoa	85	False
Q7Z4I7	Homo	Metazoa	341	False
Q7Z4N2	Homo	Metazoa	1603	False
Q7Z4T9	Homo	Metazoa	767	False
Q7Z4V0	Homo	Metazoa	828	False
Q7Z4V5	Homo	Metazoa	671	False
Q7Z589	Homo	Metazoa	1322	False
Q7Z591	Homo	Metazoa	1439	False
Q7Z5J4	Homo	Metazoa	1906	False
Q7Z5K2	Homo	Metazoa	1190	False
Q7Z5L9	Homo	Metazoa	587	False
Q7Z5Q5	Homo	Metazoa	900	False
Q7Z602	Homo	Metazoa	305	True
Q7Z614	Homo	Metazoa	316	False
Q7Z624	Homo	Metazoa	323	False
Q7Z695	Homo	Metazoa	626	False
Q7Z698	Homo	Metazoa	418	False
Q7Z699	Homo	Metazoa	444	False
Q7Z6E9	Homo	Metazoa	1792	False
Q7Z6G3	Homo	Metazoa	386	False
Q7Z6G8	Homo	Metazoa	1248	False
Q7Z6K1	Homo	Metazoa	395	False
Q7Z6L0	Homo	Metazoa	340	False
Q7Z6M4	Homo	Metazoa	381	False
Q7Z6V5	Homo	Metazoa	191	False
Q7Z6Z7	Homo	Metazoa	4374	False
Q7Z739	Homo	Metazoa	585	False
Q7Z7A4	Homo	Metazoa	578	False
Q7Z7C8	Homo	Metazoa	310	False
Q7Z7F0	Homo	Metazoa	614	False
Q7Z7G2	Homo	Metazoa	160	False
Q7Z7H3	Homo	Metazoa	387	False
Q7Z7H8	Homo	Metazoa	261	False
Q7Z7K6	Homo	Metazoa	275	False
Q7Z7L1	Homo	Metazoa	901	False
Q7ZT46	Xenopus	Metazoa	185	False
Q7ZT82	Danio	Metazoa	382	False
Q800K6	Xenopus	Metazoa	1513	False
Q801G2	Danio	Metazoa	354	True
Q802Y8	Danio	Metazoa	671	False
Q804Q5	Danio	Metazoa	430	False
Q804S5	Danio	Metazoa	1030	False
Q80SU6	Mus	Metazoa	601	True
Q80SW1	Mus	Metazoa	530	False
Q80SX8	Mus	Metazoa	650	False
Q80SY4	Mus	Metazoa	1006	False
Q80T11	Mus	Metazoa	461	False
Q80T69	Mus	Metazoa	795	False
Q80TG1	Mus	Metazoa	1036	False
Q80TH2	Mus	Metazoa	1402	False
Q80TI0	Mus	Metazoa	738	False
Q80TN7	Mus	Metazoa	2359	False
Q80TR8	Mus	Metazoa	1506	False
Q80TS7	Mus	Metazoa	710	False
Q80TT2	Mus	Metazoa	1150	False
Q80U70	Mus	Metazoa	741	False
Q80U72	Mus	Metazoa	1665	False
Q80U87	Mus	Metazoa	1080	False
Q80UF7	Mus	Metazoa	732	False
Q80UF9	Mus	Metazoa	577	True
Q80UP3	Mus	Metazoa	929	False
Q80US8	Mus	Metazoa	206	False
Q80VA5	Mus	Metazoa	1289	False
Q80VJ8	Mus	Metazoa	648	False
Q80VL1	Mus	Metazoa	560	False
Q80VM7	Mus	Metazoa	985	False
Q80VM9	Mus	Metazoa	600	True
Q80VQ0	Mus	Metazoa	468	False
Q80VR2	Mus	Metazoa	395	False
Q80VY9	Mus	Metazoa	698	False
Q80W57	Rattus	Metazoa	657	False
Q80W99	Mus	Metazoa	395	True
Q80WB5	Mus	Metazoa	209	False
Q80WE1	Rattus	Metazoa	593	False
Q80WE4	Mus	Metazoa	1774	False
Q80WG5	Mus	Metazoa	810	True
Q80WJ1	Mus	Metazoa	673	False
Q80WK2	Mus	Metazoa	128	True
Q80WL1	Rattus	Metazoa	549	True
Q80WM3	Mus	Metazoa	160	False
Q80WT4	Mus	Metazoa	515	True
Q80X41	Mus	Metazoa	440	False
Q80X86	Mus	Metazoa	340	False
Q80XF7	Rattus	Metazoa	440	True
Q80XL6	Mus	Metazoa	779	False
Q80XQ8	Mus	Metazoa	194	True
Q80Y24	Mus	Metazoa	845	False
Q80Y84	Mus	Metazoa	1544	False
Q80YF9	Mus	Metazoa	1305	False
Q80YN4	Rattus	Metazoa	1111	False
Q80Z29	Rattus	Metazoa	491	False
Q80Z30	Rattus	Metazoa	750	False
Q80Z36	Rattus	Metazoa	951	False
Q80Z37	Mus	Metazoa	1033	False
Q80Z39	Rattus	Metazoa	360	True
Q80Z64	Mus	Metazoa	305	False
Q80ZA5	Rattus	Metazoa	1117	False
Q80ZC8	Rattus	Metazoa	226	True
Q80ZD3	Mus	Metazoa	593	True
Q80ZG2	Rattus	Metazoa	678	False
Q80ZG6	Rattus	Metazoa	193	False
Q80ZI1	Mus	Metazoa	223	False
Q80ZQ9	Mus	Metazoa	193	False
Q810B3	Mus	Metazoa	232	False
Q810D1	Rattus	Metazoa	196	False
Q810H6	Rattus	Metazoa	846	False
Q810J8	Mus	Metazoa	777	False
Q810M5	Mus	Metazoa	347	True
Q810M6	Mus	Metazoa	228	False
Q810S1	Mus	Metazoa	345	False
Q810W7	Rattus	Metazoa	1570	False
Q811A2	Rattus	Metazoa	172	True
Q811D2	Mus	Metazoa	1581	False
Q811H0	Mus	Metazoa	420	False
Q811S9	Rattus	Metazoa	538	False
Q811U4	Mus	Metazoa	741	False
Q812E9	Rattus	Metazoa	278	True
Q84JE8	Arabidopsis	Plants	694	False
Q84JF0	Arabidopsis	Plants	310	False
Q84JF5	Arabidopsis	Plants	483	False
Q84JG2	Arabidopsis	Plants	469	False
Q84JH7	Arabidopsis	Plants	225	False
Q84JI0	Oryza sativa	Plants	404	False
Q84JK2	Arabidopsis	Plants	285	False
Q84JU4	Arabidopsis	Plants	257	False
Q84JU6	Arabidopsis	Plants	927	False
Q84JW1	Arabidopsis	Plants	231	False
Q84JZ6	Arabidopsis	Plants	244	False
Q84K11	Solanum subgen. Lycopersicon	Plants	556	False
Q84KI6	Spinacia	Plants	482	False
Q84KJ5	Arabidopsis	Plants	569	False
Q84L30	Arabidopsis	Plants	378	False
Q84L31	Arabidopsis	Plants	419	False
Q84L33	Arabidopsis	Plants	371	False
Q84LH8	Arabidopsis	Plants	444	False
Q84LK0	Arabidopsis	Plants	1118	False
Q84LM4	Arabidopsis	Plants	764	False
Q84M92	Arabidopsis	Plants	441	False
Q84MB5	Arabidopsis	Plants	280	True
Q84MB6	Arabidopsis	Plants	332	False
Q84MC2	Arabidopsis	Plants	216	False
Q84MZ4	Arabidopsis	Plants	412	False
Q84N64	Arabidopsis	Plants	777	False
Q84P21	Arabidopsis	Plants	546	False
Q84P23	Arabidopsis	Plants	562	False
Q84P24	Arabidopsis	Plants	566	False
Q84ST4	Oryza sativa	Plants	343	False
Q84TH4	Arabidopsis	Plants	382	False
Q84TH5	Arabidopsis	Plants	662	False
Q84TH9	Arabidopsis	Plants	959	False
Q84TI6	Arabidopsis	Plants	470	False
Q84TI7	Arabidopsis	Plants	506	True
Q84V03	Arabidopsis	Plants	778	False
Q84VQ1	Arabidopsis	Plants	283	False
Q84VQ3	Arabidopsis	Plants	439	False
Q84VQ4	Arabidopsis	Plants	218	False
Q84VV6	Arabidopsis	Plants	146	False
Q84VZ1	Arabidopsis	Plants	245	False
Q84W56	Arabidopsis	Plants	911	False
Q84W65	Arabidopsis	Plants	371	False
Q84W92	Arabidopsis	Plants	535	False
Q84WV6	Arabidopsis	Plants	635	False
Q84WW2	Arabidopsis	Plants	325	False
Q84XU2	Arabidopsis	Plants	538	False
Q84XV2	Arabidopsis	Plants	386	False
Q84Y95	Arabidopsis	Plants	173	False
Q84ZW8	Zea	Plants	590	False
Q852L0	Oryza sativa	Plants	707	False
Q852Q1	Oryza sativa	Plants	509	False
Q865Y9	Sus	Metazoa	222	False
Q867X0	Caenorhabditis	Metazoa	781	False
Q867Z4	melanogaster subgroup	Metazoa	970	False
Q86B87	melanogaster subgroup	Metazoa	610	False
Q86BP6	melanogaster subgroup	Metazoa	1162	False
Q86BY9	melanogaster subgroup	Metazoa	1235	False
Q86MA2	Trypanosoma brucei	Other	743	False
Q86MD3	Caenorhabditis	Metazoa	509	False
Q86MI0	Caenorhabditis	Metazoa	468	False
Q86MV5	Trypanosoma brucei	Other	487	False
Q86NP2	melanogaster subgroup	Metazoa	1251	False
Q86PC9	melanogaster subgroup	Metazoa	460	False
Q86PD7	melanogaster subgroup	Metazoa	354	False
Q86SE9	Homo	Metazoa	256	False
Q86SG2	Homo	Metazoa	305	False
Q86SG3	Homo	Metazoa	579	False
Q86SM8	Homo	Metazoa	312	True
Q86SX6	Homo	Metazoa	157	False
Q86T24	Homo	Metazoa	672	False
Q86T26	Homo	Metazoa	416	True
Q86T82	Homo	Metazoa	979	False
Q86TB3	Homo	Metazoa	2170	False
Q86TB9	Homo	Metazoa	770	False
Q86TC9	Homo	Metazoa	1320	False
Q86TG1	Homo	Metazoa	271	True
Q86TG7	Homo	Metazoa	708	False
Q86TI2	Homo	Metazoa	863	False
Q86TL0	Homo	Metazoa	474	False
Q86TP1	Homo	Metazoa	453	False
Q86TS9	Homo	Metazoa	123	False
Q86TU7	Homo	Metazoa	594	False
Q86TV6	Homo	Metazoa	843	False
Q86TW2	Homo	Metazoa	530	False
Q86TX2	Homo	Metazoa	421	False
Q86U28	Homo	Metazoa	154	False
Q86U42	Homo	Metazoa	306	False
Q86U44	Homo	Metazoa	580	False
Q86U86	Homo	Metazoa	1689	False
Q86U90	Homo	Metazoa	279	False
Q86UA6	Homo	Metazoa	219	False
Q86UB2	Homo	Metazoa	503	False
Q86UD0	Homo	Metazoa	394	False
Q86UD5	Homo	Metazoa	537	True
Q86UE8	Homo	Metazoa	772	False
Q86UF1	Homo	Metazoa	283	True
Q86UG4	Homo	Metazoa	719	False
Q86UK7	Homo	Metazoa	904	False
Q86UQ0	Homo	Metazoa	364	False
Q86UR1	Homo	Metazoa	476	False
Q86US8	Homo	Metazoa	1419	False
Q86UT5	Homo	Metazoa	571	False
Q86UT6	Homo	Metazoa	975	False
Q86UU0	Homo	Metazoa	1499	False
Q86UV5	Homo	Metazoa	1035	False
Q86UW1	Homo	Metazoa	340	True
Q86UW2	Homo	Metazoa	128	True
Q86UW9	Homo	Metazoa	622	False
Q86UY6	Homo	Metazoa	237	False
Q86V15	Homo	Metazoa	1759	False
Q86V20	Homo	Metazoa	835	False
Q86V24	Homo	Metazoa	386	False
Q86V81	Homo	Metazoa	257	False
Q86V97	Homo	Metazoa	674	False
Q86VD7	Homo	Metazoa	318	True
Q86VE9	Homo	Metazoa	423	True
Q86VI4	Homo	Metazoa	317	False
Q86VL8	Homo	Metazoa	602	True
Q86VP1	Homo	Metazoa	789	False
Q86VP3	Homo	Metazoa	889	False
Q86VP6	Homo	Metazoa	1230	False
Q86VW1	Homo	Metazoa	577	True
Q86VZ1	Homo	Metazoa	359	True
Q86VZ6	Homo	Metazoa	243	False
Q86W26	Homo	Metazoa	655	False
Q86W42	Homo	Metazoa	341	False
Q86W50	Homo	Metazoa	562	False
Q86W54	Homo	Metazoa	205	False
Q86W56	Homo	Metazoa	976	False
Q86WA8	Homo	Metazoa	852	False
Q86WA9	Homo	Metazoa	606	True
Q86WB0	Homo	Metazoa	502	False
Q86WB7	Homo	Metazoa	457	True
Q86WJ1	Homo	Metazoa	897	False
Q86WP2	Homo	Metazoa	473	False
Q86WQ0	Homo	Metazoa	139	False
Q86WR0	Homo	Metazoa	208	True
Q86WT6	Homo	Metazoa	500	False
Q86WV1	Homo	Metazoa	359	False
Q86WV5	Homo	Metazoa	123	False
Q86WV6	Homo	Metazoa	379	True
Q86WX3	Homo	Metazoa	136	False
Q86X29	Homo	Metazoa	649	False
Q86X51	Homo	Metazoa	503	False
Q86X55	Homo	Metazoa	608	False
Q86XA0	Homo	Metazoa	190	False
Q86XE0	Homo	Metazoa	403	False
Q86XF0	Homo	Metazoa	187	False
Q86XI2	Homo	Metazoa	1143	False
Q86XK2	Homo	Metazoa	927	False
Q86XK3	Homo	Metazoa	245	False
Q86XP1	Homo	Metazoa	1220	False
Q86XP3	Homo	Metazoa	938	False
Q86XR7	Homo	Metazoa	235	False
Q86Y01	Homo	Metazoa	620	False
Q86Y07	Homo	Metazoa	508	False
Q86Y25	Homo	Metazoa	554	False
Q86Y26	Homo	Metazoa	1132	False
Q86Y91	Homo	Metazoa	852	False
Q86Y97	Homo	Metazoa	462	False
Q86YA3	Homo	Metazoa	2104	False
Q86YC2	Homo	Metazoa	1186	False
Q86YD1	Homo	Metazoa	416	False
Q86YF9	Homo	Metazoa	867	False
Q86YH6	Homo	Metazoa	399	False
Q86YI8	Homo	Metazoa	300	False
Q86YJ7	Homo	Metazoa	626	False
Q86YN6	Homo	Metazoa	1023	False
Q86YP4	Homo	Metazoa	633	False
Q86YR5	Homo	Metazoa	675	False
Q86YS7	Homo	Metazoa	1000	False
Q86YT5	Homo	Metazoa	568	True
Q86YV9	Homo	Metazoa	775	False
Q86Z02	Homo	Metazoa	1210	False
Q8AWF5	Xenopus	Metazoa	638	False
Q8BFW6	Mus	Metazoa	529	True
Q8BFZ4	Mus	Metazoa	434	False
Q8BG07	Mus	Metazoa	503	True
Q8BG15	Mus	Metazoa	465	False
Q8BG21	Mus	Metazoa	171	True
Q8BG36	Mus	Metazoa	561	False
Q8BG55	Mus	Metazoa	319	True
Q8BG79	Mus	Metazoa	887	False
Q8BG87	Mus	Metazoa	1803	False
Q8BGC4	Mus	Metazoa	377	False
Q8BGD7	Mus	Metazoa	802	False
Q8BGJ9	Mus	Metazoa	220	False
Q8BGL3	Mus	Metazoa	282	False
Q8BGR2	Mus	Metazoa	859	True
Q8BGS1	Mus	Metazoa	731	False
Q8BGV5	Mus	Metazoa	572	False
Q8BGV7	Mus	Metazoa	329	False
Q8BGV8	Mus	Metazoa	463	True
Q8BGW0	Mus	Metazoa	636	False
Q8BGW1	Mus	Metazoa	502	False
Q8BGY7	Mus	Metazoa	273	False
Q8BGY9	Mus	Metazoa	580	True
Q8BH52	Mus	Metazoa	521	False
Q8BH64	Mus	Metazoa	543	False
Q8BHK3	Mus	Metazoa	478	True
Q8BHL4	Mus	Metazoa	356	True
Q8BHN1	Mus	Metazoa	524	False
Q8BHS6	Mus	Metazoa	379	True
Q8BHY2	Mus	Metazoa	516	False
Q8BHY3	Mus	Metazoa	960	False
Q8BIA4	Mus	Metazoa	598	False
Q8BIF2	Mus	Metazoa	374	False
Q8BIG4	Mus	Metazoa	368	False
Q8BIK6	Mus	Metazoa	829	True
Q8BIQ5	Mus	Metazoa	580	False
Q8BIW9	Mus	Metazoa	969	False
Q8BIZ1	Mus	Metazoa	1259	False
Q8BJ05	Mus	Metazoa	735	False
Q8BJ37	Mus	Metazoa	609	False
Q8BJ71	Mus	Metazoa	819	False
Q8BJA3	Mus	Metazoa	419	False
Q8BJM5	Mus	Metazoa	460	True
Q8BJQ4	Mus	Metazoa	232	False
Q8BJS4	Mus	Metazoa	731	False
Q8BK35	Mus	Metazoa	484	False
Q8BK84	Mus	Metazoa	215	False
Q8BKA3	Mus	Metazoa	608	False
Q8BKC5	Mus	Metazoa	1097	False
Q8BKJ9	Mus	Metazoa	402	False
Q8BKT7	Mus	Metazoa	683	False
Q8BL03	Mus	Metazoa	306	True
Q8BL80	Mus	Metazoa	702	False
Q8BLA8	Mus	Metazoa	1125	False
Q8BLB7	Mus	Metazoa	883	False
Q8BLG0	Mus	Metazoa	1010	False
Q8BLY2	Mus	Metazoa	790	False
Q8BM75	Mus	Metazoa	1188	False
Q8BMA3	Mus	Metazoa	555	False
Q8BMA5	Mus	Metazoa	1420	False
Q8BMD2	Mus	Metazoa	852	False
Q8BMF8	Mus	Metazoa	549	True
Q8BMI0	Mus	Metazoa	1194	False
Q8BMP4	Mus	Metazoa	375	True
Q8BMP6	Mus	Metazoa	525	False
Q8BMQ3	Mus	Metazoa	1127	False
Q8BN21	Mus	Metazoa	503	False
Q8BN78	Mus	Metazoa	671	False
Q8BP27	Mus	Metazoa	319	False
Q8BP71	Mus	Metazoa	449	False
Q8BQP9	Mus	Metazoa	257	False
Q8BQR4	Mus	Metazoa	486	False
Q8BQU6	Mus	Metazoa	440	True
Q8BRE0	Mus	Metazoa	195	False
Q8BSK8	Mus	Metazoa	525	False
Q8BSM7	Mus	Metazoa	564	True
Q8BT35	Mus	Metazoa	56	True
Q8BTM9	Mus	Metazoa	673	False
Q8BTQ0	Mus	Metazoa	241	False
Q8BTW8	Mus	Metazoa	588	False
Q8BTY2	Mus	Metazoa	1034	False
Q8BU11	Mus	Metazoa	619	False
Q8BU91	Mus	Metazoa	790	True
Q8BUE1	Mus	Metazoa	797	False
Q8BUE4	Mus	Metazoa	373	True
Q8BUN5	Mus	Metazoa	425	False
Q8BUV3	Mus	Metazoa	769	False
Q8BUW1	Mus	Metazoa	535	True
Q8BUX5	Mus	Metazoa	455	True
Q8BVE8	Mus	Metazoa	1365	False
Q8BVG4	Mus	Metazoa	862	False
Q8BVM4	Mus	Metazoa	459	False
Q8BVN3	Mus	Metazoa	442	True
Q8BVN4	Mus	Metazoa	346	False
Q8BVN7	Mus	Metazoa	312	True
Q8BVN9	Mus	Metazoa	434	False
Q8BVZ5	Mus	Metazoa	266	False
Q8BWB6	Mus	Metazoa	489	False
Q8BWG9	Mus	Metazoa	304	True
Q8BWM0	Mus	Metazoa	384	True
Q8BWN8	Mus	Metazoa	421	False
Q8BWQ5	Mus	Metazoa	790	False
Q8BWT5	Mus	Metazoa	1523	False
Q8BWY7	Mus	Metazoa	342	True
Q8BX22	Mus	Metazoa	1067	False
Q8BX46	Mus	Metazoa	964	False
Q8BX57	Mus	Metazoa	582	False
Q8BXK9	Mus	Metazoa	251	True
Q8BXR9	Mus	Metazoa	959	False
Q8BY35	Mus	Metazoa	655	False
Q8BYF6	Mus	Metazoa	611	True
Q8BYM8	Mus	Metazoa	551	False
Q8BZ00	Mus	Metazoa	644	True
Q8BZ47	Mus	Metazoa	1413	False
Q8BZ71	Mus	Metazoa	360	False
Q8BZ89	Mus	Metazoa	410	False
Q8BZ97	Mus	Metazoa	688	False
Q8BZA9	Mus	Metazoa	269	False
Q8BZB3	Mus	Metazoa	538	False
Q8BZF8	Mus	Metazoa	567	False
Q8BZL1	Mus	Metazoa	478	False
Q8BZT9	Mus	Metazoa	430	False
Q8BZZ3	Mus	Metazoa	918	False
Q8C006	Mus	Metazoa	501	False
Q8C0C0	Mus	Metazoa	836	False
Q8C0D7	Mus	Metazoa	249	False
Q8C0R7	Mus	Metazoa	736	False
Q8C0T0	Mus	Metazoa	401	True
Q8C0T9	Mus	Metazoa	1614	False
Q8C0V1	Mus	Metazoa	768	False
Q8C0X2	Mus	Metazoa	565	False
Q8C147	Mus	Metazoa	2100	False
Q8C167	Mus	Metazoa	725	False
Q8C196	Mus	Metazoa	1500	False
Q8C1E7	Mus	Metazoa	343	False
Q8C1Q6	Mus	Metazoa	80	True
Q8C208	Mus	Metazoa	586	False
Q8C2B3	Mus	Metazoa	938	False
Q8C2K1	Mus	Metazoa	630	False
Q8C3K6	Mus	Metazoa	665	True
Q8C3P7	Mus	Metazoa	580	False
Q8C3R1	Mus	Metazoa	822	False
Q8C4V4	Mus	Metazoa	428	False
Q8C551	Mus	Metazoa	337	False
Q8C5D8	Mus	Metazoa	621	False
Q8C5S7	Mus	Metazoa	591	False
Q8C5W4	Mus	Metazoa	1022	False
Q8C5Y2	Mus	Metazoa	53	True
Q8C624	Mus	Metazoa	132	False
Q8C6L5	Mus	Metazoa	507	False
Q8C6P8	Mus	Metazoa	421	False
Q8C7R7	Mus	Metazoa	927	False
Q8C838	Mus	Metazoa	173	False
Q8C854	Mus	Metazoa	591	False
Q8C886	Mus	Metazoa	610	False
Q8C8B0	Mus	Metazoa	326	False
Q8C8N2	Mus	Metazoa	606	False
Q8C8R3	Mus	Metazoa	3898	False
Q8C8S3	Mus	Metazoa	249	True
Q8C8Y5	Mus	Metazoa	445	False
Q8C9B9	Mus	Metazoa	2256	False
Q8C9E8	Mus	Metazoa	313	True
Q8C9X6	Mus	Metazoa	813	False
Q8CBD1	Mus	Metazoa	1161	False
Q8CBX0	Mus	Metazoa	802	True
Q8CC88	Mus	Metazoa	1905	False
Q8CCE9	Mus	Metazoa	783	False
Q8CCH7	Mus	Metazoa	1151	False
Q8CCI5	Mus	Metazoa	228	False
Q8CCK0	Mus	Metazoa	372	False
Q8CD10	Mus	Metazoa	432	False
Q8CD15	Mus	Metazoa	465	False
Q8CD54	Mus	Metazoa	2822	True
Q8CDK2	Mus	Metazoa	862	False
Q8CDP0	Mus	Metazoa	1006	False
Q8CE22	Mus	Metazoa	761	False
Q8CE90	Mus	Metazoa	535	False
Q8CEG0	Mus	Metazoa	392	True
Q8CEG8	Mus	Metazoa	438	False
Q8CF60	Mus	Metazoa	680	False
Q8CF89	Mus	Metazoa	502	False
Q8CF90	Mus	Metazoa	359	False
Q8CFC7	Mus	Metazoa	668	False
Q8CFE6	Mus	Metazoa	504	True
Q8CFN5	Mus	Metazoa	474	False
Q8CFP6	Mus	Metazoa	273	False
Q8CFT2	Mus	Metazoa	1985	False
Q8CFW1	Mus	Metazoa	1002	False
Q8CFZ5	Mus	Metazoa	553	True
Q8CG09	Rattus	Metazoa	1532	True
Q8CG46	Mus	Metazoa	1101	False
Q8CG64	Mus	Metazoa	494	True
Q8CG72	Mus	Metazoa	370	False
Q8CGA3	Mus	Metazoa	568	True
Q8CGB3	Mus	Metazoa	1411	False
Q8CGK3	Mus	Metazoa	949	False
Q8CGK7	Mus	Metazoa	381	False
Q8CGN4	Mus	Metazoa	1759	False
Q8CGP0	Mus	Metazoa	126	False
Q8CGP1	Mus	Metazoa	126	False
Q8CGP2	Mus	Metazoa	126	False
Q8CGP5	Mus	Metazoa	130	False
Q8CGP7	Mus	Metazoa	130	False
Q8CGS4	Rattus	Metazoa	223	False
Q8CGT6	Mus	Metazoa	848	False
Q8CGU1	Mus	Metazoa	691	False
Q8CGU4	Rattus	Metazoa	1186	False
Q8CGW4	Mus	Metazoa	782	False
Q8CGY8	Mus	Metazoa	1046	False
Q8CHK4	Mus	Metazoa	513	False
Q8CHM7	Rattus	Metazoa	581	False
Q8CHP0	Mus	Metazoa	950	False
Q8CHV6	Mus	Metazoa	443	False
Q8CI11	Mus	Metazoa	538	False
Q8CI15	Mus	Metazoa	382	False
Q8CI52	Mus	Metazoa	662	False
Q8CIG3	Mus	Metazoa	826	False
Q8CIG8	Mus	Metazoa	637	False
Q8CII8	Mus	Metazoa	388	False
Q8CIN9	Rattus	Metazoa	362	False
Q8CIV7	Mus	Metazoa	274	False
Q8CIW6	Mus	Metazoa	758	False
Q8CJ00	Mus	Metazoa	444	False
Q8CJ26	Mus	Metazoa	228	True
Q8CJ27	Mus	Metazoa	3122	False
Q8CJ53	Mus	Metazoa	603	False
Q8CJ67	Mus	Metazoa	570	False
Q8CJ78	Mus	Metazoa	1038	False
Q8CJC7	Mus	Metazoa	226	True
Q8CJF7	Mus	Metazoa	2243	False
Q8GS60	Arabidopsis	Plants	462	False
Q8GSA7	Arabidopsis	Plants	1032	False
Q8GSG4	Medicago	Plants	528	True
Q8GSJ6	Arabidopsis	Plants	154	True
Q8GTR4	Arabidopsis	Plants	965	False
Q8GTS1	Arabidopsis	Plants	227	False
Q8GUI6	Arabidopsis	Plants	954	False
Q8GUK1	Arabidopsis	Plants	602	False
Q8GUM2	Arabidopsis	Plants	682	False
Q8GUN2	Arabidopsis	Plants	147	False
Q8GUT5	Arabidopsis	Plants	288	False
Q8GV05	Arabidopsis	Plants	106	False
Q8GVD0	Olea	Plants	551	False
Q8GW29	Arabidopsis	Plants	217	False
Q8GW43	Arabidopsis	Plants	476	False
Q8GW48	Arabidopsis	Plants	86	False
Q8GW78	Arabidopsis	Plants	241	False
Q8GWA2	Arabidopsis	Plants	273	False
Q8GWA7	Arabidopsis	Plants	349	False
Q8GWE0	Arabidopsis	Plants	702	False
Q8GWE6	Arabidopsis	Plants	413	False
Q8GWS0	Arabidopsis	Plants	174	False
Q8GX78	Arabidopsis	Plants	541	False
Q8GXA4	Arabidopsis	Plants	489	False
Q8GXD9	Arabidopsis	Plants	644	False
Q8GXF8	Arabidopsis	Plants	283	False
Q8GXH3	Arabidopsis	Plants	371	False
Q8GXJ1	Arabidopsis	Plants	552	False
Q8GXL3	Arabidopsis	Plants	333	False
Q8GXN9	Arabidopsis	Plants	930	False
Q8GXR9	Arabidopsis	Plants	519	False
Q8GXU8	Arabidopsis	Plants	356	False
Q8GXW1	Arabidopsis	Plants	547	False
Q8GXX0	Arabidopsis	Plants	191	False
Q8GY61	Arabidopsis	Plants	335	False
Q8GY65	Arabidopsis	Plants	343	False
Q8GY82	Arabidopsis	Plants	351	False
Q8GY84	Arabidopsis	Plants	456	False
Q8GY89	Arabidopsis	Plants	125	False
Q8GYB1	Arabidopsis	Plants	285	False
Q8GYC1	Arabidopsis	Plants	516	False
Q8GYC7	Arabidopsis	Plants	313	False
Q8GYD2	Arabidopsis	Plants	230	False
Q8GYD9	Arabidopsis	Plants	1002	False
Q8GYH7	Arabidopsis	Plants	249	False
Q8GYJ3	Arabidopsis	Plants	289	False
Q8GYP5	Arabidopsis	Plants	280	False
Q8GYQ5	Arabidopsis	Plants	372	False
Q8GYT8	Arabidopsis	Plants	540	False
Q8GYY1	Arabidopsis	Plants	412	False
Q8GZ52	Arabidopsis	Plants	1400	False
Q8GZA8	Arabidopsis	Plants	237	False
Q8GZB6	Arabidopsis	Plants	624	False
Q8GZM7	Arabidopsis	Plants	478	False
Q8GZQ3	Arabidopsis	Plants	922	False
Q8GZU0	Catharanthus	Plants	443	False
Q8H0T5	Arabidopsis	Plants	262	False
Q8H0U4	Arabidopsis	Plants	891	False
Q8H0U5	Arabidopsis	Plants	641	False
Q8H0U8	Arabidopsis	Plants	1166	False
Q8H0V5	Arabidopsis	Plants	354	False
Q8H0W2	Arabidopsis	Plants	426	False
Q8H103	Arabidopsis	Plants	613	False
Q8H107	Arabidopsis	Plants	464	False
Q8H110	Arabidopsis	Plants	337	False
Q8H112	Arabidopsis	Plants	324	False
Q8H113	Arabidopsis	Plants	357	False
Q8H136	Arabidopsis	Plants	619	False
Q8H151	Arabidopsis	Plants	608	False
Q8H157	Arabidopsis	Plants	585	True
Q8H186	Arabidopsis	Plants	389	False
Q8H191	Arabidopsis	Plants	497	False
Q8H1D3	Arabidopsis	Plants	571	False
Q8H1D4	Arabidopsis	Plants	355	False
Q8H1D6	Arabidopsis	Plants	467	False
Q8H1D9	Arabidopsis	Plants	605	False
Q8H1E7	Arabidopsis	Plants	754	False
Q8H1G6	Arabidopsis	Plants	361	False
Q8H1S7	Arabidopsis	Plants	927	False
Q8H1U5	Arabidopsis	Plants	865	False
Q8H1Y0	Arabidopsis	Plants	393	False
Q8H443	Oryza sativa	Plants	436	False
Q8H7F6	Arabidopsis	Plants	293	False
Q8H8V7	Oryza sativa	Plants	787	False
Q8HWS3	Homo	Metazoa	928	False
Q8HYL8	Phascolarctos	Metazoa	661	False
Q8I1T1	Plasmodium falciparum	Other	229	False
Q8I266	Plasmodium falciparum	Other	1470	True
Q8I4V8	Plasmodium falciparum	Other	304	False
Q8I566	Plasmodium falciparum	Other	442	False
Q8I5Q6	Plasmodium falciparum	Other	216	False
Q8I615	Plasmodium falciparum	Other	1189	False
Q8I6Z7	Plasmodium falciparum	Other	1139	False
Q8I8U7	melanogaster subgroup	Metazoa	3790	False
Q8I8V0	melanogaster subgroup	Metazoa	555	False
Q8IBS5	Plasmodium falciparum	Other	528	False
Q8IDM6	Plasmodium falciparum	Other	422	True
Q8IE02	Plasmodium falciparum	Other	597	False
Q8IE47	Plasmodium falciparum	Other	273	False
Q8IEG9	Plasmodium falciparum	Other	408	False
Q8IG69	Caenorhabditis	Metazoa	100	False
Q8IH18	melanogaster subgroup	Metazoa	1010	False
Q8IHY1	Plasmodium falciparum	Other	4226	False
Q8IJ32	Plasmodium falciparum	Other	709	False
Q8IJH8	Plasmodium falciparum	Other	275	False
Q8IJK2	Plasmodium falciparum	Other	124	False
Q8IJN7	Plasmodium falciparum	Other	446	False
Q8IJX8	Plasmodium falciparum	Other	107	False
Q8ILW0	Plasmodium falciparum	Other	347	False
Q8IMA8	melanogaster subgroup	Metazoa	1192	False
Q8IMZ9	melanogaster subgroup	Metazoa	853	False
Q8IN94	melanogaster subgroup	Metazoa	2716	False
Q8INB9	melanogaster subgroup	Metazoa	611	False
Q8INR6	melanogaster subgroup	Metazoa	1848	False
Q8IPX7	melanogaster subgroup	Metazoa	232	False
Q8IQ70	melanogaster subgroup	Metazoa	366	False
Q8IQG1	melanogaster subgroup	Metazoa	566	False
Q8IRB5	melanogaster subgroup	Metazoa	1465	False
Q8IRG6	melanogaster subgroup	Metazoa	1083	False
Q8IRH5	melanogaster subgroup	Metazoa	733	False
Q8IRW8	melanogaster subgroup	Metazoa	2431	False
Q8IS16	Dictyostelium	Other	604	False
Q8ISM1	Giardia	Other	755	False
Q8ITW8	Caenorhabditis	Metazoa	504	False
Q8IU60	Homo	Metazoa	420	False
Q8IU68	Homo	Metazoa	726	False
Q8IU80	Homo	Metazoa	811	True
Q8IU81	Homo	Metazoa	584	False
Q8IU99	Homo	Metazoa	346	True
Q8IUE6	Homo	Metazoa	130	False
Q8IUF8	Homo	Metazoa	465	False
Q8IUG5	Homo	Metazoa	2567	False
Q8IUH3	Homo	Metazoa	476	False
Q8IUH5	Homo	Metazoa	632	False
Q8IUN9	Homo	Metazoa	316	True
Q8IUQ4	Homo	Metazoa	282	False
Q8IUR6	Homo	Metazoa	639	False
Q8IUR7	Homo	Metazoa	673	False
Q8IUX1	Homo	Metazoa	230	True
Q8IUY3	Homo	Metazoa	354	False
Q8IV20	Homo	Metazoa	430	False
Q8IV48	Homo	Metazoa	349	False
Q8IV53	Homo	Metazoa	801	False
Q8IV63	Homo	Metazoa	474	False
Q8IV76	Homo	Metazoa	773	False
Q8IVE3	Homo	Metazoa	1493	False
Q8IVF7	Homo	Metazoa	1028	False
Q8IVG5	Homo	Metazoa	1584	False
Q8IVH4	Homo	Metazoa	418	False
Q8IVI9	Homo	Metazoa	506	False
Q8IVJ1	Homo	Metazoa	513	False
Q8IVL1	Homo	Metazoa	2488	False
Q8IVM8	Homo	Metazoa	553	True
Q8IVP5	Homo	Metazoa	155	True
Q8IVQ6	Homo	Metazoa	265	True
Q8IVS2	Homo	Metazoa	390	False
Q8IVS8	Homo	Metazoa	523	False
Q8IVU3	Homo	Metazoa	1022	False
Q8IVW6	Homo	Metazoa	561	False
Q8IW19	Homo	Metazoa	511	False
Q8IW41	Homo	Metazoa	473	False
Q8IWA0	Homo	Metazoa	830	False
Q8IWA4	Homo	Metazoa	741	False
Q8IWD4	Homo	Metazoa	279	False
Q8IWE4	Homo	Metazoa	304	False
Q8IWL3	Homo	Metazoa	235	False
Q8IWL8	Homo	Metazoa	128	False
Q8IWS0	Homo	Metazoa	365	False
Q8IWT0	Homo	Metazoa	167	False
Q8IWT6	Homo	Metazoa	810	True
Q8IWU4	Homo	Metazoa	369	True
Q8IWV1	Homo	Metazoa	398	True
Q8IWV7	Homo	Metazoa	1749	False
Q8IWY9	Homo	Metazoa	1227	False
Q8IWZ4	Homo	Metazoa	224	False
Q8IWZ6	Homo	Metazoa	715	False
Q8IX03	Homo	Metazoa	1113	False
Q8IX15	Homo	Metazoa	550	False
Q8IX21	Homo	Metazoa	1173	False
Q8IXF0	Homo	Metazoa	933	False
Q8IXH6	Homo	Metazoa	220	False
Q8IXI1	Homo	Metazoa	618	False
Q8IXI2	Homo	Metazoa	618	False
Q8IXJ6	Homo	Metazoa	389	False
Q8IXK0	Homo	Metazoa	858	False
Q8IXM3	Homo	Metazoa	137	False
Q8IXM6	Homo	Metazoa	262	True
Q8IXP5	Homo	Metazoa	288	False
Q8IXQ5	Homo	Metazoa	586	False
Q8IXQ6	Homo	Metazoa	854	False
Q8IXQ9	Homo	Metazoa	262	False
Q8IXU6	Homo	Metazoa	374	True
Q8IXW5	Homo	Metazoa	612	False
Q8IY18	Homo	Metazoa	1101	False
Q8IY22	Homo	Metazoa	773	False
Q8IY26	Homo	Metazoa	295	False
Q8IY37	Homo	Metazoa	1157	False
Q8IY57	Homo	Metazoa	180	False
Q8IY81	Homo	Metazoa	847	False
Q8IY92	Homo	Metazoa	1834	False
Q8IYB3	Homo	Metazoa	904	False
Q8IYB8	Homo	Metazoa	786	False
Q8IYD8	Homo	Metazoa	2048	False
Q8IYJ3	Homo	Metazoa	562	False
Q8IYL9	Homo	Metazoa	337	True
Q8IYM1	Homo	Metazoa	358	False
Q8IYM2	Homo	Metazoa	578	False
Q8IYM9	Homo	Metazoa	498	False
Q8IYR2	Homo	Metazoa	804	False
Q8IYT2	Homo	Metazoa	770	False
Q8IYU8	Homo	Metazoa	434	False
Q8IYW5	Homo	Metazoa	571	False
Q8IYX4	Homo	Metazoa	353	False
Q8IZ07	Homo	Metazoa	590	False
Q8IZ08	Homo	Metazoa	494	True
Q8IZ52	Homo	Metazoa	775	True
Q8IZA0	Homo	Metazoa	1049	True
Q8IZD2	Homo	Metazoa	1858	False
Q8IZD6	Homo	Metazoa	547	True
Q8IZF0	Homo	Metazoa	1738	True
Q8IZK6	Homo	Metazoa	566	True
Q8IZL2	Homo	Metazoa	1156	False
Q8IZL8	Homo	Metazoa	1130	False
Q8IZL9	Homo	Metazoa	346	False
Q8IZP1	Homo	Metazoa	549	False
Q8IZQ1	Homo	Metazoa	3526	False
Q8IZU0	Homo	Metazoa	186	False
Q8IZU1	Homo	Metazoa	332	False
Q8IZY2	Homo	Metazoa	2146	True
Q8JFY9	Xenopus	Metazoa	292	False
Q8JGN5	Xenopus	Metazoa	160	False
Q8JHF4	Danio	Metazoa	677	False
Q8JHI3	Danio	Metazoa	407	False
Q8JZL0	Mus	Metazoa	594	False
Q8JZQ2	Mus	Metazoa	802	False
Q8JZR6	Mus	Metazoa	1089	False
Q8JZS0	Mus	Metazoa	233	False
Q8JZU2	Mus	Metazoa	311	True
Q8K0B2	Mus	Metazoa	537	True
Q8K0H1	Mus	Metazoa	567	True
Q8K120	Mus	Metazoa	901	False
Q8K136	Mus	Metazoa	229	False
Q8K1L6	Mus	Metazoa	76	False
Q8K1M4	Mus	Metazoa	789	False
Q8K1M6	Mus	Metazoa	736	False
Q8K1N1	Mus	Metazoa	776	False
Q8K1P8	Rattus	Metazoa	545	False
Q8K1R3	Mus	Metazoa	783	False
Q8K1S6	Mus	Metazoa	718	False
Q8K1Z0	Mus	Metazoa	313	False
Q8K1Z6	Mus	Metazoa	331	True
Q8K202	Mus	Metazoa	482	False
Q8K203	Mus	Metazoa	606	False
Q8K211	Mus	Metazoa	196	True
Q8K299	Mus	Metazoa	491	True
Q8K2C6	Mus	Metazoa	310	False
Q8K2F0	Mus	Metazoa	726	False
Q8K2P2	Mus	Metazoa	436	False
Q8K2P7	Mus	Metazoa	485	True
Q8K2T8	Mus	Metazoa	535	False
Q8K2X3	Mus	Metazoa	378	False
Q8K2X8	Mus	Metazoa	71	False
Q8K330	Mus	Metazoa	649	False
Q8K337	Mus	Metazoa	993	False
Q8K339	Mus	Metazoa	391	False
Q8K382	Mus	Metazoa	1016	False
Q8K3G5	Mus	Metazoa	453	False
Q8K3G9	Mus	Metazoa	662	False
Q8K3J1	Mus	Metazoa	212	False
Q8K3P1	Mus	Metazoa	485	True
Q8K3Q3	Mus	Metazoa	521	False
Q8K3V4	Mus	Metazoa	682	False
Q8K3W3	Mus	Metazoa	698	False
Q8K3Y3	Mus	Metazoa	209	False
Q8K3Y6	Rattus	Metazoa	776	False
Q8K400	Mus	Metazoa	1152	False
Q8K415	Rattus	Metazoa	481	True
Q8K440	Mus	Metazoa	1620	True
Q8K448	Mus	Metazoa	1642	True
Q8K480	Mus	Metazoa	584	True
Q8K4B0	Mus	Metazoa	715	False
Q8K4B2	Mus	Metazoa	609	False
Q8K4D3	Mus	Metazoa	475	True
Q8K4D7	Mus	Metazoa	647	False
Q8K4F5	Mus	Metazoa	307	False
Q8K4H1	Mus	Metazoa	305	False
Q8K4J6	Mus	Metazoa	964	False
Q8K4K2	Mus	Metazoa	354	False
Q8K4K6	Mus	Metazoa	548	False
Q8K4R4	Mus	Metazoa	332	False
Q8K4R8	Rattus	Metazoa	601	True
Q8K4V2	Rattus	Metazoa	953	False
Q8K4V4	Rattus	Metazoa	539	False
Q8K4Z2	Mus	Metazoa	240	False
Q8K557	Mus	Metazoa	490	False
Q8K585	Rattus	Metazoa	107	False
Q8K5A9	Rattus	Metazoa	228	True
Q8L3P4	Arabidopsis	Plants	654	False
Q8L3W1	Arabidopsis	Plants	341	False
Q8L3X8	Arabidopsis	Plants	262	False
Q8L3X9	Arabidopsis	Plants	461	False
Q8L3Z8	Arabidopsis	Plants	483	False
Q8L493	Arabidopsis	Plants	373	False
Q8L4H0	Arabidopsis	Plants	500	False
Q8L4M1	Arabidopsis	Plants	367	False
Q8L4R0	Arabidopsis	Plants	350	False
Q8L5W8	Arabidopsis	Plants	416	False
Q8L607	Arabidopsis	Plants	386	False
Q8L617	Arabidopsis	Plants	313	False
Q8L627	Arabidopsis	Plants	375	False
Q8L6Z4	Arabidopsis	Plants	430	False
Q8L716	Arabidopsis	Plants	589	False
Q8L743	Arabidopsis	Plants	599	False
Q8L746	Arabidopsis	Plants	586	False
Q8L765	Arabidopsis	Plants	407	False
Q8L770	Arabidopsis	Plants	330	False
Q8L774	Arabidopsis	Plants	389	False
Q8L785	Arabidopsis	Plants	1067	False
Q8L794	Arabidopsis	Plants	478	False
Q8L796	Arabidopsis	Plants	754	False
Q8L7C9	Arabidopsis	Plants	217	False
Q8L7E9	Arabidopsis	Plants	421	False
Q8L7F7	Arabidopsis	Plants	739	False
Q8L7G0	Arabidopsis	Plants	665	False
Q8L7K4	Arabidopsis	Plants	252	False
Q8L7K9	Arabidopsis	Plants	607	False
Q8L7N4	Arabidopsis	Plants	343	True
Q8L7S5	Arabidopsis	Plants	642	False
Q8L7S8	Arabidopsis	Plants	748	False
Q8L7U4	Arabidopsis	Plants	241	False
Q8L7U5	Arabidopsis	Plants	881	False
Q8L844	Arabidopsis	Plants	709	False
Q8L850	Arabidopsis	Plants	815	False
Q8L866	Arabidopsis	Plants	776	False
Q8L8B8	Arabidopsis	Plants	215	False
Q8L8T7	Arabidopsis	Plants	246	False
Q8L940	Arabidopsis	Plants	309	False
Q8L960	Arabidopsis	Plants	410	False
Q8L983	Arabidopsis	Plants	218	False
Q8L999	Arabidopsis	Plants	342	False
Q8L9A0	Arabidopsis	Plants	270	False
Q8L9J7	Arabidopsis	Plants	247	True
Q8L9T7	Arabidopsis	Plants	157	False
Q8L9Y3	Arabidopsis	Plants	382	False
Q8LA16	Arabidopsis	Plants	252	False
Q8LA53	Arabidopsis	Plants	272	False
Q8LAC4	Arabidopsis	Plants	322	False
Q8LAJ7	Arabidopsis	Plants	292	False
Q8LAM0	Arabidopsis	Plants	365	False
Q8LAZ7	Arabidopsis	Plants	357	False
Q8LB02	Arabidopsis	Plants	280	False
Q8LB10	Arabidopsis	Plants	305	False
Q8LB47	Arabidopsis	Plants	327	False
Q8LBB7	Arabidopsis	Plants	228	False
Q8LBI1	Arabidopsis	Plants	301	False
Q8LBM2	Arabidopsis	Plants	131	False
Q8LBP4	Arabidopsis	Plants	462	False
Q8LBZ7	Arabidopsis	Plants	279	False
Q8LC68	Arabidopsis	Plants	255	False
Q8LC79	Arabidopsis	Plants	295	False
Q8LCA1	Arabidopsis	Plants	174	False
Q8LCG7	Arabidopsis	Plants	199	False
Q8LD98	Arabidopsis	Plants	252	True
Q8LDF9	Arabidopsis	Plants	241	False
Q8LDL0	Arabidopsis	Plants	231	False
Q8LDS4	Arabidopsis	Plants	319	False
Q8LDU1	Arabidopsis	Plants	321	False
Q8LDU4	Arabidopsis	Plants	319	False
Q8LE52	Arabidopsis	Plants	258	False
Q8LE98	Arabidopsis	Plants	344	False
Q8LEA8	Arabidopsis	Plants	336	False
Q8LEG1	Arabidopsis	Plants	258	False
Q8LEU3	Arabidopsis	Plants	348	False
Q8LF36	Arabidopsis	Plants	492	False
Q8LF89	Arabidopsis	Plants	140	False
Q8LFH5	Arabidopsis	Plants	239	True
Q8LFT2	Arabidopsis	Plants	780	False
Q8LGB6	Arabidopsis	Plants	334	False
Q8LGE3	Arabidopsis	Plants	421	False
Q8LGF7	Arabidopsis	Plants	157	False
Q8LGH4	Arabidopsis	Plants	792	False
Q8LGJ5	Arabidopsis	Plants	276	False
Q8LGU6	Arabidopsis	Plants	744	False
Q8LGZ9	Oryza sativa	Plants	341	False
Q8LH59	Oryza sativa	Plants	306	False
Q8LIY8	Oryza sativa	Plants	569	False
Q8LK56	Arabidopsis	Plants	1987	False
Q8LKS5	Arabidopsis	Plants	700	False
Q8LL04	Arabidopsis	Plants	1241	False
Q8LLD0	Arabidopsis	Plants	1046	False
Q8LPG9	Arabidopsis	Plants	668	False
Q8LPI7	Arabidopsis	Plants	414	False
Q8LPL7	Arabidopsis	Plants	355	False
Q8LPN3	Arabidopsis	Plants	919	False
Q8LPQ5	Arabidopsis	Plants	1254	False
Q8LPQ9	Arabidopsis	Plants	901	False
Q8LPR5	Arabidopsis	Plants	420	False
Q8LPR8	Arabidopsis	Plants	871	False
Q8LPS1	Arabidopsis	Plants	701	False
Q8LPS2	Arabidopsis	Plants	670	False
Q8LPU4	Zea	Plants	468	False
Q8LRK8	Arabidopsis	Plants	682	False
Q8LSZ4	Arabidopsis	Plants	403	False
Q8MI17	Oryctolagus	Metazoa	496	False
Q8MIR4	Sus	Metazoa	562	False
Q8MLV1	melanogaster subgroup	Metazoa	741	False
Q8MLZ3	Dictyostelium	Other	867	False
Q8MMZ7	Toxoplasma	Other	994	False
Q8MPP0	melanogaster subgroup	Metazoa	245	False
Q8MQ70	Caenorhabditis	Metazoa	846	False
Q8MQX9	melanogaster subgroup	Metazoa	1174	False
Q8MSU4	melanogaster subgroup	Metazoa	1165	False
Q8MT06	melanogaster subgroup	Metazoa	581	False
Q8MUF9	Dictyostelium	Other	649	False
Q8MUJ1	melanogaster subgroup	Metazoa	415	True
Q8MUM2	Toxoplasma	Other	568	True
Q8MXU4	Caenorhabditis	Metazoa	107	False
Q8N0S6	Homo	Metazoa	344	False
Q8N100	Homo	Metazoa	152	False
Q8N108	Homo	Metazoa	512	False
Q8N140	Homo	Metazoa	333	False
Q8N144	Homo	Metazoa	294	True
Q8N163	Homo	Metazoa	923	False
Q8N165	Homo	Metazoa	341	False
Q8N183	Homo	Metazoa	169	False
Q8N196	Homo	Metazoa	739	False
Q8N1F7	Homo	Metazoa	819	False
Q8N1G0	Homo	Metazoa	1237	False
Q8N1G1	Homo	Metazoa	1221	False
Q8N1G2	Homo	Metazoa	835	False
Q8N1I0	Homo	Metazoa	1966	False
Q8N1M1	Homo	Metazoa	668	True
Q8N1N2	Homo	Metazoa	184	True
Q8N1Q8	Homo	Metazoa	247	False
Q8N201	Homo	Metazoa	2190	False
Q8N205	Homo	Metazoa	404	False
Q8N257	Homo	Metazoa	126	False
Q8N2A8	Homo	Metazoa	252	True
Q8N2C7	Homo	Metazoa	3258	False
Q8N2F6	Homo	Metazoa	343	True
Q8N2I9	Homo	Metazoa	435	False
Q8N2W9	Homo	Metazoa	510	False
Q8N2Y8	Homo	Metazoa	1516	False
Q8N2Z9	Homo	Metazoa	138	False
Q8N370	Homo	Metazoa	569	True
Q8N371	Homo	Metazoa	416	False
Q8N3C0	Homo	Metazoa	2202	False
Q8N3E9	Homo	Metazoa	789	False
Q8N3F8	Homo	Metazoa	863	False
Q8N3I7	Homo	Metazoa	341	False
Q8N3J2	Homo	Metazoa	472	False
Q8N3J3	Homo	Metazoa	647	False
Q8N3J5	Homo	Metazoa	372	False
Q8N3R9	Homo	Metazoa	675	False
Q8N3U4	Homo	Metazoa	1231	False
Q8N3V7	Homo	Metazoa	929	False
Q8N3Z6	Homo	Metazoa	543	False
Q8N413	Homo	Metazoa	288	True
Q8N414	Homo	Metazoa	524	False
Q8N488	Homo	Metazoa	228	False
Q8N490	Homo	Metazoa	385	False
Q8N4E7	Homo	Metazoa	242	False
Q8N4F4	Homo	Metazoa	552	True
Q8N4H5	Homo	Metazoa	51	True
Q8N4J0	Homo	Metazoa	409	False
Q8N4L1	Homo	Metazoa	468	True
Q8N4Q1	Homo	Metazoa	142	False
Q8N4S9	Homo	Metazoa	558	False
Q8N4T8	Homo	Metazoa	237	False
Q8N543	Homo	Metazoa	542	False
Q8N573	Homo	Metazoa	874	False
Q8N5A5	Homo	Metazoa	531	False
Q8N5C6	Homo	Metazoa	995	False
Q8N5F7	Homo	Metazoa	415	False
Q8N5G0	Homo	Metazoa	67	True
Q8N5H7	Homo	Metazoa	860	False
Q8N5I2	Homo	Metazoa	433	False
Q8N5K1	Homo	Metazoa	135	True
Q8N5M1	Homo	Metazoa	289	False
Q8N5P1	Homo	Metazoa	291	False
Q8N5Y2	Homo	Metazoa	521	False
Q8N608	Homo	Metazoa	796	True
Q8N635	Homo	Metazoa	442	False
Q8N668	Homo	Metazoa	190	False
Q8N684	Homo	Metazoa	471	False
Q8N693	Homo	Metazoa	406	False
Q8N695	Homo	Metazoa	610	True
Q8N6F1	Homo	Metazoa	224	True
Q8N6F7	Homo	Metazoa	178	False
Q8N6I1	Homo	Metazoa	236	False
Q8N6L0	Homo	Metazoa	562	False
Q8N6R0	Homo	Metazoa	699	False
Q8N6T7	Homo	Metazoa	355	False
Q8N6U8	Homo	Metazoa	529	True
Q8N726	Homo	Metazoa	132	False
Q8N7H5	Homo	Metazoa	531	False
Q8N7J2	Homo	Metazoa	671	False
Q8N884	Homo	Metazoa	522	False
Q8N895	Homo	Metazoa	744	False
Q8N8E2	Homo	Metazoa	541	False
Q8N8E3	Homo	Metazoa	955	False
Q8N8Q3	Homo	Metazoa	282	False
Q8N8Q8	Homo	Metazoa	333	False
Q8N8R3	Homo	Metazoa	303	True
Q8N983	Homo	Metazoa	215	False
Q8N9A8	Homo	Metazoa	125	True
Q8N9F0	Homo	Metazoa	302	False
Q8N9I9	Homo	Metazoa	347	False
Q8N9L9	Homo	Metazoa	421	False
Q8N9M5	Homo	Metazoa	508	False
Q8N9N2	Homo	Metazoa	400	False
Q8N9N5	Homo	Metazoa	519	False
Q8N9N8	Homo	Metazoa	165	False
Q8N9R8	Homo	Metazoa	606	False
Q8NA29	Homo	Metazoa	543	True
Q8NA42	Homo	Metazoa	475	False
Q8NAG6	Homo	Metazoa	615	False
Q8NAN2	Homo	Metazoa	632	True
Q8NAP3	Homo	Metazoa	1195	False
Q8NAU1	Homo	Metazoa	260	False
Q8NAV1	Homo	Metazoa	312	False
Q8NB14	Homo	Metazoa	1042	False
Q8NB16	Homo	Metazoa	471	False
Q8NB49	Homo	Metazoa	1132	True
Q8NB78	Homo	Metazoa	822	False
Q8NB91	Homo	Metazoa	859	False
Q8NBA8	Homo	Metazoa	298	False
Q8NBF2	Homo	Metazoa	726	False
Q8NBI5	Homo	Metazoa	491	True
Q8NBN7	Homo	Metazoa	331	False
Q8NBS3	Homo	Metazoa	875	False
Q8NBT2	Homo	Metazoa	197	False
Q8NBU5	Homo	Metazoa	361	True
Q8NBZ0	Homo	Metazoa	244	False
Q8NC24	Homo	Metazoa	303	True
Q8NC51	Homo	Metazoa	408	False
Q8NC56	Homo	Metazoa	503	False
Q8NC60	Homo	Metazoa	698	False
Q8NCD3	Homo	Metazoa	748	False
Q8NCE0	Homo	Metazoa	465	False
Q8NCG7	Homo	Metazoa	672	True
Q8NCK7	Homo	Metazoa	447	True
Q8NCN4	Homo	Metazoa	708	False
Q8NCR6	Homo	Metazoa	262	False
Q8NCT1	Homo	Metazoa	418	False
Q8NCU7	Homo	Metazoa	369	False
Q8ND23	Homo	Metazoa	1372	False
Q8ND76	Homo	Metazoa	341	False
Q8ND90	Homo	Metazoa	353	False
Q8NDD1	Homo	Metazoa	293	False
Q8NDF8	Homo	Metazoa	572	False
Q8NDL9	Homo	Metazoa	886	False
Q8NDQ6	Homo	Metazoa	660	False
Q8NDT2	Homo	Metazoa	890	False
Q8NDX1	Homo	Metazoa	1056	False
Q8NDX5	Homo	Metazoa	983	False
Q8NDZ2	Homo	Metazoa	872	False
Q8NE09	Homo	Metazoa	1264	False
Q8NE35	Homo	Metazoa	698	False
Q8NE62	Homo	Metazoa	594	False
Q8NE71	Homo	Metazoa	845	False
Q8NE79	Homo	Metazoa	360	True
Q8NE86	Homo	Metazoa	351	False
Q8NEC5	Homo	Metazoa	780	False
Q8NEJ0	Homo	Metazoa	188	False
Q8NEJ9	Homo	Metazoa	315	False
Q8NEM7	Homo	Metazoa	779	False
Q8NER1	Homo	Metazoa	839	False
Q8NET8	Homo	Metazoa	790	False
Q8NEU8	Homo	Metazoa	664	False
Q8NEY8	Homo	Metazoa	458	False
Q8NEZ2	Homo	Metazoa	397	False
Q8NEZ4	Homo	Metazoa	4911	False
Q8NEZ5	Homo	Metazoa	403	False
Q8NF50	Homo	Metazoa	2099	False
Q8NF64	Homo	Metazoa	920	False
Q8NF91	Homo	Metazoa	8797	False
Q8NF99	Homo	Metazoa	534	False
Q8NFA2	Homo	Metazoa	376	False
Q8NFD5	Homo	Metazoa	2319	False
Q8NFF5	Homo	Metazoa	587	False
Q8NFG4	Homo	Metazoa	579	False
Q8NFH3	Homo	Metazoa	380	False
Q8NFH4	Homo	Metazoa	326	False
Q8NFH5	Homo	Metazoa	326	False
Q8NFJ5	Homo	Metazoa	357	True
Q8NFJ6	Homo	Metazoa	384	True
Q8NFJ9	Homo	Metazoa	593	False
Q8NFM4	Homo	Metazoa	1077	True
Q8NFN8	Homo	Metazoa	814	True
Q8NFQ8	Homo	Metazoa	470	False
Q8NFT2	Homo	Metazoa	490	False
Q8NFT6	Homo	Metazoa	615	False
Q8NFU0	Homo	Metazoa	473	True
Q8NFU1	Homo	Metazoa	509	True
Q8NFU5	Homo	Metazoa	416	False
Q8NFU7	Homo	Metazoa	2136	False
Q8NFV4	Homo	Metazoa	306	False
Q8NFW8	Homo	Metazoa	434	False
Q8NFZ0	Homo	Metazoa	1043	False
Q8NG08	Homo	Metazoa	1087	False
Q8NG11	Homo	Metazoa	270	True
Q8NG31	Homo	Metazoa	2342	False
Q8NG50	Homo	Metazoa	284	False
Q8NG66	Homo	Metazoa	645	False
Q8NG98	Homo	Metazoa	312	True
Q8NGC4	Homo	Metazoa	313	True
Q8NHC4	Homo	Metazoa	309	True
Q8NHG8	Homo	Metazoa	242	False
Q8NHM5	Homo	Metazoa	1336	False
Q8NHQ9	Homo	Metazoa	600	False
Q8NHS9	Homo	Metazoa	363	False
Q8NHU3	Homo	Metazoa	365	True
Q8NHV9	Homo	Metazoa	184	False
Q8NHW3	Homo	Metazoa	353	False
Q8NHY2	Homo	Metazoa	731	False
Q8NHZ7	Homo	Metazoa	208	False
Q8NI08	Homo	Metazoa	942	False
Q8NI27	Homo	Metazoa	1593	False
Q8NI35	Homo	Metazoa	1801	False
Q8NI36	Homo	Metazoa	895	False
Q8NI37	Homo	Metazoa	304	False
Q8NI51	Homo	Metazoa	663	False
Q8NI60	Homo	Metazoa	647	False
Q8NI77	Homo	Metazoa	898	False
Q8QFR4	Xenopus	Metazoa	211	False
Q8QG92	Xenopus	Metazoa	824	False
Q8QZV7	Mus	Metazoa	732	False
Q8QZY3	Mus	Metazoa	150	False
Q8R000	Mus	Metazoa	340	True
Q8R010	Mus	Metazoa	320	False
Q8R0S1	Mus	Metazoa	413	False
Q8R0W0	Mus	Metazoa	6548	False
Q8R0W1	Mus	Metazoa	432	False
Q8R104	Mus	Metazoa	334	False
Q8R107	Mus	Metazoa	217	False
Q8R139	Mus	Metazoa	528	True
Q8R151	Mus	Metazoa	1909	False
Q8R1B0	Mus	Metazoa	408	False
Q8R1B5	Mus	Metazoa	158	False
Q8R1B8	Mus	Metazoa	470	False
Q8R1F1	Mus	Metazoa	749	False
Q8R1H0	Mus	Metazoa	73	False
Q8R1I1	Mus	Metazoa	64	True
Q8R1N0	Mus	Metazoa	363	False
Q8R1R3	Mus	Metazoa	373	True
Q8R1S9	Mus	Metazoa	547	False
Q8R216	Mus	Metazoa	333	False
Q8R2H7	Rattus	Metazoa	913	False
Q8R2K4	Mus	Metazoa	616	False
Q8R2N1	Mus	Metazoa	292	True
Q8R2Q8	Mus	Metazoa	172	True
Q8R2Y0	Mus	Metazoa	336	True
Q8R2Z3	Mus	Metazoa	656	True
Q8R316	Mus	Metazoa	516	False
Q8R326	Mus	Metazoa	523	False
Q8R331	Mus	Metazoa	154	False
Q8R3C6	Mus	Metazoa	952	False
Q8R3K3	Mus	Metazoa	381	False
Q8R3L2	Mus	Metazoa	676	False
Q8R3N6	Mus	Metazoa	657	False
Q8R3P9	Mus	Metazoa	1054	False
Q8R3S2	Mus	Metazoa	283	True
Q8R3U1	Mus	Metazoa	162	False
Q8R400	Mus	Metazoa	80	True
Q8R426	Rattus	Metazoa	227	False
Q8R456	Rattus	Metazoa	474	True
Q8R4B8	Mus	Metazoa	1033	False
Q8R4D1	Mus	Metazoa	576	True
Q8R4D5	Mus	Metazoa	1104	False
Q8R4E9	Mus	Metazoa	557	False
Q8R4F0	Mus	Metazoa	553	True
Q8R4H9	Mus	Metazoa	761	True
Q8R4L0	Mus	Metazoa	259	False
Q8R4N0	Mus	Metazoa	338	False
Q8R4P5	Mus	Metazoa	757	False
Q8R4T1	Mus	Metazoa	145	False
Q8R4T5	Rattus	Metazoa	394	False
Q8R4T9	Mus	Metazoa	930	False
Q8R4U1	Mus	Metazoa	393	False
Q8R4Z9	Rattus	Metazoa	741	False
Q8R500	Rattus	Metazoa	757	False
Q8R502	Mus	Metazoa	803	True
Q8R507	Mus	Metazoa	461	True
Q8R526	Mus	Metazoa	2615	False
Q8R537	Cricetulus	Metazoa	318	False
Q8R560	Rattus	Metazoa	319	False
Q8R5A0	Mus	Metazoa	433	False
Q8R5A3	Mus	Metazoa	670	False
Q8R5G7	Mus	Metazoa	1538	False
Q8R5I7	Rattus	Metazoa	938	False
Q8RW96	Arabidopsis	Plants	522	False
Q8RWE8	Arabidopsis	Plants	442	False
Q8RWG1	Arabidopsis	Plants	682	False
Q8RWG2	Arabidopsis	Plants	652	False
Q8RWH9	Arabidopsis	Plants	513	False
Q8RWI0	Arabidopsis	Plants	391	True
Q8RWL4	Arabidopsis	Plants	349	False
Q8RWL6	Arabidopsis	Plants	570	False
Q8RWN0	Arabidopsis	Plants	571	False
Q8RWN5	Arabidopsis	Plants	310	False
Q8RWN9	Arabidopsis	Plants	539	False
Q8RWR1	Arabidopsis	Plants	429	False
Q8RWS0	Arabidopsis	Plants	124	False
Q8RWS4	Arabidopsis	Plants	444	False
Q8RWV0	Arabidopsis	Plants	741	False
Q8RWV3	Arabidopsis	Plants	416	False
Q8RWV8	Arabidopsis	Plants	442	False
Q8RWX4	Arabidopsis	Plants	611	False
Q8RWY3	Arabidopsis	Plants	1056	False
Q8RWZ6	Arabidopsis	Plants	616	True
Q8RX26	Arabidopsis	Plants	367	False
Q8RX28	Arabidopsis	Plants	660	False
Q8RX77	Arabidopsis	Plants	620	True
Q8RX78	Arabidopsis	Plants	684	False
Q8RXA7	Arabidopsis	Plants	1187	False
Q8RXD3	Arabidopsis	Plants	310	False
Q8RXD4	Arabidopsis	Plants	941	False
Q8RXD6	Arabidopsis	Plants	878	False
Q8RXD9	Arabidopsis	Plants	955	False
Q8RXN0	Arabidopsis	Plants	703	False
Q8RXN3	Arabidopsis	Plants	408	False
Q8RXN6	Arabidopsis	Plants	485	False
Q8RY16	Arabidopsis	Plants	941	False
Q8RY59	Arabidopsis	Plants	589	False
Q8RY71	Arabidopsis	Plants	341	False
Q8RY73	Arabidopsis	Plants	544	False
Q8RY95	Arabidopsis	Plants	1035	False
Q8RYC8	Arabidopsis	Plants	1086	False
Q8RZ35	Oryza sativa	Plants	388	False
Q8S1D9	Oryza sativa	Plants	435	False
Q8S307	Arabidopsis	Plants	336	False
Q8S3N1	Arabidopsis	Plants	309	False
Q8S3U9	Arabidopsis	Plants	1090	False
Q8S4F6	Arabidopsis	Plants	510	False
Q8S4Q6	Arabidopsis	Plants	202	False
Q8S4Y1	Arabidopsis	Plants	403	False
Q8S8E3	Arabidopsis	Plants	215	False
Q8S8K8	Arabidopsis	Plants	152	True
Q8S8P5	Arabidopsis	Plants	519	False
Q8S944	Arabidopsis	Plants	808	False
Q8S948	Arabidopsis	Plants	406	False
Q8S950	Nicotiana	Plants	959	False
Q8S9G8	Arabidopsis	Plants	801	False
Q8S9J1	Arabidopsis	Plants	508	False
Q8S9K3	Arabidopsis	Plants	758	False
Q8SAB7	Arabidopsis	Plants	1830	False
Q8ST83	melanogaster subgroup	Metazoa	520	False
Q8SWX0	melanogaster subgroup	Metazoa	167	False
Q8SX37	melanogaster subgroup	Metazoa	224	True
Q8SX83	melanogaster subgroup	Metazoa	5560	False
Q8SYK5	melanogaster subgroup	Metazoa	376	False
Q8T053	melanogaster subgroup	Metazoa	434	False
Q8T062	melanogaster subgroup	Metazoa	1040	True
Q8T0D4	melanogaster subgroup	Metazoa	299	False
Q8T0G4	melanogaster subgroup	Metazoa	629	False
Q8T0S6	melanogaster subgroup	Metazoa	669	False
Q8T498	melanogaster subgroup	Metazoa	1580	False
Q8T6B9	melanogaster subgroup	Metazoa	637	False
Q8T8E5	Trypanosoma brucei	Other	353	False
Q8TAA5	Homo	Metazoa	225	False
Q8TAC2	Homo	Metazoa	188	False
Q8TAC9	Homo	Metazoa	235	True
Q8TAD4	Homo	Metazoa	765	True
Q8TAD8	Homo	Metazoa	396	False
Q8TAE7	Homo	Metazoa	436	False
Q8TAE8	Homo	Metazoa	222	False
Q8TAF3	Homo	Metazoa	677	False
Q8TAM2	Homo	Metazoa	541	False
Q8TAP9	Homo	Metazoa	179	False
Q8TAQ2	Homo	Metazoa	1214	False
Q8TAS1	Homo	Metazoa	419	False
Q8TAT5	Homo	Metazoa	605	False
Q8TAX9	Homo	Metazoa	416	True
Q8TB36	Homo	Metazoa	358	False
Q8TB37	Homo	Metazoa	319	False
Q8TB68	Homo	Metazoa	274	True
Q8TB92	Homo	Metazoa	370	False
Q8TBE0	Homo	Metazoa	780	False
Q8TBE7	Homo	Metazoa	412	False
Q8TBF4	Homo	Metazoa	217	False
Q8TBK2	Homo	Metazoa	473	False
Q8TBM8	Homo	Metazoa	379	False
Q8TBZ3	Homo	Metazoa	569	False
Q8TBZ6	Homo	Metazoa	339	False
Q8TC05	Homo	Metazoa	714	False
Q8TC26	Homo	Metazoa	289	True
Q8TC71	Homo	Metazoa	538	False
Q8TC84	Homo	Metazoa	345	False
Q8TC92	Homo	Metazoa	643	False
Q8TCB7	Homo	Metazoa	284	False
Q8TCC7	Homo	Metazoa	542	True
Q8TCE9	Homo	Metazoa	139	False
Q8TCG2	Homo	Metazoa	481	False
Q8TCJ0	Homo	Metazoa	367	False
Q8TCQ1	Homo	Metazoa	289	False
Q8TCS8	Homo	Metazoa	783	False
Q8TCT0	Homo	Metazoa	537	False
Q8TCU6	Homo	Metazoa	1659	False
Q8TCY5	Homo	Metazoa	172	True
Q8TCY9	Homo	Metazoa	931	False
Q8TD08	Homo	Metazoa	544	False
Q8TD16	Homo	Metazoa	824	False
Q8TD19	Homo	Metazoa	979	False
Q8TD22	Homo	Metazoa	340	False
Q8TD26	Homo	Metazoa	2715	False
Q8TD31	Homo	Metazoa	782	False
Q8TD43	Homo	Metazoa	1214	False
Q8TDB4	Homo	Metazoa	240	True
Q8TDB6	Homo	Metazoa	740	False
Q8TDB8	Homo	Metazoa	520	True
Q8TDC3	Homo	Metazoa	778	False
Q8TDD1	Homo	Metazoa	881	False
Q8TDD5	Homo	Metazoa	553	True
Q8TDF6	Homo	Metazoa	673	False
Q8TDG2	Homo	Metazoa	376	False
Q8TDG4	Homo	Metazoa	1101	False
Q8TDI0	Homo	Metazoa	1954	False
Q8TDM6	Homo	Metazoa	1919	False
Q8TDN1	Homo	Metazoa	519	False
Q8TDN2	Homo	Metazoa	545	False
Q8TDR2	Homo	Metazoa	534	False
Q8TDR4	Homo	Metazoa	215	False
Q8TDS4	Homo	Metazoa	363	True
Q8TDS7	Homo	Metazoa	321	True
Q8TDT2	Homo	Metazoa	470	True
Q8TDU6	Homo	Metazoa	330	True
Q8TDW0	Homo	Metazoa	803	True
Q8TDX9	Homo	Metazoa	2849	False
Q8TDY2	Homo	Metazoa	1594	False
Q8TE02	Homo	Metazoa	300	False
Q8TE04	Homo	Metazoa	598	False
Q8TE54	Homo	Metazoa	656	True
Q8TE85	Homo	Metazoa	626	False
Q8TEA8	Homo	Metazoa	209	False
Q8TEB9	Homo	Metazoa	315	True
Q8TEC5	Homo	Metazoa	729	False
Q8TED0	Homo	Metazoa	518	False
Q8TEH3	Homo	Metazoa	1009	False
Q8TEK3	Homo	Metazoa	1537	False
Q8TEQ6	Homo	Metazoa	1508	False
Q8TEU7	Homo	Metazoa	1601	False
Q8TEV9	Homo	Metazoa	937	False
Q8TEW0	Homo	Metazoa	1356	False
Q8TEX9	Homo	Metazoa	1081	False
Q8TEY5	Homo	Metazoa	395	False
Q8TEZ7	Homo	Metazoa	354	True
Q8TF01	Homo	Metazoa	805	False
Q8TF40	Homo	Metazoa	1166	False
Q8TF62	Homo	Metazoa	1192	True
Q8TF63	Homo	Metazoa	244	False
Q8TF71	Homo	Metazoa	515	True
Q8TF76	Homo	Metazoa	798	False
Q8TGV2	Exophiala	Fungi	1885	False
Q8UUZ1	Danio	Metazoa	359	False
Q8UVD9	Gallus	Metazoa	769	False
Q8UVQ4	Xenopus	Metazoa	701	False
Q8VBU8	Mus	Metazoa	548	False
Q8VBV4	Mus	Metazoa	710	False
Q8VBX6	Mus	Metazoa	2055	False
Q8VC49	Mus	Metazoa	283	False
Q8VC56	Mus	Metazoa	488	False
Q8VC69	Mus	Metazoa	545	True
Q8VCA0	Mus	Metazoa	551	True
Q8VCF0	Mus	Metazoa	503	False
Q8VCM2	Mus	Metazoa	349	False
Q8VCX5	Mus	Metazoa	477	False
Q8VDB9	Mus	Metazoa	592	True
Q8VDD9	Mus	Metazoa	1821	False
Q8VDF2	Mus	Metazoa	782	False
Q8VDK1	Mus	Metazoa	323	False
Q8VDL9	Mus	Metazoa	521	False
Q8VDN2	Mus	Metazoa	1023	False
Q8VDP2	Mus	Metazoa	222	False
Q8VDP4	Mus	Metazoa	922	False
Q8VDQ8	Mus	Metazoa	389	False
Q8VDS3	Mus	Metazoa	158	False
Q8VDU0	Mus	Metazoa	679	False
Q8VDW4	Mus	Metazoa	151	False
Q8VDY4	Mus	Metazoa	628	False
Q8VDZ4	Mus	Metazoa	715	True
Q8VE01	Mus	Metazoa	188	False
Q8VE11	Mus	Metazoa	617	False
Q8VE70	Mus	Metazoa	212	False
Q8VEB1	Mus	Metazoa	590	False
Q8VEC4	Mus	Metazoa	323	True
Q8VEE1	Mus	Metazoa	365	False
Q8VEF1	Mus	Metazoa	722	False
Q8VEH6	Mus	Metazoa	393	False
Q8VEK0	Mus	Metazoa	364	True
Q8VEK3	Mus	Metazoa	800	False
Q8VFT4	Mus	Metazoa	313	True
Q8VGC3	Rattus	Metazoa	655	False
Q8VGS3	Mus	Metazoa	310	True
Q8VHH7	Mus	Metazoa	1145	True
Q8VHK0	Rattus	Metazoa	320	False
Q8VHK9	Mus	Metazoa	1001	False
Q8VHL0	Mus	Metazoa	384	True
Q8VHQ2	Mus	Metazoa	579	False
Q8VHT6	Rattus	Metazoa	369	False
Q8VHV7	Rattus	Metazoa	449	False
Q8VHW2	Mus	Metazoa	423	True
Q8VHW8	Rattus	Metazoa	275	True
Q8VI64	Mus	Metazoa	283	True
Q8VI67	Mus	Metazoa	428	False
Q8VIE6	Mus	Metazoa	465	True
Q8VIG1	Mus	Metazoa	1082	False
Q8VIH1	Mus	Metazoa	527	False
Q8VII6	Rattus	Metazoa	656	True
Q8VII8	Mus	Metazoa	978	False
Q8VIJ5	Rattus	Metazoa	916	False
Q8VIJ6	Mus	Metazoa	699	False
Q8VIM4	Mus	Metazoa	307	True
Q8VIM5	Mus	Metazoa	935	False
Q8VWF1	Arabidopsis	Plants	368	False
Q8VWG3	Arabidopsis	Plants	303	False
Q8VWJ1	Arabidopsis	Plants	393	False
Q8VWK0	Arabidopsis	Plants	442	False
Q8VWK4	Arabidopsis	Plants	300	False
Q8VXV7	Arabidopsis	Plants	844	False
Q8VY06	Arabidopsis	Plants	1080	False
Q8VY15	Arabidopsis	Plants	899	False
Q8VY16	Arabidopsis	Plants	819	False
Q8VY21	Arabidopsis	Plants	406	False
Q8VY26	Arabidopsis	Plants	570	False
Q8VY27	Arabidopsis	Plants	636	False
Q8VY74	Arabidopsis	Plants	333	False
Q8VY77	Arabidopsis	Plants	91	True
Q8VY80	Arabidopsis	Plants	147	False
Q8VY88	Arabidopsis	Plants	175	False
Q8VYA5	Arabidopsis	Plants	290	False
Q8VYB9	Arabidopsis	Plants	840	False
Q8VYD4	Arabidopsis	Plants	867	True
Q8VYF7	Arabidopsis	Plants	238	False
Q8VYI0	Arabidopsis	Plants	98	False
Q8VYJ1	Arabidopsis	Plants	560	True
Q8VYJ2	Arabidopsis	Plants	356	False
Q8VYL1	Arabidopsis	Plants	588	False
Q8VYM2	Arabidopsis	Plants	524	True
Q8VYP0	Arabidopsis	Plants	334	False
Q8VYR7	Arabidopsis	Plants	704	True
Q8VYS2	Arabidopsis	Plants	890	False
Q8VYU8	Arabidopsis	Plants	396	False
Q8VYW1	Arabidopsis	Plants	741	False
Q8VYZ0	Arabidopsis	Plants	645	False
Q8VYZ5	Arabidopsis	Plants	900	False
Q8VZ10	Arabidopsis	Plants	1055	False
Q8VZ20	Arabidopsis	Plants	314	False
Q8VZ80	Arabidopsis	Plants	539	True
Q8VZ87	Arabidopsis	Plants	267	False
Q8VZA0	Arabidopsis	Plants	936	False
Q8VZB2	Arabidopsis	Plants	221	True
Q8VZD4	Arabidopsis	Plants	709	False
Q8VZF1	Arabidopsis	Plants	569	False
Q8VZI9	Arabidopsis	Plants	249	False
Q8VZJ1	Arabidopsis	Plants	379	False
Q8VZK0	Arabidopsis	Plants	267	False
Q8VZS0	Arabidopsis	Plants	321	True
Q8VZS3	Arabidopsis	Plants	354	False
Q8VZS8	Arabidopsis	Plants	221	False
Q8VZS9	Arabidopsis	Plants	475	False
Q8VZU2	Arabidopsis	Plants	304	False
Q8VZV9	Arabidopsis	Plants	161	False
Q8W104	Arabidopsis	Plants	593	False
Q8W117	Arabidopsis	Plants	511	False
Q8W191	Arabidopsis	Plants	149	False
Q8W1E3	Arabidopsis	Plants	298	False
Q8W1Y3	Arabidopsis	Plants	1087	False
Q8W234	Arabidopsis	Plants	877	False
Q8W2F3	Arabidopsis	Plants	430	False
Q8W420	Arabidopsis	Plants	611	False
Q8W489	Arabidopsis	Plants	865	False
Q8W493	Arabidopsis	Plants	369	False
Q8W4B1	Arabidopsis	Plants	652	False
Q8W4B2	Arabidopsis	Plants	333	False
Q8W4D0	Arabidopsis	Plants	631	False
Q8W4D6	Arabidopsis	Plants	598	False
Q8W4D8	Arabidopsis	Plants	314	False
Q8W4E1	Arabidopsis	Plants	551	False
Q8W4E7	Arabidopsis	Plants	598	False
Q8W4I6	Arabidopsis	Plants	660	False
Q8W4I7	Arabidopsis	Plants	528	False
Q8W4J8	Arabidopsis	Plants	267	False
Q8W4J9	Arabidopsis	Plants	908	False
Q8W4L3	Arabidopsis	Plants	489	False
Q8W4L5	Arabidopsis	Plants	790	False
Q8W4Q4	Arabidopsis	Plants	702	False
Q8W575	Arabidopsis	Plants	429	False
Q8W585	Arabidopsis	Plants	685	False
Q8W586	Arabidopsis	Plants	379	False
Q8W593	Arabidopsis	Plants	350	False
Q8W5B1	Arabidopsis	Plants	440	False
Q8W5S1	Arabidopsis	Plants	336	False
Q8WNV7	Sus	Metazoa	279	False
Q8WQC9	Caenorhabditis	Metazoa	712	False
Q8WQL7	Caenorhabditis	Metazoa	882	False
Q8WQX5	Trypanosoma brucei	Other	976	False
Q8WQX6	lizard Leishmania	Other	1120	False
Q8WSR3	Ascaris	Metazoa	645	False
Q8WT44	Caenorhabditis	Metazoa	1178	False
Q8WTP8	Homo	Metazoa	325	False
Q8WTR4	Homo	Metazoa	605	True
Q8WTR7	Homo	Metazoa	871	False
Q8WTT0	Homo	Metazoa	213	True
Q8WTT2	Homo	Metazoa	800	False
Q8WTV0	Homo	Metazoa	552	True
Q8WTX7	Homo	Metazoa	329	False
Q8WU08	Homo	Metazoa	396	False
Q8WU10	Homo	Metazoa	500	False
Q8WUA4	Homo	Metazoa	911	False
Q8WUF5	Homo	Metazoa	828	False
Q8WUG5	Homo	Metazoa	649	False
Q8WUI4	Homo	Metazoa	952	False
Q8WUJ0	Homo	Metazoa	223	False
Q8WUM0	Homo	Metazoa	1156	False
Q8WUM9	Homo	Metazoa	679	True
Q8WUQ7	Homo	Metazoa	758	False
Q8WUU5	Homo	Metazoa	269	False
Q8WUU8	Homo	Metazoa	243	True
Q8WUX9	Homo	Metazoa	453	False
Q8WV22	Homo	Metazoa	266	False
Q8WV24	Homo	Metazoa	401	False
Q8WV28	Homo	Metazoa	456	False
Q8WV41	Homo	Metazoa	574	False
Q8WV44	Homo	Metazoa	630	False
Q8WV93	Homo	Metazoa	481	False
Q8WVB6	Homo	Metazoa	975	False
Q8WVC0	Homo	Metazoa	666	False
Q8WVE7	Homo	Metazoa	144	True
Q8WVF1	Homo	Metazoa	389	False
Q8WVJ9	Homo	Metazoa	160	False
Q8WVM0	Homo	Metazoa	346	False
Q8WVM7	Homo	Metazoa	1258	False
Q8WVQ1	Homo	Metazoa	401	True
Q8WVT3	Homo	Metazoa	735	False
Q8WVX9	Homo	Metazoa	515	False
Q8WVY7	Homo	Metazoa	318	False
Q8WW12	Homo	Metazoa	178	False
Q8WW38	Homo	Metazoa	1151	False
Q8WWC4	Homo	Metazoa	291	False
Q8WWH5	Homo	Metazoa	349	False
Q8WWI5	Homo	Metazoa	657	True
Q8WWL7	Homo	Metazoa	1395	False
Q8WWM7	Homo	Metazoa	1075	False
Q8WWM9	Homo	Metazoa	190	False
Q8WWQ0	Homo	Metazoa	1821	False
Q8WWR8	Homo	Metazoa	484	False
Q8WWT9	Homo	Metazoa	602	True
Q8WWV3	Homo	Metazoa	396	False
Q8WWY3	Homo	Metazoa	499	False
Q8WWY6	Homo	Metazoa	194	False
Q8WX92	Homo	Metazoa	628	False
Q8WXA9	Homo	Metazoa	508	False
Q8WXC6	Homo	Metazoa	57	False
Q8WXD0	Homo	Metazoa	754	False
Q8WXD5	Homo	Metazoa	167	False
Q8WXE1	Homo	Metazoa	791	False
Q8WXF1	Homo	Metazoa	523	False
Q8WXF8	Homo	Metazoa	326	False
Q8WXG1	Homo	Metazoa	361	False
Q8WXG6	Homo	Metazoa	1647	False
Q8WXH0	Homo	Metazoa	6885	False
Q8WXI3	Homo	Metazoa	467	False
Q8WXI4	Homo	Metazoa	607	False
Q8WXI7	Homo	Metazoa	14507	False
Q8WXI8	Homo	Metazoa	215	True
Q8WXI9	Homo	Metazoa	593	False
Q8WXU2	Homo	Metazoa	420	False
Q8WXW3	Homo	Metazoa	757	False
Q8WXX5	Homo	Metazoa	260	False
Q8WXX7	Homo	Metazoa	1259	False
Q8WY07	Homo	Metazoa	619	True
Q8WY54	Homo	Metazoa	755	False
Q8WY64	Homo	Metazoa	445	False
Q8WY91	Homo	Metazoa	577	False
Q8WYA1	Homo	Metazoa	636	False
Q8WYA6	Homo	Metazoa	563	False
Q8WYH8	Homo	Metazoa	240	False
Q8WYK0	Homo	Metazoa	555	False
Q8WYP5	Homo	Metazoa	2266	False
Q8WYQ3	Homo	Metazoa	142	False
Q8WYQ5	Homo	Metazoa	773	False
Q8WZ19	Homo	Metazoa	329	False
Q8WZ42	Homo	Metazoa	34350	False
Q8WZ55	Homo	Metazoa	320	True
Q8WZ73	Homo	Metazoa	363	False
Q8WZM3	Candida	Fungi	386	False
Q90477	Danio	Metazoa	275	False
Q90X64	Xenopus	Metazoa	521	False
Q90Z72	Gallus	Metazoa	458	False
Q90Z80	Xenopus	Metazoa	392	False
Q90ZA1	Xenopus	Metazoa	631	False
Q90ZE2	Danio	Metazoa	589	False
Q91550	Xenopus	Metazoa	897	False
Q91790	Xenopus	Metazoa	369	False
Q91821	Xenopus	Metazoa	651	False
Q91876	Xenopus	Metazoa	720	False
Q91898	Xenopus	Metazoa	187	False
Q91V08	Mus	Metazoa	207	True
Q91V10	Mus	Metazoa	363	False
Q91V14	Mus	Metazoa	1138	False
Q91V24	Mus	Metazoa	2159	True
Q91VA0	Mus	Metazoa	573	False
Q91VB2	Mus	Metazoa	477	False
Q91VD9	Mus	Metazoa	727	False
Q91VH1	Mus	Metazoa	375	False
Q91VJ1	Mus	Metazoa	354	False
Q91VJ2	Mus	Metazoa	260	False
Q91VJ5	Mus	Metazoa	263	False
Q91VL8	Mus	Metazoa	393	False
Q91VN1	Mus	Metazoa	368	False
Q91VR5	Mus	Metazoa	740	False
Q91W40	Mus	Metazoa	508	False
Q91WA1	Mus	Metazoa	278	False
Q91WB2	Mus	Metazoa	271	False
Q91WC0	Mus	Metazoa	594	False
Q91WD2	Mus	Metazoa	767	False
Q91WD5	Mus	Metazoa	463	False
Q91WK7	Mus	Metazoa	299	False
Q91WL8	Mus	Metazoa	414	False
Q91WN3	Mus	Metazoa	478	True
Q91WS0	Mus	Metazoa	108	True
Q91WS2	Mus	Metazoa	869	False
Q91WU2	Mus	Metazoa	540	True
Q91WV7	Mus	Metazoa	685	True
Q91WW3	Mus	Metazoa	302	True
Q91WZ8	Mus	Metazoa	352	False
Q91X44	Mus	Metazoa	623	False
Q91X52	Mus	Metazoa	244	False
Q91X56	Mus	Metazoa	400	True
Q91X84	Mus	Metazoa	619	False
Q91X85	Mus	Metazoa	551	False
Q91XB0	Mus	Metazoa	314	False
Q91XC0	Mus	Metazoa	547	False
Q91XD2	Mus	Metazoa	341	False
Q91XE4	Mus	Metazoa	318	False
Q91XJ0	Rattus	Metazoa	401	False
Q91XS8	Rattus	Metazoa	371	False
Q91XT9	Rattus	Metazoa	761	True
Q91XU0	Mus	Metazoa	660	False
Q91XV3	Mus	Metazoa	226	False
Q91XW8	Mus	Metazoa	327	False
Q91Y44	Mus	Metazoa	956	False
Q91Y55	Rattus	Metazoa	235	True
Q91Y77	Rattus	Metazoa	514	True
Q91Y80	Rattus	Metazoa	457	False
Q91Y86	Mus	Metazoa	384	False
Q91YD4	Mus	Metazoa	1506	False
Q91YD9	Mus	Metazoa	501	False
Q91YE2	Mus	Metazoa	419	False
Q91YE5	Mus	Metazoa	1889	False
Q91YE8	Mus	Metazoa	1087	False
Q91YH6	Mus	Metazoa	513	False
Q91YI1	Mus	Metazoa	516	False
Q91YI4	Mus	Metazoa	410	False
Q91YI6	Mus	Metazoa	484	False
Q91YM2	Mus	Metazoa	1499	False
Q91YR5	Mus	Metazoa	698	False
Q91YT0	Mus	Metazoa	464	False
Q91YT7	Mus	Metazoa	579	False
Q91YT8	Mus	Metazoa	804	True
Q91YX0	Mus	Metazoa	663	False
Q91Z31	Mus	Metazoa	531	False
Q91Z67	Mus	Metazoa	1071	False
Q91ZD4	Mus	Metazoa	521	False
Q91ZE0	Mus	Metazoa	421	False
Q91ZP3	Mus	Metazoa	924	False
Q91ZR5	Mus	Metazoa	686	False
Q91ZU6	Mus	Metazoa	7393	False
Q91ZW3	Mus	Metazoa	1051	False
Q91ZW6	Rattus	Metazoa	421	False
Q91ZX6	Mus	Metazoa	588	False
Q920A7	Mus	Metazoa	789	False
Q920B6	Rattus	Metazoa	426	True
Q920B9	Mus	Metazoa	1047	False
Q920D2	Rattus	Metazoa	187	False
Q920F5	Rattus	Metazoa	492	False
Q920F6	Mus	Metazoa	1248	False
Q920G2	Rattus	Metazoa	337	False
Q920M9	Rattus	Metazoa	282	False
Q920N5	Cricetulus	Metazoa	640	False
Q920Q0	Rattus	Metazoa	383	False
Q920Q2	Mus	Metazoa	1249	False
Q920Q8	Mus	Metazoa	642	False
Q920R6	Mus	Metazoa	833	False
Q92186	Homo	Metazoa	375	True
Q921A2	Rattus	Metazoa	637	True
Q921B4	Mus	Metazoa	824	False
Q921C3	Mus	Metazoa	2304	False
Q921D9	Mus	Metazoa	618	False
Q921E6	Mus	Metazoa	441	False
Q921N8	Mus	Metazoa	327	False
Q921W0	Mus	Metazoa	196	False
Q92207	Candida albicans	Fungi	377	False
Q92265	Komagataella	Fungi	419	True
Q922B6	Mus	Metazoa	594	False
Q922J9	Mus	Metazoa	515	False
Q922R5	Mus	Metazoa	820	False
Q922S4	Mus	Metazoa	939	False
Q92317	Saccharomyces cerevisiae	Fungi	146	False
Q92341	Schizosaccharomyces pombe	Fungi	630	True
Q92351	Schizosaccharomyces pombe	Fungi	1208	False
Q92355	Schizosaccharomyces pombe	Fungi	1687	False
Q92372	Schizosaccharomyces pombe	Fungi	609	False
Q92373	Schizosaccharomyces pombe	Fungi	279	False
Q923B3	Mus	Metazoa	828	False
Q923B6	Mus	Metazoa	470	False
Q923D5	Mus	Metazoa	641	False
Q923E4	Mus	Metazoa	737	False
Q923I7	Mus	Metazoa	670	True
Q923J1	Mus	Metazoa	1863	False
Q923K9	Rattus	Metazoa	594	False
Q923M1	Rattus	Metazoa	233	False
Q923S6	Mus	Metazoa	574	False
Q923W1	Mus	Metazoa	853	False
Q923X4	Mus	Metazoa	156	False
Q923Y8	Mus	Metazoa	332	True
Q92466	Homo	Metazoa	427	False
Q92478	Homo	Metazoa	149	True
Q92482	Homo	Metazoa	292	True
Q92499	Homo	Metazoa	740	False
Q924A5	Rattus	Metazoa	475	True
Q924C5	Mus	Metazoa	1680	False
Q924H7	Mus	Metazoa	646	False
Q924K8	Mus	Metazoa	591	False
Q924L1	Mus	Metazoa	360	False
Q924N4	Mus	Metazoa	1150	False
Q924S7	Mus	Metazoa	410	False
Q924S8	Mus	Metazoa	444	False
Q924W5	Mus	Metazoa	1097	False
Q924W6	Mus	Metazoa	1344	False
Q92506	Homo	Metazoa	261	False
Q92508	Homo	Metazoa	2521	True
Q92522	Homo	Metazoa	213	False
Q92536	Homo	Metazoa	515	True
Q92540	Homo	Metazoa	1137	False
Q92546	Homo	Metazoa	391	False
Q92547	Homo	Metazoa	1522	False
Q92551	Homo	Metazoa	441	False
Q92552	Homo	Metazoa	414	False
Q92556	Homo	Metazoa	727	False
Q92560	Homo	Metazoa	729	False
Q92564	Homo	Metazoa	292	False
Q92565	Homo	Metazoa	580	False
Q92574	Homo	Metazoa	1164	False
Q92575	Homo	Metazoa	508	False
Q92581	Homo	Metazoa	701	True
Q92585	Homo	Metazoa	1016	False
Q92597	Homo	Metazoa	394	False
Q925F4	Mus	Metazoa	539	False
Q925G0	Rattus	Metazoa	155	False
Q925G1	Rattus	Metazoa	669	False
Q925H0	Mus	Metazoa	512	True
Q925H1	Mus	Metazoa	1281	False
Q925J9	Mus	Metazoa	1575	False
Q925K9	Mus	Metazoa	273	False
Q925N4	Mus	Metazoa	235	True
Q92615	Homo	Metazoa	738	False
Q92619	Homo	Metazoa	1136	False
Q92620	Homo	Metazoa	1227	False
Q92621	Homo	Metazoa	2012	False
Q92624	Homo	Metazoa	585	False
Q92629	Homo	Metazoa	289	True
Q92630	Homo	Metazoa	601	False
Q92633	Homo	Metazoa	364	True
Q92674	Homo	Metazoa	756	False
Q92681	Homo	Metazoa	617	False
Q92688	Homo	Metazoa	251	False
Q92698	Homo	Metazoa	747	False
Q92730	Homo	Metazoa	232	False
Q92731	Homo	Metazoa	530	False
Q92733	Homo	Metazoa	491	False
Q92737	Homo	Metazoa	203	False
Q92748	Homo	Metazoa	146	False
Q92750	Homo	Metazoa	862	False
Q92753	Homo	Metazoa	470	False
Q92754	Homo	Metazoa	450	False
Q92759	Homo	Metazoa	462	False
Q92766	Homo	Metazoa	1687	False
Q92769	Homo	Metazoa	488	False
Q92772	Homo	Metazoa	493	False
Q92785	Homo	Metazoa	391	False
Q92793	Homo	Metazoa	2442	False
Q92794	Homo	Metazoa	2004	False
Q92797	Homo	Metazoa	1274	False
Q92800	Homo	Metazoa	747	False
Q92804	Homo	Metazoa	592	False
Q92819	Homo	Metazoa	552	True
Q92826	Homo	Metazoa	284	False
Q92830	Homo	Metazoa	837	False
Q92831	Homo	Metazoa	832	False
Q92833	Homo	Metazoa	1246	False
Q92841	Homo	Metazoa	729	False
Q92843	Homo	Metazoa	193	False
Q92847	Homo	Metazoa	366	True
Q92878	Homo	Metazoa	1312	False
Q92879	Homo	Metazoa	486	False
Q92887	Homo	Metazoa	1545	True
Q92889	Homo	Metazoa	916	False
Q92900	Homo	Metazoa	1129	False
Q92905	Homo	Metazoa	334	False
Q92908	Homo	Metazoa	595	False
Q92911	Homo	Metazoa	643	True
Q92913	Homo	Metazoa	245	False
Q92917	Homo	Metazoa	476	False
Q92922	Homo	Metazoa	1105	False
Q92934	Homo	Metazoa	168	False
Q92945	Homo	Metazoa	711	False
Q92947	Homo	Metazoa	438	False
Q92959	Homo	Metazoa	643	True
Q92963	Homo	Metazoa	219	False
Q92966	Homo	Metazoa	411	False
Q92968	Homo	Metazoa	403	False
Q92973	Homo	Metazoa	898	False
Q92974	Homo	Metazoa	986	False
Q92979	Homo	Metazoa	244	False
Q92982	Homo	Metazoa	152	True
Q92985	Homo	Metazoa	503	False
Q92988	Homo	Metazoa	240	False
Q92989	Homo	Metazoa	425	False
Q92993	Homo	Metazoa	513	False
Q93008	Homo	Metazoa	2554	False
Q93009	Homo	Metazoa	1102	False
Q93015	Homo	Metazoa	286	False
Q93034	Homo	Metazoa	780	False
Q93052	Homo	Metazoa	612	False
Q93062	Homo	Metazoa	196	False
Q93077	Homo	Metazoa	130	False
Q93079	Homo	Metazoa	126	False
Q93084	Homo	Metazoa	999	True
Q93086	Homo	Metazoa	444	True
Q93092	Mus	Metazoa	337	False
Q93096	Homo	Metazoa	173	False
Q93227	Caenorhabditis	Metazoa	431	False
Q93246	Caenorhabditis	Metazoa	310	False
Q93356	Caenorhabditis	Metazoa	278	False
Q93454	Caenorhabditis	Metazoa	373	False
Q93560	Caenorhabditis	Metazoa	817	False
Q93654	Caenorhabditis	Metazoa	245	False
Q93725	Caenorhabditis	Metazoa	77	False
Q93V47	Arabidopsis	Plants	100	False
Q93V58	Arabidopsis	Plants	396	False
Q93V66	Arabidopsis	Plants	226	False
Q93VB2	Arabidopsis	Plants	425	False
Q93VD3	Arabidopsis	Plants	482	False
Q93VM9	Arabidopsis	Plants	599	False
Q93VP3	Arabidopsis	Plants	159	False
Q93VT9	Arabidopsis	Plants	220	False
Q93W20	Arabidopsis	Plants	235	False
Q93WC9	Arabidopsis	Plants	336	False
Q93WE4	Arabidopsis	Plants	216	False
Q93WJ9	Arabidopsis	Plants	403	False
Q93WK5	Arabidopsis	Plants	727	False
Q93WL3	Arabidopsis	Plants	238	False
Q93WX6	Arabidopsis	Plants	463	False
Q93XM6	Arabidopsis	Plants	481	False
Q93Y07	Arabidopsis	Plants	622	True
Q93YF5	Nicotiana	Plants	704	False
Q93YN0	Arabidopsis	Plants	187	False
Q93YN1	Arabidopsis	Plants	390	False
Q93YN8	Arabidopsis	Plants	296	False
Q93YR9	Arabidopsis	Plants	670	False
Q93YU5	Arabidopsis	Plants	1053	False
Q93YW7	Arabidopsis	Plants	341	False
Q93YZ7	Arabidopsis	Plants	491	False
Q93Z00	Arabidopsis	Plants	489	False
Q93Z18	Arabidopsis	Plants	415	False
Q93Z30	Arabidopsis	Plants	459	False
Q93Z53	Arabidopsis	Plants	571	False
Q93ZB2	Arabidopsis	Plants	509	True
Q93ZE2	Arabidopsis	Plants	368	False
Q93ZF6	Arabidopsis	Plants	153	False
Q93ZG3	Arabidopsis	Plants	450	False
Q93ZG7	Arabidopsis	Plants	496	False
Q93ZG9	Arabidopsis	Plants	477	False
Q93ZM9	Arabidopsis	Plants	197	False
Q93ZN9	Arabidopsis	Plants	461	False
Q93ZR1	Arabidopsis	Plants	565	False
Q93ZV7	Arabidopsis	Plants	433	False
Q93ZY2	Arabidopsis	Plants	548	False
Q940A7	Arabidopsis	Plants	683	False
Q940D0	Arabidopsis	Plants	690	False
Q940H2	Arabidopsis	Plants	237	False
Q940H6	Arabidopsis	Plants	362	False
Q940L4	Arabidopsis	Plants	649	False
Q940U6	Arabidopsis	Plants	316	False
Q940X9	Arabidopsis	Plants	826	False
Q940Y5	Arabidopsis	Plants	619	True
Q940Z2	Arabidopsis	Plants	724	False
Q94126	Caenorhabditis	Metazoa	211	False
Q94131	Caenorhabditis	Metazoa	335	False
Q94165	Caenorhabditis	Metazoa	256	False
Q941D6	Arabidopsis	Plants	423	False
Q941F1	Arabidopsis	Plants	515	False
Q94230	Caenorhabditis	Metazoa	226	False
Q94234	Caenorhabditis	Metazoa	204	False
Q94251	Caenorhabditis	Metazoa	936	False
Q944A6	Arabidopsis	Plants	487	False
Q944A7	Arabidopsis	Plants	512	False
Q944G5	Arabidopsis	Plants	636	True
Q944G9	Arabidopsis	Plants	398	False
Q944I4	Arabidopsis	Plants	456	False
Q944L3	Arabidopsis	Plants	446	False
Q944Q0	Arabidopsis	Plants	563	False
Q94515	melanogaster subgroup	Metazoa	321	True
Q94517	melanogaster subgroup	Metazoa	521	False
Q94519	melanogaster subgroup	Metazoa	152	False
Q94521	melanogaster subgroup	Metazoa	275	False
Q94527	melanogaster subgroup	Metazoa	971	False
Q94535	melanogaster subgroup	Metazoa	264	False
Q94545	melanogaster subgroup	Metazoa	556	False
Q945K7	Arabidopsis	Plants	374	False
Q945M1	Arabidopsis	Plants	117	False
Q945P1	Arabidopsis	Plants	317	False
Q946J8	Arabidopsis	Plants	445	False
Q948J9	Arabidopsis	Plants	278	False
Q948R1	Arabidopsis	Plants	447	False
Q948R9	Arabidopsis	Plants	314	False
Q948T9	Solanum	Plants	867	False
Q94901	melanogaster subgroup	Metazoa	352	False
Q94920	melanogaster subgroup	Metazoa	282	True
Q94981	melanogaster subgroup	Metazoa	503	False
Q949M9	Arabidopsis	Plants	353	False
Q949P2	Arabidopsis	Plants	701	False
Q949Q5	Arabidopsis	Plants	140	True
Q949S9	Arabidopsis	Plants	253	False
Q949T8	Arabidopsis	Plants	497	False
Q949U7	Arabidopsis	Plants	234	False
Q949W6	Arabidopsis	Plants	485	False
Q94A03	Arabidopsis	Plants	391	False
Q94A28	Arabidopsis	Plants	995	False
Q94A41	Arabidopsis	Plants	887	False
Q94A52	Arabidopsis	Plants	408	False
Q94A57	Arabidopsis	Plants	295	False
Q94A82	Arabidopsis	Plants	438	False
Q94A84	Arabidopsis	Plants	487	False
Q94AC8	Arabidopsis	Plants	274	False
Q94AG6	Arabidopsis	Plants	325	True
Q94AH1	Arabidopsis	Plants	300	True
Q94AH6	Arabidopsis	Plants	738	False
Q94AH9	Arabidopsis	Plants	320	False
Q94AI4	Arabidopsis	Plants	775	False
Q94AI6	Arabidopsis	Plants	752	False
Q94AI7	Arabidopsis	Plants	1131	False
Q94AM1	Arabidopsis	Plants	791	False
Q94AN2	Arabidopsis	Plants	700	True
Q94AQ6	Arabidopsis	Plants	373	False
Q94AQ8	Arabidopsis	Plants	348	False
Q94AR8	Arabidopsis	Plants	509	False
Q94AT3	Arabidopsis	Plants	378	False
Q94AU9	Arabidopsis	Plants	174	False
Q94AX2	Arabidopsis	Plants	277	False
Q94AX4	Arabidopsis	Plants	567	False
Q94AX5	Arabidopsis	Plants	370	False
Q94AY1	Arabidopsis	Plants	651	False
Q94B35	Arabidopsis	Plants	466	False
Q94B60	Arabidopsis	Plants	292	False
Q94B78	Arabidopsis	Plants	1037	False
Q94BN0	Arabidopsis	Plants	364	False
Q94BQ3	Arabidopsis	Plants	757	False
Q94BR1	Arabidopsis	Plants	702	False
Q94BR4	Arabidopsis	Plants	523	False
Q94BS2	Arabidopsis	Plants	335	False
Q94BT6	Arabidopsis	Plants	609	False
Q94BT9	Arabidopsis	Plants	76	False
Q94BU8	Arabidopsis	Plants	185	False
Q94BV7	Arabidopsis	Plants	582	False
Q94C32	Arabidopsis	Plants	320	False
Q94C69	Arabidopsis	Plants	301	False
Q94C74	Arabidopsis	Plants	517	False
Q94CE4	Arabidopsis	Plants	280	False
Q94CE5	Arabidopsis	Plants	504	False
Q94CF0	Arabidopsis	Plants	545	False
Q94CL6	Arabidopsis	Plants	474	False
Q94CL7	Arabidopsis	Plants	409	False
Q94CL9	Arabidopsis	Plants	195	False
Q94EH2	Arabidopsis	Plants	210	True
Q94EH8	Arabidopsis	Plants	295	False
Q94F30	Arabidopsis	Plants	489	False
Q94FB9	Arabidopsis	Plants	1337	True
Q94FL6	Arabidopsis	Plants	436	False
Q94FY7	Arabidopsis	Plants	488	False
Q94ID2	Arabidopsis	Plants	330	False
Q94ID3	Arabidopsis	Plants	357	False
Q94IG7	Spinacia	Plants	531	False
Q94IN5	Euglena	Other	1803	False
Q94JM3	Arabidopsis	Plants	859	False
Q94JQ3	Arabidopsis	Plants	529	False
Q94JQ4	Arabidopsis	Plants	187	False
Q94JQ6	Arabidopsis	Plants	1084	False
Q94JS0	Arabidopsis	Plants	272	False
Q94JU3	Arabidopsis	Plants	260	False
Q94JV5	Arabidopsis	Plants	307	False
Q94K49	Arabidopsis	Plants	396	False
Q94K66	Arabidopsis	Plants	193	False
Q94K75	Arabidopsis	Plants	401	False
Q94KE2	Arabidopsis	Plants	1550	False
Q95017	Caenorhabditis	Metazoa	166	False
Q95216	Oryctolagus	Metazoa	1005	False
Q95N27	Bos	Metazoa	568	False
Q95NM6	Caenorhabditis	Metazoa	308	False
Q95QA6	Caenorhabditis	Metazoa	663	False
Q95QD7	Caenorhabditis	Metazoa	435	False
Q95QI7	Caenorhabditis	Metazoa	892	False
Q95QK3	Caenorhabditis	Metazoa	1061	False
Q95QV8	Caenorhabditis	Metazoa	408	False
Q95QW4	Caenorhabditis	Metazoa	586	False
Q95QZ9	Caenorhabditis	Metazoa	529	False
Q95RA8	melanogaster subgroup	Metazoa	219	False
Q95RJ9	melanogaster subgroup	Metazoa	700	False
Q95RQ8	melanogaster subgroup	Metazoa	683	False
Q95RV2	melanogaster subgroup	Metazoa	345	False
Q95ST2	melanogaster subgroup	Metazoa	594	True
Q95T12	melanogaster subgroup	Metazoa	194	True
Q95TS5	melanogaster subgroup	Metazoa	654	False
Q95U54	melanogaster subgroup	Metazoa	959	False
Q95V55	melanogaster subgroup	Metazoa	613	False
Q95XA8	Caenorhabditis	Metazoa	486	False
Q95XG8	Caenorhabditis	Metazoa	560	True
Q95XQ8	Caenorhabditis	Metazoa	823	False
Q95XZ5	Caenorhabditis	Metazoa	2176	False
Q95Y72	Caenorhabditis	Metazoa	82	False
Q95Y80	Caenorhabditis	Metazoa	853	False
Q95ZL9	Caenorhabditis	Metazoa	152	False
Q960V3	melanogaster subgroup	Metazoa	1122	False
Q960X4	melanogaster subgroup	Metazoa	541	False
Q961D9	melanogaster subgroup	Metazoa	1469	False
Q96242	Arabidopsis	Plants	518	False
Q96247	Arabidopsis	Plants	485	True
Q96255	Arabidopsis	Plants	430	False
Q96262	Arabidopsis	Plants	225	False
Q96266	Arabidopsis	Plants	263	False
Q96288	Arabidopsis	Plants	248	False
Q96291	Arabidopsis	Plants	266	False
Q96301	Arabidopsis	Plants	914	False
Q96303	Arabidopsis	Plants	534	True
Q96305	Arabidopsis	Plants	136	False
Q96321	Arabidopsis	Plants	532	False
Q96327	Arabidopsis	Plants	392	False
Q96329	Arabidopsis	Plants	436	False
Q96330	Arabidopsis	Plants	336	False
Q96500	Arabidopsis	Plants	141	False
Q96524	Arabidopsis	Plants	612	False
Q96529	Arabidopsis	Plants	490	False
Q965G5	Caenorhabditis	Metazoa	366	False
Q965H3	Caenorhabditis	Metazoa	735	False
Q966L3	Caenorhabditis	Metazoa	218	False
Q969F0	Homo	Metazoa	183	False
Q969F1	Homo	Metazoa	213	False
Q969F2	Homo	Metazoa	451	False
Q969F8	Homo	Metazoa	398	True
Q969F9	Homo	Metazoa	1004	False
Q969G3	Homo	Metazoa	411	False
Q969H0	Homo	Metazoa	707	False
Q969H6	Homo	Metazoa	163	False
Q969I6	Homo	Metazoa	547	False
Q969J2	Homo	Metazoa	545	False
Q969K3	Homo	Metazoa	372	False
Q969L2	Homo	Metazoa	176	True
Q969L4	Homo	Metazoa	123	False
Q969N4	Homo	Metazoa	342	True
Q969P5	Homo	Metazoa	355	False
Q969P6	Homo	Metazoa	601	False
Q969Q5	Homo	Metazoa	203	False
Q969Q6	Homo	Metazoa	453	False
Q969S2	Homo	Metazoa	332	False
Q969S3	Homo	Metazoa	477	False
Q969S8	Homo	Metazoa	669	False
Q969T4	Homo	Metazoa	207	False
Q969T9	Homo	Metazoa	261	False
Q969V5	Homo	Metazoa	352	True
Q969V6	Homo	Metazoa	931	False
Q969X0	Homo	Metazoa	211	False
Q969X6	Homo	Metazoa	686	False
Q969Y2	Homo	Metazoa	492	False
Q969Z0	Homo	Metazoa	631	False
Q969Z3	Homo	Metazoa	335	False
Q96A09	Homo	Metazoa	425	False
Q96A26	Homo	Metazoa	154	False
Q96A44	Homo	Metazoa	273	False
Q96A54	Homo	Metazoa	375	False
Q96A56	Homo	Metazoa	240	False
Q96A61	Homo	Metazoa	297	False
Q96A70	Homo	Metazoa	460	False
Q96A72	Homo	Metazoa	148	False
Q96AC1	Homo	Metazoa	680	False
Q96AD5	Homo	Metazoa	504	True
Q96AE7	Homo	Metazoa	1141	False
Q96AG3	Homo	Metazoa	418	False
Q96AG4	Homo	Metazoa	307	False
Q96AH0	Homo	Metazoa	204	False
Q96AJ1	Homo	Metazoa	413	False
Q96AP0	Homo	Metazoa	458	False
Q96AP4	Homo	Metazoa	578	False
Q96AQ6	Homo	Metazoa	731	False
Q96AQ8	Homo	Metazoa	359	True
Q96AV8	Homo	Metazoa	911	False
Q96AY2	Homo	Metazoa	570	False
Q96AZ6	Homo	Metazoa	181	False
Q96B01	Homo	Metazoa	352	False
Q96B02	Homo	Metazoa	151	False
Q96B23	Homo	Metazoa	404	False
Q96B26	Homo	Metazoa	276	False
Q96B42	Homo	Metazoa	140	True
Q96B49	Homo	Metazoa	74	True
Q96B67	Homo	Metazoa	414	False
Q96B77	Homo	Metazoa	213	True
Q96BA8	Homo	Metazoa	519	False
Q96BD6	Homo	Metazoa	273	False
Q96BF6	Homo	Metazoa	587	False
Q96BI1	Homo	Metazoa	424	True
Q96BK5	Homo	Metazoa	328	False
Q96BM1	Homo	Metazoa	317	False
Q96BN2	Homo	Metazoa	335	False
Q96BP2	Homo	Metazoa	118	False
Q96BP3	Homo	Metazoa	646	False
Q96BR5	Homo	Metazoa	231	False
Q96BS2	Homo	Metazoa	214	False
Q96BT3	Homo	Metazoa	561	False
Q96BT7	Homo	Metazoa	664	False
Q96BW1	Homo	Metazoa	309	False
Q96BY2	Homo	Metazoa	351	False
Q96BY6	Homo	Metazoa	2186	False
Q96C01	Homo	Metazoa	138	False
Q96C03	Homo	Metazoa	454	True
Q96C12	Homo	Metazoa	935	False
Q96C36	Homo	Metazoa	320	False
Q96C86	Homo	Metazoa	337	False
Q96CA5	Homo	Metazoa	298	False
Q96CB8	Homo	Metazoa	462	False
Q96CB9	Homo	Metazoa	384	False
Q96CF2	Homo	Metazoa	233	False
Q96CJ1	Homo	Metazoa	260	False
Q96CM3	Homo	Metazoa	377	False
Q96CM4	Homo	Metazoa	212	False
Q96CP6	Homo	Metazoa	724	False
Q96CU9	Homo	Metazoa	486	True
Q96CW1	Homo	Metazoa	435	False
Q96CX2	Homo	Metazoa	325	False
Q96D31	Homo	Metazoa	301	True
Q96D46	Homo	Metazoa	503	False
Q96D53	Homo	Metazoa	544	False
Q96D96	Homo	Metazoa	273	False
Q96D98	Homo	Metazoa	161	False
Q96DB2	Homo	Metazoa	347	False
Q96DE0	Homo	Metazoa	195	False
Q96DE5	Homo	Metazoa	110	False
Q96DG6	Homo	Metazoa	245	False
Q96DI7	Homo	Metazoa	357	False
Q96DN6	Homo	Metazoa	1003	False
Q96DU7	Homo	Metazoa	683	False
Q96DV4	Homo	Metazoa	380	False
Q96DX5	Homo	Metazoa	294	False
Q96DY5	Mus	Metazoa	654	False
Q96DZ5	Homo	Metazoa	547	False
Q96E09	Homo	Metazoa	287	False
Q96E11	Homo	Metazoa	262	False
Q96E14	Homo	Metazoa	147	False
Q96E29	Homo	Metazoa	417	False
Q96E35	Homo	Metazoa	227	False
Q96E52	Homo	Metazoa	524	False
Q96E93	Homo	Metazoa	195	True
Q96EA4	Homo	Metazoa	605	False
Q96EB1	Homo	Metazoa	424	False
Q96EB6	Homo	Metazoa	747	False
Q96EE3	Homo	Metazoa	360	False
Q96EF0	Homo	Metazoa	704	False
Q96EH3	Homo	Metazoa	234	False
Q96EK4	Homo	Metazoa	314	False
Q96EL1	Homo	Metazoa	287	False
Q96EL3	Homo	Metazoa	112	False
Q96EP1	Homo	Metazoa	664	False
Q96EP5	Homo	Metazoa	407	False
Q96EP9	Homo	Metazoa	437	False
Q96EQ9	Mus	Metazoa	843	False
Q96ER9	Homo	Metazoa	411	False
Q96EU6	Homo	Metazoa	259	False
Q96EV2	Homo	Metazoa	1170	False
Q96EV8	Homo	Metazoa	351	False
Q96EY1	Homo	Metazoa	480	False
Q96EY5	Homo	Metazoa	273	False
Q96EY7	Homo	Metazoa	689	False
Q96EY9	Homo	Metazoa	367	False
Q96EZ8	Homo	Metazoa	462	False
Q96F07	Homo	Metazoa	1278	False
Q96F44	Homo	Metazoa	468	False
Q96FC9	Homo	Metazoa	970	False
Q96FF9	Homo	Metazoa	252	False
Q96FI4	Homo	Metazoa	390	False
Q96FL8	Homo	Metazoa	570	True
Q96FQ6	Homo	Metazoa	103	False
Q96FS4	Homo	Metazoa	1042	False
Q96FV9	Homo	Metazoa	657	False
Q96FX2	Homo	Metazoa	82	False
Q96FX8	Homo	Metazoa	193	True
Q96G03	Homo	Metazoa	612	False
Q96G21	Homo	Metazoa	291	False
Q96G30	Homo	Metazoa	205	True
Q96G74	Homo	Metazoa	571	False
Q96G91	Homo	Metazoa	374	True
Q96GC6	Homo	Metazoa	653	False
Q96GC9	Homo	Metazoa	406	True
Q96GD0	Homo	Metazoa	296	False
Q96GD4	Homo	Metazoa	344	False
Q96GF1	Homo	Metazoa	192	False
Q96GG9	Homo	Metazoa	259	False
Q96GJ1	Homo	Metazoa	504	False
Q96GM5	Homo	Metazoa	515	False
Q96GM8	Homo	Metazoa	510	False
Q96GN5	Homo	Metazoa	454	False
Q96GQ7	Homo	Metazoa	765	False
Q96GR2	Homo	Metazoa	724	False
Q96GS6	Homo	Metazoa	310	False
Q96GX5	Homo	Metazoa	879	False
Q96GX8	Homo	Metazoa	76	False
Q96GZ6	Homo	Metazoa	507	True
Q96H22	Homo	Metazoa	339	False
Q96H55	Homo	Metazoa	970	False
Q96H86	Homo	Metazoa	408	False
Q96H96	Homo	Metazoa	371	True
Q96HA1	Homo	Metazoa	1249	True
Q96HA7	Homo	Metazoa	1378	False
Q96HA9	Homo	Metazoa	241	False
Q96HI0	Homo	Metazoa	755	False
Q96HR8	Homo	Metazoa	494	False
Q96HS1	Homo	Metazoa	289	True
Q96HW7	Homo	Metazoa	963	False
Q96HY7	Homo	Metazoa	919	False
Q96I23	Homo	Metazoa	114	False
Q96I25	Homo	Metazoa	401	False
Q96I36	Homo	Metazoa	57	True
Q96I51	Homo	Metazoa	464	False
Q96I59	Homo	Metazoa	477	False
Q96I76	Homo	Metazoa	525	False
Q96IF1	Homo	Metazoa	538	False
Q96IL0	Homo	Metazoa	206	False
Q96IR7	Homo	Metazoa	371	False
Q96IU4	Homo	Metazoa	210	False
Q96IX5	Homo	Metazoa	58	True
Q96IY1	Homo	Metazoa	281	False
Q96IZ0	Homo	Metazoa	340	False
Q96IZ2	Homo	Metazoa	230	True
Q96J02	Homo	Metazoa	903	False
Q96J66	Homo	Metazoa	1382	False
Q96JB3	Homo	Metazoa	615	False
Q96JB5	Homo	Metazoa	506	False
Q96JC9	Homo	Metazoa	268	False
Q96JH7	Homo	Metazoa	1222	False
Q96JI7	Homo	Metazoa	2443	False
Q96JJ3	Homo	Metazoa	720	False
Q96JK9	Homo	Metazoa	1138	False
Q96JM2	Homo	Metazoa	2506	False
Q96JM3	Homo	Metazoa	812	False
Q96JM7	Homo	Metazoa	780	False
Q96JN0	Homo	Metazoa	433	False
Q96JP5	Homo	Metazoa	570	False
Q96JS3	Homo	Metazoa	809	False
Q96JW4	Homo	Metazoa	573	False
Q96JX3	Homo	Metazoa	654	True
Q96JY6	Homo	Metazoa	352	False
Q96JZ2	Homo	Metazoa	352	False
Q96K12	Homo	Metazoa	515	False
Q96K30	Homo	Metazoa	269	False
Q96K58	Homo	Metazoa	619	False
Q96K80	Homo	Metazoa	434	False
Q96KG9	Homo	Metazoa	808	False
Q96KK3	Homo	Metazoa	526	False
Q96KK5	Homo	Metazoa	128	False
Q96KM6	Homo	Metazoa	892	False
Q96KN3	Homo	Metazoa	472	False
Q96KP4	Homo	Metazoa	475	False
Q96KQ4	Homo	Metazoa	1090	False
Q96KQ7	Homo	Metazoa	1210	False
Q96KR7	Homo	Metazoa	559	False
Q96KS0	Homo	Metazoa	407	False
Q96L08	Homo	Metazoa	255	False
Q96L50	Homo	Metazoa	414	False
Q96L73	Homo	Metazoa	2696	False
Q96L92	Homo	Metazoa	541	False
Q96LA8	Homo	Metazoa	375	False
Q96LA9	Homo	Metazoa	322	True
Q96LD4	Homo	Metazoa	638	False
Q96LI5	Homo	Metazoa	555	False
Q96LI6	Homo	Metazoa	401	False
Q96LL9	Homo	Metazoa	226	False
Q96LT7	Homo	Metazoa	481	False
Q96LT9	Homo	Metazoa	517	False
Q96LW4	Homo	Metazoa	560	False
Q96LW7	Homo	Metazoa	228	False
Q96M32	Homo	Metazoa	723	False
Q96M94	Homo	Metazoa	604	False
Q96MA6	Homo	Metazoa	479	False
Q96MF7	Homo	Metazoa	247	False
Q96MG7	Homo	Metazoa	304	False
Q96MH2	Homo	Metazoa	286	False
Q96MI9	Homo	Metazoa	1112	False
Q96MP8	Homo	Metazoa	289	False
Q96MT3	Homo	Metazoa	831	False
Q96MU7	Homo	Metazoa	727	False
Q96N11	Homo	Metazoa	449	False
Q96N21	Homo	Metazoa	525	False
Q96N64	Homo	Metazoa	755	False
Q96N77	Homo	Metazoa	438	False
Q96N95	Homo	Metazoa	335	False
Q96N96	Homo	Metazoa	652	False
Q96NB2	Homo	Metazoa	322	False
Q96NB3	Homo	Metazoa	372	False
Q96NC0	Homo	Metazoa	199	False
Q96NE9	Homo	Metazoa	622	False
Q96NN9	Homo	Metazoa	605	False
Q96NR3	Homo	Metazoa	888	True
Q96NT5	Homo	Metazoa	459	True
Q96NW4	Homo	Metazoa	1050	False
Q96NY9	Homo	Metazoa	551	False
Q96P11	Homo	Metazoa	429	False
Q96P16	Homo	Metazoa	312	False
Q96P20	Homo	Metazoa	1036	False
Q96P48	Homo	Metazoa	1450	False
Q96P65	Homo	Metazoa	431	True
Q96P66	Homo	Metazoa	508	True
Q96P68	Homo	Metazoa	337	True
Q96P70	Homo	Metazoa	1041	False
Q96PE3	Homo	Metazoa	977	False
Q96PH1	Homo	Metazoa	765	False
Q96PK6	Homo	Metazoa	669	False
Q96PM5	Homo	Metazoa	261	False
Q96PM9	Homo	Metazoa	386	False
Q96PN6	Homo	Metazoa	1610	False
Q96PN7	Homo	Metazoa	1200	False
Q96PP9	Homo	Metazoa	640	False
Q96PS8	Homo	Metazoa	301	True
Q96PU4	Homo	Metazoa	802	False
Q96PU8	Homo	Metazoa	341	False
Q96PV4	Homo	Metazoa	448	False
Q96PV7	Homo	Metazoa	902	False
Q96PX9	Homo	Metazoa	1627	False
Q96PY6	Homo	Metazoa	1258	False
Q96PZ0	Homo	Metazoa	661	False
Q96PZ2	Homo	Metazoa	611	False
Q96Q11	Homo	Metazoa	434	False
Q96Q15	Homo	Metazoa	3661	False
Q96Q83	Homo	Metazoa	286	False
Q96Q89	Homo	Metazoa	1820	False
Q96QA5	Homo	Metazoa	445	True
Q96QC0	Homo	Metazoa	940	False
Q96QD9	Homo	Metazoa	318	False
Q96QE2	Homo	Metazoa	648	True
Q96QE3	Homo	Metazoa	1844	False
Q96QE5	Homo	Metazoa	360	False
Q96QF0	Homo	Metazoa	476	False
Q96QF7	Homo	Metazoa	691	False
Q96QP1	Homo	Metazoa	1244	False
Q96QR8	Homo	Metazoa	312	False
Q96QS3	Homo	Metazoa	562	False
Q96QT4	Homo	Metazoa	1865	False
Q96QT6	Homo	Metazoa	1004	False
Q96QU8	Homo	Metazoa	1125	False
Q96QV6	Homo	Metazoa	131	False
Q96QZ7	Homo	Metazoa	1491	False
Q96RD7	Homo	Metazoa	426	True
Q96RE7	Homo	Metazoa	527	False
Q96RE9	Homo	Metazoa	604	False
Q96RF0	Homo	Metazoa	628	False
Q96RG2	Homo	Metazoa	1323	False
Q96RI1	Homo	Metazoa	486	False
Q96RL1	Homo	Metazoa	719	False
Q96RL7	Homo	Metazoa	3174	False
Q96RN5	Homo	Metazoa	788	False
Q96RQ1	Homo	Metazoa	377	True
Q96RQ3	Homo	Metazoa	725	False
Q96RR1	Homo	Metazoa	684	False
Q96RR4	Homo	Metazoa	588	False
Q96RS0	Homo	Metazoa	853	False
Q96RS6	Homo	Metazoa	583	False
Q96RT1	Homo	Metazoa	1412	False
Q96RU2	Homo	Metazoa	1077	False
Q96RU3	Homo	Metazoa	617	False
Q96RU7	Homo	Metazoa	358	False
Q96RY5	Homo	Metazoa	1269	False
Q96S21	Homo	Metazoa	281	False
Q96S37	Homo	Metazoa	553	True
Q96S44	Homo	Metazoa	253	False
Q96S53	Homo	Metazoa	571	False
Q96S55	Homo	Metazoa	665	False
Q96S59	Homo	Metazoa	729	False
Q96S94	Homo	Metazoa	520	False
Q96SB3	Homo	Metazoa	817	False
Q96SB4	Homo	Metazoa	655	False
Q96SB8	Homo	Metazoa	1091	False
Q96SD1	Homo	Metazoa	692	False
Q96SI1	Homo	Metazoa	283	False
Q96SK2	Homo	Metazoa	561	True
Q96SN7	Homo	Metazoa	254	True
Q96SQ7	Homo	Metazoa	321	False
Q96ST2	Homo	Metazoa	819	False
Q96ST3	Homo	Metazoa	1273	False
Q96ST8	Homo	Metazoa	783	False
Q96SW2	Homo	Metazoa	442	False
Q96SY0	Homo	Metazoa	518	False
Q96SZ4	Homo	Metazoa	780	False
Q96SZ6	Homo	Metazoa	601	False
Q96T21	Homo	Metazoa	854	False
Q96T23	Homo	Metazoa	1441	False
Q96T37	Homo	Metazoa	977	False
Q96T49	Homo	Metazoa	567	False
Q96T54	Homo	Metazoa	332	True
Q96T55	Homo	Metazoa	309	True
Q96T58	Homo	Metazoa	3664	False
Q96T60	Homo	Metazoa	521	False
Q96T66	Homo	Metazoa	252	False
Q96T68	Homo	Metazoa	719	False
Q96T76	Homo	Metazoa	1030	False
Q96T83	Homo	Metazoa	725	True
Q96T88	Homo	Metazoa	793	False
Q96TA1	Homo	Metazoa	746	False
Q96TA2	Homo	Metazoa	773	False
Q96TC7	Homo	Metazoa	470	True
Q96TL7	Schizosaccharomyces pombe	Fungi	693	False
Q96VH5	Saccharomyces cerevisiae	Fungi	97	True
Q96WV2	Schizosaccharomyces pombe	Fungi	339	False
Q96WV9	Schizosaccharomyces pombe	Fungi	591	False
Q98867	Danio	Metazoa	427	False
Q99081	Homo	Metazoa	682	False
Q99207	Saccharomyces cerevisiae	Fungi	810	False
Q99216	Saccharomyces cerevisiae	Fungi	274	False
Q99250	Homo	Metazoa	2005	False
Q99257	Saccharomyces cerevisiae	Fungi	599	False
Q99258	Saccharomyces cerevisiae	Fungi	208	False
Q99278	Saccharomyces cerevisiae	Fungi	115	False
Q99314	Saccharomyces cerevisiae	Fungi	248	False
Q99315	Saccharomyces cerevisiae	Fungi	1547	False
Q99321	Saccharomyces cerevisiae	Fungi	188	False
Q99383	Saccharomyces cerevisiae	Fungi	534	False
Q99417	Homo	Metazoa	103	False
Q99418	Homo	Metazoa	400	False
Q99424	Homo	Metazoa	681	False
Q99436	Homo	Metazoa	277	False
Q99459	Homo	Metazoa	802	False
Q99471	Homo	Metazoa	154	False
Q99489	Homo	Metazoa	341	False
Q99490	Homo	Metazoa	1192	False
Q99496	Homo	Metazoa	336	False
Q99497	Homo	Metazoa	189	False
Q99500	Homo	Metazoa	378	True
Q99502	Homo	Metazoa	592	False
Q99504	Homo	Metazoa	573	False
Q99527	Homo	Metazoa	375	True
Q99536	Homo	Metazoa	393	False
Q99543	Homo	Metazoa	621	False
Q99547	Homo	Metazoa	160	False
Q99549	Homo	Metazoa	860	False
Q99551	Homo	Metazoa	399	False
Q99567	Homo	Metazoa	741	False
Q99569	Homo	Metazoa	1192	False
Q99571	Homo	Metazoa	388	True
Q99572	Homo	Metazoa	595	True
Q99575	Homo	Metazoa	1024	False
Q99578	Homo	Metazoa	217	False
Q99581	Homo	Metazoa	238	False
Q99583	Homo	Metazoa	582	False
Q99590	Homo	Metazoa	1463	False
Q99592	Homo	Metazoa	522	False
Q99593	Homo	Metazoa	518	False
Q99594	Homo	Metazoa	435	False
Q99595	Homo	Metazoa	171	True
Q99598	Homo	Metazoa	290	False
Q99607	Homo	Metazoa	663	False
Q99608	Homo	Metazoa	321	False
Q99612	Homo	Metazoa	283	False
Q99615	Homo	Metazoa	494	False
Q99619	Homo	Metazoa	263	False
Q99623	Homo	Metazoa	299	False
Q99627	Homo	Metazoa	209	False
Q99638	Homo	Metazoa	391	False
Q99643	Homo	Metazoa	169	True
Q99653	Homo	Metazoa	195	False
Q99675	Homo	Metazoa	332	False
Q99677	Homo	Metazoa	370	True
Q99678	Homo	Metazoa	358	True
Q99684	Homo	Metazoa	422	False
Q99704	Homo	Metazoa	481	False
Q99705	Homo	Metazoa	353	True
Q99708	Homo	Metazoa	897	False
Q99714	Homo	Metazoa	261	False
Q99717	Homo	Metazoa	465	False
Q99720	Homo	Metazoa	223	True
Q99728	Homo	Metazoa	777	False
Q99729	Homo	Metazoa	332	False
Q99732	Homo	Metazoa	161	False
Q99733	Homo	Metazoa	375	False
Q99741	Homo	Metazoa	560	False
Q99743	Homo	Metazoa	824	False
Q99755	Homo	Metazoa	562	False
Q99757	Homo	Metazoa	166	False
Q99788	Homo	Metazoa	373	True
Q99797	Homo	Metazoa	713	False
Q99801	Homo	Metazoa	234	False
Q99807	Homo	Metazoa	217	False
Q99808	Homo	Metazoa	456	True
Q99816	Homo	Metazoa	390	False
Q99828	Homo	Metazoa	191	False
Q99829	Homo	Metazoa	537	False
Q99836	Homo	Metazoa	296	False
Q99848	Homo	Metazoa	306	False
Q99856	Homo	Metazoa	593	False
Q99873	Homo	Metazoa	371	False
Q99877	Homo	Metazoa	126	False
Q99878	Homo	Metazoa	128	False
Q99879	Homo	Metazoa	126	False
Q99880	Homo	Metazoa	126	False
Q99884	Homo	Metazoa	636	True
Q99929	Homo	Metazoa	193	False
Q99933	Homo	Metazoa	345	False
Q99941	Homo	Metazoa	703	False
Q99942	Homo	Metazoa	180	False
Q99958	Homo	Metazoa	501	False
Q99959	Homo	Metazoa	881	False
Q99966	Homo	Metazoa	193	False
Q99967	Homo	Metazoa	270	False
Q99986	Homo	Metazoa	396	False
Q99990	Homo	Metazoa	258	False
Q99J39	Mus	Metazoa	492	False
Q99J47	Mus	Metazoa	323	True
Q99J79	Mus	Metazoa	432	False
Q99J94	Mus	Metazoa	670	True
Q99J95	Mus	Metazoa	372	False
Q99J99	Mus	Metazoa	297	False
Q99JA4	Mus	Metazoa	352	True
Q99JB2	Mus	Metazoa	353	False
Q99JB6	Mus	Metazoa	429	False
Q99JB8	Mus	Metazoa	424	False
Q99JE4	Rattus	Metazoa	1190	False
Q99JI1	Mus	Metazoa	82	False
Q99JR6	Mus	Metazoa	245	False
Q99JY3	Mus	Metazoa	328	False
Q99JY8	Mus	Metazoa	312	True
Q99JZ7	Mus	Metazoa	461	False
Q99K23	Mus	Metazoa	461	False
Q99K24	Mus	Metazoa	317	True
Q99K48	Mus	Metazoa	473	False
Q99K82	Mus	Metazoa	555	False
Q99K90	Mus	Metazoa	693	False
Q99KD6	Mus	Metazoa	113	True
Q99KE8	Mus	Metazoa	643	False
Q99KK2	Mus	Metazoa	432	False
Q99KP6	Mus	Metazoa	504	False
Q99L02	Mus	Metazoa	253	False
Q99L88	Mus	Metazoa	537	False
Q99L90	Mus	Metazoa	462	False
Q99LC3	Mus	Metazoa	355	False
Q99LD4	Mus	Metazoa	471	False
Q99LG4	Mus	Metazoa	440	False
Q99LM3	Mus	Metazoa	459	False
Q99LR1	Mus	Metazoa	398	True
Q99LX0	Mus	Metazoa	189	False
Q99LY9	Mus	Metazoa	106	False
Q99M04	Mus	Metazoa	373	False
Q99M87	Mus	Metazoa	480	False
Q99MA9	Mus	Metazoa	365	False
Q99MD6	Mus	Metazoa	652	False
Q99MD9	Mus	Metazoa	773	False
Q99MG9	Rattus	Metazoa	250	False
Q99MJ6	Mus	Metazoa	498	False
Q99MK8	Mus	Metazoa	689	False
Q99ML0	Mus	Metazoa	440	False
Q99ML1	Mus	Metazoa	193	False
Q99ML9	Mus	Metazoa	989	False
Q99MQ3	Mus	Metazoa	580	False
Q99MR0	Mus	Metazoa	426	False
Q99MR6	Mus	Metazoa	875	False
Q99MS3	Mus	Metazoa	194	True
Q99MU3	Mus	Metazoa	1178	False
Q99MV7	Mus	Metazoa	1640	False
Q99MY0	Mus	Metazoa	378	False
Q99MZ3	Mus	Metazoa	864	False
Q99N13	Mus	Metazoa	588	False
Q99N50	Mus	Metazoa	950	False
Q99N57	Mus	Metazoa	648	False
Q99N69	Mus	Metazoa	386	False
Q99N80	Mus	Metazoa	567	False
Q99NA2	Mus	Metazoa	322	False
Q99NB1	Mus	Metazoa	682	False
Q99NB7	Rattus	Metazoa	556	False
Q99NB8	Mus	Metazoa	596	False
Q99NF1	Mus	Metazoa	532	False
Q99NF2	Mus	Metazoa	532	False
Q99NG0	Mus	Metazoa	1467	False
Q99NH7	Mus	Metazoa	744	True
Q99NI4	Rattus	Metazoa	396	False
Q99P21	Mus	Metazoa	515	False
Q99P30	Mus	Metazoa	236	False
Q99P99	Rattus	Metazoa	1077	False
Q99PD6	Rattus	Metazoa	461	False
Q99PE8	Mus	Metazoa	652	False
Q99PF5	Rattus	Metazoa	721	False
Q99PI5	Mus	Metazoa	893	False
Q99PN0	Mus	Metazoa	618	True
Q99PP2	Mus	Metazoa	2237	False
Q99PP7	Mus	Metazoa	1142	False
Q99PQ2	Mus	Metazoa	467	False
Q99PT3	Mus	Metazoa	375	False
Q99PU7	Mus	Metazoa	728	False
Q99PV0	Mus	Metazoa	2335	False
Q9ASP6	Arabidopsis	Plants	495	False
Q9ASS2	Arabidopsis	Plants	601	False
Q9ASS6	Arabidopsis	Plants	259	False
Q9ASV5	Arabidopsis	Plants	650	True
Q9ASW3	Arabidopsis	Plants	471	False
Q9ASZ1	Arabidopsis	Plants	302	False
Q9AT00	Arabidopsis	Plants	345	False
Q9ATB4	Arabidopsis	Plants	487	False
Q9AUE0	Arabidopsis	Plants	1950	False
Q9AWA5	Solanum	Plants	1464	False
Q9BEA2	Bos	Metazoa	577	False
Q9BG98	Oryctolagus	Metazoa	1179	True
Q9BKU4	Caenorhabditis	Metazoa	275	False
Q9BLB6	Caenorhabditis	Metazoa	253	False
Q9BLG3	Dictyostelium	Other	431	True
Q9BLG4	Dictyostelium	Other	463	True
Q9BMK9	Caenorhabditis	Metazoa	1001	True
Q9BPW8	Homo	Metazoa	284	False
Q9BPX3	Homo	Metazoa	1015	False
Q9BPX6	Homo	Metazoa	476	False
Q9BPZ7	Homo	Metazoa	522	False
Q9BQ04	Homo	Metazoa	359	False
Q9BQ15	Homo	Metazoa	211	False
Q9BQ39	Homo	Metazoa	737	False
Q9BQ52	Homo	Metazoa	826	False
Q9BQ65	Homo	Metazoa	265	False
Q9BQ67	Homo	Metazoa	446	False
Q9BQ69	Homo	Metazoa	325	False
Q9BQ70	Homo	Metazoa	676	False
Q9BQ83	Homo	Metazoa	275	False
Q9BQ87	Homo	Metazoa	522	False
Q9BQ95	Homo	Metazoa	431	False
Q9BQA1	Homo	Metazoa	342	False
Q9BQA5	Homo	Metazoa	517	False
Q9BQD7	Homo	Metazoa	235	True
Q9BQG0	Homo	Metazoa	1328	False
Q9BQG2	Homo	Metazoa	462	False
Q9BQI0	Homo	Metazoa	150	False
Q9BQI6	Homo	Metazoa	1058	False
Q9BQL6	Homo	Metazoa	677	False
Q9BQP7	Homo	Metazoa	344	False
Q9BQT8	Homo	Metazoa	299	True
Q9BR39	Homo	Metazoa	696	False
Q9BR61	Homo	Metazoa	282	False
Q9BRA0	Homo	Metazoa	125	False
Q9BRD0	Homo	Metazoa	619	False
Q9BRG1	Homo	Metazoa	176	False
Q9BRI3	Homo	Metazoa	372	False
Q9BRJ2	Homo	Metazoa	306	False
Q9BRJ7	Homo	Metazoa	211	False
Q9BRL6	Homo	Metazoa	282	False
Q9BRP8	Homo	Metazoa	204	False
Q9BRQ5	Homo	Metazoa	295	True
Q9BRQ6	Homo	Metazoa	235	False
Q9BRQ8	Homo	Metazoa	373	True
Q9BRR0	Homo	Metazoa	538	False
Q9BRS2	Homo	Metazoa	568	False
Q9BRS8	Homo	Metazoa	491	False
Q9BRT2	Homo	Metazoa	126	False
Q9BRT3	Homo	Metazoa	115	False
Q9BRV3	Homo	Metazoa	221	True
Q9BRX5	Homo	Metazoa	216	False
Q9BS16	Homo	Metazoa	269	False
Q9BSA4	Homo	Metazoa	534	True
Q9BSD3	Homo	Metazoa	238	False
Q9BSF0	Homo	Metazoa	95	False
Q9BSF4	Homo	Metazoa	260	True
Q9BSH4	Homo	Metazoa	297	False
Q9BSI4	Homo	Metazoa	451	False
Q9BSJ5	Homo	Metazoa	609	False
Q9BSJ6	Homo	Metazoa	248	False
Q9BSJ8	Homo	Metazoa	1104	True
Q9BSK4	Homo	Metazoa	669	False
Q9BSM1	Homo	Metazoa	259	False
Q9BSU3	Homo	Metazoa	229	False
Q9BSV6	Homo	Metazoa	310	False
Q9BSW2	Homo	Metazoa	731	False
Q9BT17	Homo	Metazoa	334	False
Q9BT23	Homo	Metazoa	127	False
Q9BT30	Homo	Metazoa	221	False
Q9BT43	Homo	Metazoa	218	False
Q9BT49	Homo	Metazoa	309	False
Q9BT78	Homo	Metazoa	406	False
Q9BT92	Homo	Metazoa	498	False
Q9BTA9	Homo	Metazoa	647	False
Q9BTC8	Homo	Metazoa	594	False
Q9BTE3	Homo	Metazoa	642	False
Q9BTE7	Homo	Metazoa	237	False
Q9BTF0	Homo	Metazoa	503	False
Q9BTK6	Homo	Metazoa	254	False
Q9BTL3	Homo	Metazoa	118	False
Q9BTL4	Homo	Metazoa	223	False
Q9BTM9	Homo	Metazoa	101	False
Q9BTP7	Homo	Metazoa	215	False
Q9BTU6	Homo	Metazoa	479	False
Q9BTV4	Homo	Metazoa	400	True
Q9BTV5	Homo	Metazoa	496	False
Q9BTX1	Homo	Metazoa	674	True
Q9BTZ2	Homo	Metazoa	278	False
Q9BU61	Homo	Metazoa	184	False
Q9BU64	Homo	Metazoa	300	False
Q9BUA3	Homo	Metazoa	381	False
Q9BUB5	Homo	Metazoa	465	False
Q9BUB7	Homo	Metazoa	260	False
Q9BUE6	Homo	Metazoa	129	False
Q9BUH6	Homo	Metazoa	204	False
Q9BUI4	Homo	Metazoa	534	False
Q9BUJ2	Homo	Metazoa	856	False
Q9BUK6	Homo	Metazoa	570	False
Q9BUL5	Homo	Metazoa	403	False
Q9BUL9	Homo	Metazoa	199	False
Q9BUQ8	Homo	Metazoa	820	False
Q9BUR4	Homo	Metazoa	548	False
Q9BUU2	Homo	Metazoa	404	False
Q9BUV0	Homo	Metazoa	290	False
Q9BUV8	Homo	Metazoa	137	True
Q9BUX1	Homo	Metazoa	222	False
Q9BUZ4	Homo	Metazoa	470	False
Q9BV20	Homo	Metazoa	369	False
Q9BV38	Homo	Metazoa	432	False
Q9BV47	Homo	Metazoa	211	False
Q9BV68	Homo	Metazoa	311	False
Q9BV79	Homo	Metazoa	373	False
Q9BV86	Homo	Metazoa	223	False
Q9BV90	Homo	Metazoa	132	False
Q9BVC5	Homo	Metazoa	232	False
Q9BVI0	Homo	Metazoa	1012	False
Q9BVI4	Homo	Metazoa	516	False
Q9BVJ6	Homo	Metazoa	771	False
Q9BVJ7	Homo	Metazoa	150	False
Q9BVK8	Homo	Metazoa	224	True
Q9BVL4	Homo	Metazoa	669	False
Q9BVN2	Homo	Metazoa	902	False
Q9BVP2	Homo	Metazoa	549	False
Q9BVS5	Homo	Metazoa	477	False
Q9BVW5	Homo	Metazoa	301	False
Q9BW27	Homo	Metazoa	656	False
Q9BW66	Homo	Metazoa	212	False
Q9BW71	Homo	Metazoa	556	False
Q9BW85	Homo	Metazoa	323	False
Q9BW91	Homo	Metazoa	350	False
Q9BWC9	Homo	Metazoa	280	False
Q9BWF2	Homo	Metazoa	469	False
Q9BWF3	Homo	Metazoa	364	False
Q9BWG6	Homo	Metazoa	230	False
Q9BWH2	Homo	Metazoa	189	True
Q9BWJ5	Homo	Metazoa	86	False
Q9BWK5	Homo	Metazoa	157	False
Q9BWL3	Homo	Metazoa	253	True
Q9BWM7	Homo	Metazoa	321	False
Q9BWN1	Homo	Metazoa	585	False
Q9BWT1	Homo	Metazoa	371	False
Q9BWT3	Homo	Metazoa	736	False
Q9BWU1	Homo	Metazoa	502	False
Q9BWW7	Homo	Metazoa	348	False
Q9BWX1	Homo	Metazoa	381	False
Q9BX63	Homo	Metazoa	1249	False
Q9BX66	Homo	Metazoa	1292	False
Q9BX68	Homo	Metazoa	163	False
Q9BX79	Homo	Metazoa	667	True
Q9BX84	Homo	Metazoa	2022	False
Q9BXA5	Homo	Metazoa	334	True
Q9BXC0	Homo	Metazoa	346	True
Q9BXC1	Homo	Metazoa	333	True
Q9BXC9	Homo	Metazoa	721	False
Q9BXF3	Homo	Metazoa	1484	False
Q9BXF6	Homo	Metazoa	653	False
Q9BXH1	Homo	Metazoa	193	False
Q9BXI2	Homo	Metazoa	301	True
Q9BXJ8	Homo	Metazoa	343	False
Q9BXJ9	Homo	Metazoa	866	False
Q9BXL8	Homo	Metazoa	241	False
Q9BXM0	Homo	Metazoa	1461	False
Q9BXM7	Homo	Metazoa	581	False
Q9BXN2	Homo	Metazoa	247	True
Q9BXP2	Homo	Metazoa	914	True
Q9BXS1	Homo	Metazoa	227	False
Q9BXS9	Homo	Metazoa	759	False
Q9BXU7	Homo	Metazoa	913	False
Q9BXV9	Homo	Metazoa	100	False
Q9BXW9	Homo	Metazoa	1451	False
Q9BXY8	Homo	Metazoa	128	False
Q9BY07	Homo	Metazoa	1137	False
Q9BY10	Homo	Metazoa	475	True
Q9BY12	Homo	Metazoa	1400	False
Q9BY27	Homo	Metazoa	220	False
Q9BY41	Homo	Metazoa	377	False
Q9BY49	Homo	Metazoa	303	False
Q9BY66	Homo	Metazoa	1539	False
Q9BY77	Homo	Metazoa	421	False
Q9BY84	Homo	Metazoa	665	False
Q9BYB4	Homo	Metazoa	327	False
Q9BYC8	Homo	Metazoa	188	False
Q9BYE2	Homo	Metazoa	586	False
Q9BYE7	Homo	Metazoa	350	False
Q9BYG3	Homo	Metazoa	293	False
Q9BYG8	Homo	Metazoa	508	False
Q9BYH8	Homo	Metazoa	718	False
Q9BYI3	Homo	Metazoa	521	False
Q9BYJ4	Homo	Metazoa	488	False
Q9BYN7	Homo	Metazoa	854	False
Q9BYV1	Homo	Metazoa	514	False
Q9BYV9	Homo	Metazoa	841	False
Q9BYW1	Homo	Metazoa	496	True
Q9BYX4	Homo	Metazoa	1025	False
Q9BZ23	Homo	Metazoa	570	False
Q9BZ67	Homo	Metazoa	464	False
Q9BZ72	Homo	Metazoa	1349	False
Q9BZB8	Homo	Metazoa	566	False
Q9BZC1	Homo	Metazoa	486	False
Q9BZD2	Homo	Metazoa	475	True
Q9BZD4	Homo	Metazoa	464	False
Q9BZE4	Homo	Metazoa	634	False
Q9BZE9	Homo	Metazoa	553	False
Q9BZF1	Homo	Metazoa	889	False
Q9BZF2	Homo	Metazoa	842	False
Q9BZF3	Homo	Metazoa	934	False
Q9BZF9	Homo	Metazoa	1416	False
Q9BZG8	Homo	Metazoa	438	False
Q9BZH6	Homo	Metazoa	1224	False
Q9BZI7	Homo	Metazoa	483	False
Q9BZJ0	Homo	Metazoa	848	False
Q9BZJ4	Homo	Metazoa	359	True
Q9BZJ7	Homo	Metazoa	368	True
Q9BZJ8	Homo	Metazoa	451	True
Q9BZL1	Homo	Metazoa	73	False
Q9BZL6	Homo	Metazoa	878	False
Q9BZM3	Homo	Metazoa	304	False
Q9BZR8	Homo	Metazoa	327	False
Q9BZR9	Homo	Metazoa	551	False
Q9BZS1	Homo	Metazoa	431	False
Q9BZV1	Homo	Metazoa	441	False
Q9BZY9	Homo	Metazoa	425	False
Q9BZZ5	Homo	Metazoa	524	False
Q9C000	Homo	Metazoa	1473	False
Q9C005	Homo	Metazoa	99	False
Q9C019	Homo	Metazoa	465	False
Q9C029	Homo	Metazoa	511	False
Q9C086	Homo	Metazoa	356	False
Q9C0A1	Homo	Metazoa	2572	False
Q9C0B1	Homo	Metazoa	505	False
Q9C0B5	Homo	Metazoa	715	True
Q9C0C2	Homo	Metazoa	1729	False
Q9C0C6	Homo	Metazoa	399	False
Q9C0C7	Homo	Metazoa	1298	False
Q9C0C9	Homo	Metazoa	1292	False
Q9C0E2	Homo	Metazoa	1151	False
Q9C0F3	Homo	Metazoa	470	False
Q9C0H2	Homo	Metazoa	523	True
Q9C0J8	Homo	Metazoa	1336	False
Q9C0K7	Homo	Metazoa	418	False
Q9C103	Schizosaccharomyces pombe	Fungi	735	False
Q9C107	Schizosaccharomyces pombe	Fungi	815	False
Q9C115	Schizosaccharomyces pombe	Fungi	150	False
Q9C446	Penicillium	Fungi	371	False
Q9C4Z7	Arabidopsis	Plants	229	False
Q9C516	Arabidopsis	Plants	848	False
Q9C598	Arabidopsis	Plants	283	False
Q9C5C0	Arabidopsis	Plants	615	False
Q9C5C8	Arabidopsis	Plants	202	False
Q9C5G0	Arabidopsis	Plants	367	False
Q9C5H5	Arabidopsis	Plants	716	False
Q9C5H9	Arabidopsis	Plants	678	False
Q9C5J3	Arabidopsis	Plants	946	False
Q9C5J9	Arabidopsis	Plants	342	False
Q9C5Q2	Arabidopsis	Plants	262	False
Q9C5Q8	Arabidopsis	Plants	942	False
Q9C5S1	Arabidopsis	Plants	784	False
Q9C5U1	Arabidopsis	Plants	1036	True
Q9C5W3	Arabidopsis	Plants	985	False
Q9C5W9	Arabidopsis	Plants	602	False
Q9C5X4	Arabidopsis	Plants	1062	False
Q9C5Y0	Arabidopsis	Plants	868	False
Q9C5Z3	Arabidopsis	Plants	441	False
Q9C639	Arabidopsis	Plants	256	False
Q9C664	Arabidopsis	Plants	674	False
Q9C666	Arabidopsis	Plants	197	False
Q9C6B3	Arabidopsis	Plants	278	False
Q9C6B8	Arabidopsis	Plants	622	True
Q9C6K5	Arabidopsis	Plants	98	False
Q9C6P3	Arabidopsis	Plants	521	False
Q9C6W5	Arabidopsis	Plants	648	False
Q9C6Z1	Arabidopsis	Plants	589	False
Q9C707	Arabidopsis	Plants	298	False
Q9C757	Arabidopsis	Plants	580	True
Q9C7C4	Arabidopsis	Plants	327	False
Q9C7F5	Arabidopsis	Plants	126	False
Q9C7G6	Arabidopsis	Plants	256	False
Q9C7S0	Arabidopsis	Plants	295	False
Q9C7S5	Arabidopsis	Plants	1095	True
Q9C7Y2	Arabidopsis	Plants	229	False
Q9C811	Arabidopsis	Plants	1495	False
Q9C865	Arabidopsis	Plants	439	False
Q9C882	Arabidopsis	Plants	587	False
Q9C895	Arabidopsis	Plants	900	False
Q9C8H3	Arabidopsis	Plants	776	False
Q9C8J6	Arabidopsis	Plants	527	False
Q9C8J7	Arabidopsis	Plants	509	False
Q9C8K2	Arabidopsis	Plants	687	False
Q9C8L4	Arabidopsis	Plants	294	False
Q9C8M2	Arabidopsis	Plants	202	False
Q9C8R8	Arabidopsis	Plants	711	False
Q9C8W9	Arabidopsis	Plants	324	False
Q9C8Y3	Arabidopsis	Plants	511	False
Q9C8Z9	Arabidopsis	Plants	221	False
Q9C909	Arabidopsis	Plants	289	False
Q9C923	Arabidopsis	Plants	576	False
Q9C9B9	Arabidopsis	Plants	643	False
Q9C9E3	Arabidopsis	Plants	269	False
Q9C9F5	Arabidopsis	Plants	308	False
Q9C9G6	Arabidopsis	Plants	157	False
Q9C9K2	Arabidopsis	Plants	134	False
Q9C9K7	Arabidopsis	Plants	302	False
Q9C9L2	Arabidopsis	Plants	325	False
Q9C9L4	Arabidopsis	Plants	285	False
Q9C9M6	Arabidopsis	Plants	196	False
Q9C9M7	Arabidopsis	Plants	348	False
Q9C9P4	Arabidopsis	Plants	541	False
Q9C9T2	Arabidopsis	Plants	451	False
Q9C9T3	Arabidopsis	Plants	67	False
Q9C9U2	Arabidopsis	Plants	398	False
Q9C9U5	Arabidopsis	Plants	1030	False
Q9C9W5	Arabidopsis	Plants	386	False
Q9C9W9	Arabidopsis	Plants	619	False
Q9C9X7	Arabidopsis	Plants	419	False
Q9C9Y6	Arabidopsis	Plants	140	False
Q9CA42	Arabidopsis	Plants	1085	False
Q9CA45	Arabidopsis	Plants	147	False
Q9CA59	Arabidopsis	Plants	256	False
Q9CA64	Arabidopsis	Plants	93	False
Q9CA67	Arabidopsis	Plants	467	False
Q9CA83	Arabidopsis	Plants	646	False
Q9CA89	Arabidopsis	Plants	515	False
Q9CAC5	Arabidopsis	Plants	191	True
Q9CAD5	Arabidopsis	Plants	883	False
Q9CAF2	Arabidopsis	Plants	216	False
Q9CAF4	Arabidopsis	Plants	1309	False
Q9CAF5	Arabidopsis	Plants	338	False
Q9CAF6	Arabidopsis	Plants	950	False
Q9CAL8	Arabidopsis	Plants	710	False
Q9CAQ8	Arabidopsis	Plants	369	False
Q9CB01	Arabidopsis	Plants	202	False
Q9CPN8	Mus	Metazoa	579	False
Q9CPP6	Mus	Metazoa	116	False
Q9CPQ1	Mus	Metazoa	76	True
Q9CPR8	Mus	Metazoa	279	False
Q9CPV9	Mus	Metazoa	347	True
Q9CPX8	Mus	Metazoa	56	True
Q9CPY3	Mus	Metazoa	264	False
Q9CPY4	Mus	Metazoa	127	False
Q9CQ20	Mus	Metazoa	182	False
Q9CQ69	Mus	Metazoa	82	True
Q9CQ70	Mus	Metazoa	111	False
Q9CQ75	Mus	Metazoa	99	False
Q9CQB5	Mus	Metazoa	135	True
Q9CQF3	Mus	Metazoa	227	False
Q9CQG9	Mus	Metazoa	134	True
Q9CQJ2	Mus	Metazoa	290	False
Q9CQJ4	Mus	Metazoa	336	False
Q9CQK7	Mus	Metazoa	243	False
Q9CQP8	Mus	Metazoa	194	False
Q9CQR4	Mus	Metazoa	140	False
Q9CQT2	Mus	Metazoa	265	False
Q9CQT7	Mus	Metazoa	168	False
Q9CQV7	Mus	Metazoa	116	True
Q9CQY6	Mus	Metazoa	136	False
Q9CR14	Mus	Metazoa	375	False
Q9CR21	Mus	Metazoa	156	False
Q9CR24	Mus	Metazoa	210	False
Q9CR51	Mus	Metazoa	118	False
Q9CR58	Mus	Metazoa	291	True
Q9CR61	Mus	Metazoa	137	False
Q9CR68	Mus	Metazoa	274	False
Q9CR95	Mus	Metazoa	275	False
Q9CRA5	Mus	Metazoa	298	False
Q9CRB9	Mus	Metazoa	227	False
Q9CU62	Mus	Metazoa	1233	False
Q9CUU3	Mus	Metazoa	1500	False
Q9CW03	Mus	Metazoa	1217	False
Q9CWE6	Mus	Metazoa	164	False
Q9CWH0	Mus	Metazoa	301	False
Q9CWH6	Mus	Metazoa	250	False
Q9CWR0	Mus	Metazoa	618	False
Q9CWU5	Mus	Metazoa	440	False
Q9CWV6	Mus	Metazoa	186	False
Q9CWW7	Mus	Metazoa	660	False
Q9CX60	Mus	Metazoa	105	False
Q9CX80	Mus	Metazoa	190	False
Q9CX92	Mus	Metazoa	205	True
Q9CXG9	Mus	Metazoa	578	False
Q9CXV9	Mus	Metazoa	237	False
Q9CXW3	Mus	Metazoa	229	False
Q9CXW4	Mus	Metazoa	178	False
Q9CXZ1	Mus	Metazoa	175	False
Q9CY57	Mus	Metazoa	249	False
Q9CY73	Mus	Metazoa	333	False
Q9CZ13	Mus	Metazoa	480	False
Q9CZ42	Mus	Metazoa	343	False
Q9CZ57	Mus	Metazoa	381	False
Q9CZD3	Mus	Metazoa	729	False
Q9CZG9	Mus	Metazoa	140	False
Q9CZL5	Mus	Metazoa	136	False
Q9CZP5	Mus	Metazoa	418	True
Q9CZW6	Mus	Metazoa	359	False
Q9CZX7	Mus	Metazoa	257	False
Q9D023	Mus	Metazoa	127	True
Q9D030	Mus	Metazoa	160	False
Q9D067	Mus	Metazoa	708	False
Q9D074	Mus	Metazoa	532	False
Q9D0J4	Mus	Metazoa	184	False
Q9D0M3	Mus	Metazoa	325	False
Q9D0R4	Mus	Metazoa	546	False
Q9D0Z3	Mus	Metazoa	276	False
Q9D1E5	Mus	Metazoa	489	True
Q9D1F4	Mus	Metazoa	257	False
Q9D1M4	Mus	Metazoa	174	False
Q9D1N4	Mus	Metazoa	221	True
Q9D1P2	Mus	Metazoa	458	False
Q9D219	Mus	Metazoa	1425	False
Q9D2A5	Mus	Metazoa	370	False
Q9D2N4	Mus	Metazoa	746	False
Q9D2U9	Mus	Metazoa	126	False
Q9D2V7	Mus	Metazoa	922	False
Q9D2Y4	Mus	Metazoa	472	False
Q9D328	Mus	Metazoa	167	True
Q9D3A9	Mus	Metazoa	450	True
Q9D3F7	Mus	Metazoa	229	False
Q9D3G5	Mus	Metazoa	287	False
Q9D3G9	Mus	Metazoa	191	False
Q9D3R9	Mus	Metazoa	471	False
Q9D489	Mus	Metazoa	467	False
Q9D494	Mus	Metazoa	218	False
Q9D4H9	Mus	Metazoa	941	False
Q9D513	Mus	Metazoa	470	False
Q9D5T0	Mus	Metazoa	361	True
Q9D5T7	Mus	Metazoa	392	False
Q9D5U8	Mus	Metazoa	673	False
Q9D5V6	Mus	Metazoa	365	False
Q9D658	Mus	Metazoa	173	False
Q9D666	Mus	Metazoa	913	False
Q9D687	Mus	Metazoa	634	True
Q9D6J6	Mus	Metazoa	248	False
Q9D6N1	Mus	Metazoa	262	False
Q9D6Y7	Mus	Metazoa	233	False
Q9D6Z0	Mus	Metazoa	221	False
Q9D708	Mus	Metazoa	124	False
Q9D7X3	Mus	Metazoa	185	False
Q9D808	Mus	Metazoa	123	True
Q9D818	Mus	Metazoa	391	False
Q9D842	Mus	Metazoa	499	False
Q9D883	Mus	Metazoa	239	False
Q9D8B6	Mus	Metazoa	190	False
Q9D8F1	Mus	Metazoa	300	False
Q9D8H7	Mus	Metazoa	521	False
Q9D8T2	Mus	Metazoa	487	False
Q9D8V0	Mus	Metazoa	378	True
Q9D915	Mus	Metazoa	106	False
Q9D945	Mus	Metazoa	130	False
Q9D992	Mus	Metazoa	256	False
Q9D995	Mus	Metazoa	334	False
Q9D9D8	Mus	Metazoa	189	False
Q9D9W1	Mus	Metazoa	207	False
Q9DA19	Mus	Metazoa	450	False
Q9DA32	Mus	Metazoa	373	False
Q9DA75	Mus	Metazoa	534	True
Q9DAG4	Mus	Metazoa	180	False
Q9DAG5	Mus	Metazoa	247	False
Q9DAM9	Mus	Metazoa	344	False
Q9DAQ9	Mus	Metazoa	154	False
Q9DB00	Mus	Metazoa	2260	False
Q9DB10	Mus	Metazoa	107	True
Q9DB60	Mus	Metazoa	201	False
Q9DB77	Mus	Metazoa	453	False
Q9DB96	Mus	Metazoa	315	False
Q9DBA6	Mus	Metazoa	568	False
Q9DBD5	Mus	Metazoa	1123	False
Q9DBG9	Mus	Metazoa	124	False
Q9DBI0	Mus	Metazoa	811	True
Q9DBL9	Mus	Metazoa	351	False
Q9DBM0	Mus	Metazoa	673	False
Q9DBP0	Mus	Metazoa	697	False
Q9DBR0	Mus	Metazoa	687	False
Q9DBS1	Mus	Metazoa	400	True
Q9DBS9	Mus	Metazoa	855	False
Q9DBU5	Mus	Metazoa	667	False
Q9DBU6	Mus	Metazoa	334	False
Q9DBY5	Mus	Metazoa	414	False
Q9DBY8	Mus	Metazoa	855	False
Q9DC04	Mus	Metazoa	966	False
Q9DC28	Mus	Metazoa	415	False
Q9DC29	Mus	Metazoa	842	True
Q9DC69	Mus	Metazoa	377	False
Q9DC70	Mus	Metazoa	224	False
Q9DCD5	Mus	Metazoa	549	False
Q9DCJ5	Mus	Metazoa	172	False
Q9DCM2	Mus	Metazoa	226	False
Q9DCP2	Mus	Metazoa	505	True
Q9DCR4	Mus	Metazoa	169	False
Q9DCT2	Mus	Metazoa	263	False
Q9DDT5	Danio	Metazoa	1084	False
Q9DE14	Xenopus	Metazoa	2654	False
Q9DE46	Xenopus	Metazoa	1458	False
Q9DED4	Xenopus	Metazoa	166	False
Q9DEN4	Xenopus	Metazoa	371	False
Q9DER5	Gallus	Metazoa	2802	False
Q9DFS6	Danio	Metazoa	215	False
Q9DG23	Gallus	Metazoa	357	True
Q9EP66	Mus	Metazoa	360	True
Q9EP96	Mus	Metazoa	670	True
Q9EP97	Mus	Metazoa	568	False
Q9EPA0	Rattus	Metazoa	957	False
Q9EPA7	Mus	Metazoa	285	False
Q9EPB4	Mus	Metazoa	193	False
Q9EPC1	Mus	Metazoa	372	False
Q9EPH0	Rattus	Metazoa	744	True
Q9EPI6	Rattus	Metazoa	532	False
Q9EPK5	Mus	Metazoa	395	False
Q9EPK8	Mus	Metazoa	871	False
Q9EPL8	Mus	Metazoa	1038	False
Q9EPN1	Mus	Metazoa	2936	False
Q9EPT8	Rattus	Metazoa	251	True
Q9EPU7	Rattus	Metazoa	560	False
Q9EPW2	Mus	Metazoa	415	False
Q9EPX4	Rattus	Metazoa	343	True
Q9EPZ6	Mus	Metazoa	613	False
Q9EPZ7	Rattus	Metazoa	716	True
Q9EQ28	Mus	Metazoa	462	False
Q9EQ31	Mus	Metazoa	354	True
Q9EQ61	Mus	Metazoa	584	False
Q9EQ80	Mus	Metazoa	376	False
Q9EQJ4	Rattus	Metazoa	579	False
Q9EQJ9	Mus	Metazoa	1476	False
Q9EQN3	Mus	Metazoa	387	False
Q9EQN9	Mus	Metazoa	498	True
Q9EQP2	Mus	Metazoa	541	False
Q9EQQ4	Mus	Metazoa	373	True
Q9EQR2	Rattus	Metazoa	644	False
Q9EQR5	Mus	Metazoa	269	True
Q9EQW6	Mus	Metazoa	323	False
Q9ER31	Rattus	Metazoa	455	True
Q9ER34	Rattus	Metazoa	780	False
Q9ER60	Mus	Metazoa	1841	False
Q9ER69	Mus	Metazoa	396	False
Q9ER74	Mus	Metazoa	1322	False
Q9ER97	Mus	Metazoa	151	False
Q9ER99	Mus	Metazoa	582	False
Q9ERA6	Mus	Metazoa	838	False
Q9ERB5	Mus	Metazoa	715	True
Q9ERD6	Mus	Metazoa	590	False
Q9ERE4	Rattus	Metazoa	298	False
Q9ERG0	Mus	Metazoa	753	False
Q9ERH4	Mus	Metazoa	427	False
Q9ERH7	Mus	Metazoa	1192	False
Q9ERI5	Mus	Metazoa	403	False
Q9ERQ3	Mus	Metazoa	566	False
Q9ERS0	Rattus	Metazoa	405	True
Q9ERS2	Mus	Metazoa	144	True
Q9ERS5	Mus	Metazoa	425	False
Q9ERV1	Mus	Metazoa	416	False
Q9ERZ6	Mus	Metazoa	759	False
Q9ES00	Mus	Metazoa	1173	False
Q9ES07	Mus	Metazoa	729	True
Q9ES19	Rattus	Metazoa	347	False
Q9ES40	Rattus	Metazoa	188	True
Q9ES52	Mus	Metazoa	1191	False
Q9ES53	Rattus	Metazoa	307	False
Q9ES54	Rattus	Metazoa	608	False
Q9ES56	Mus	Metazoa	219	False
Q9ES70	Mus	Metazoa	313	False
Q9ES71	Rattus	Metazoa	678	False
Q9ES73	Rattus	Metazoa	775	False
Q9ES74	Mus	Metazoa	302	False
Q9ES83	Mus	Metazoa	358	True
Q9ESC8	Mus	Metazoa	1160	False
Q9ESD7	Mus	Metazoa	2090	False
Q9ESE1	Mus	Metazoa	2856	False
Q9ESF1	Mus	Metazoa	1997	False
Q9ESJ1	Mus	Metazoa	568	False
Q9ESJ7	Mus	Metazoa	259	False
Q9ESK9	Mus	Metazoa	1588	False
Q9ESL4	Mus	Metazoa	802	False
Q9ESM6	Mus	Metazoa	539	True
Q9ESP5	Mus	Metazoa	455	False
Q9ESQ5	Rattus	Metazoa	1208	False
Q9EST4	Mus	Metazoa	264	False
Q9EST6	Rattus	Metazoa	272	False
Q9EST8	Mus	Metazoa	728	False
Q9ESU6	Mus	Metazoa	1400	False
Q9ESV1	Rattus	Metazoa	1051	False
Q9ESZ8	Mus	Metazoa	998	False
Q9ET38	Mus	Metazoa	224	True
Q9ET77	Mus	Metazoa	744	False
Q9ET78	Mus	Metazoa	696	False
Q9ET80	Mus	Metazoa	660	False
Q9FDW1	Arabidopsis	Plants	305	False
Q9FDX8	Oryza sativa	Plants	395	False
Q9FDX9	Arabidopsis	Plants	98	False
Q9FDY4	Oryza sativa	Plants	582	False
Q9FE20	Arabidopsis	Plants	456	False
Q9FE22	Arabidopsis	Plants	292	False
Q9FE46	Arabidopsis	Plants	214	False
Q9FEA2	Arabidopsis	Plants	570	False
Q9FEB5	Arabidopsis	Plants	379	False
Q9FEC1	Arabidopsis	Plants	172	False
Q9FEF8	Arabidopsis	Plants	308	False
Q9FEN9	Arabidopsis	Plants	228	False
Q9FEW9	Solanum subgen. Lycopersicon	Plants	396	False
Q9FF75	Arabidopsis	Plants	471	False
Q9FFA7	Arabidopsis	Plants	368	False
Q9FFB6	Arabidopsis	Plants	291	False
Q9FFC7	Arabidopsis	Plants	978	False
Q9FFD8	Arabidopsis	Plants	104	False
Q9FFF2	Arabidopsis	Plants	334	False
Q9FFF4	Arabidopsis	Plants	477	False
Q9FFH0	Arabidopsis	Plants	386	False
Q9FFH1	Arabidopsis	Plants	1694	False
Q9FFH3	Arabidopsis	Plants	466	False
Q9FFK6	Arabidopsis	Plants	810	False
Q9FFK8	Arabidopsis	Plants	883	False
Q9FFR3	Arabidopsis	Plants	487	False
Q9FFW5	Arabidopsis	Plants	681	False
Q9FFY9	Arabidopsis	Plants	640	False
Q9FFZ1	Arabidopsis	Plants	484	False
Q9FG00	Arabidopsis	Plants	491	True
Q9FG13	Arabidopsis	Plants	329	False
Q9FG37	Arabidopsis	Plants	838	False
Q9FG61	Arabidopsis	Plants	448	False
Q9FG73	Arabidopsis	Plants	682	False
Q9FG74	Arabidopsis	Plants	498	False
Q9FGB1	Arabidopsis	Plants	385	False
Q9FGH9	Arabidopsis	Plants	624	False
Q9FGM0	Arabidopsis	Plants	806	False
Q9FGM1	Arabidopsis	Plants	188	False
Q9FGQ6	Arabidopsis	Plants	329	False
Q9FGQ9	Arabidopsis	Plants	177	False
Q9FGS4	Arabidopsis	Plants	718	False
Q9FGT8	Arabidopsis	Plants	186	False
Q9FGV1	Arabidopsis	Plants	811	False
Q9FGW5	Arabidopsis	Plants	612	False
Q9FGW9	Arabidopsis	Plants	1061	False
Q9FH02	Arabidopsis	Plants	704	False
Q9FH18	Arabidopsis	Plants	509	False
Q9FH37	Arabidopsis	Plants	234	False
Q9FHD7	Arabidopsis	Plants	487	False
Q9FHI1	Arabidopsis	Plants	215	False
Q9FHK4	Arabidopsis	Plants	615	False
Q9FHM4	Arabidopsis	Plants	707	False
Q9FHP6	Arabidopsis	Plants	168	False
Q9FHW2	Arabidopsis	Plants	171	False
Q9FHZ1	Arabidopsis	Plants	405	False
Q9FI43	Arabidopsis	Plants	487	False
Q9FI46	Arabidopsis	Plants	269	True
Q9FI53	Arabidopsis	Plants	499	False
Q9FI56	Arabidopsis	Plants	929	False
Q9FIB6	Arabidopsis	Plants	442	False
Q9FIC3	Arabidopsis	Plants	93	False
Q9FIE3	Arabidopsis	Plants	620	False
Q9FIF5	Arabidopsis	Plants	413	False
Q9FIG9	Arabidopsis	Plants	801	False
Q9FIK7	Arabidopsis	Plants	415	False
Q9FIL1	Arabidopsis	Plants	489	False
Q9FIP9	Arabidopsis	Plants	592	False
Q9FIU5	Arabidopsis	Plants	440	True
Q9FJ00	Arabidopsis	Plants	307	False
Q9FJ17	Arabidopsis	Plants	211	False
Q9FJ95	Arabidopsis	Plants	364	False
Q9FJA2	Arabidopsis	Plants	258	False
Q9FJD4	Arabidopsis	Plants	870	False
Q9FJF4	Arabidopsis	Plants	306	False
Q9FJF5	Arabidopsis	Plants	423	False
Q9FJG9	Arabidopsis	Plants	445	False
Q9FJH5	Arabidopsis	Plants	283	False
Q9FJI1	Arabidopsis	Plants	178	False
Q9FJI2	Arabidopsis	Plants	166	False
Q9FJI5	Arabidopsis	Plants	515	False
Q9FJL0	Arabidopsis	Plants	1241	False
Q9FJL3	Arabidopsis	Plants	578	False
Q9FJR9	Arabidopsis	Plants	735	False
Q9FJV5	Arabidopsis	Plants	276	False
Q9FJW3	Arabidopsis	Plants	82	True
Q9FJW4	Arabidopsis	Plants	154	False
Q9FJW5	Arabidopsis	Plants	299	False
Q9FJX3	Arabidopsis	Plants	276	False
Q9FK12	Arabidopsis	Plants	354	False
Q9FK13	Arabidopsis	Plants	272	False
Q9FK25	Arabidopsis	Plants	363	False
Q9FK47	Arabidopsis	Plants	402	False
Q9FK60	Arabidopsis	Plants	164	False
Q9FK88	Arabidopsis	Plants	617	False
Q9FKA0	Arabidopsis	Plants	285	False
Q9FKA7	Arabidopsis	Plants	617	False
Q9FKB0	Arabidopsis	Plants	88	False
Q9FKB3	Arabidopsis	Plants	310	False
Q9FKF4	Arabidopsis	Plants	307	False
Q9FKG3	Arabidopsis	Plants	530	False
Q9FKP4	Arabidopsis	Plants	1264	False
Q9FKQ7	Arabidopsis	Plants	150	False
Q9FKS0	Arabidopsis	Plants	486	False
Q9FKS5	Arabidopsis	Plants	307	False
Q9FKS8	Arabidopsis	Plants	446	True
Q9FKW0	Arabidopsis	Plants	522	False
Q9FKW4	Arabidopsis	Plants	523	False
Q9FKW6	Arabidopsis	Plants	360	False
Q9FL12	Arabidopsis	Plants	592	False
Q9FL26	Arabidopsis	Plants	326	False
Q9FLB1	Arabidopsis	Plants	203	False
Q9FLD5	Arabidopsis	Plants	514	True
Q9FLF7	Arabidopsis	Plants	445	False
Q9FLH0	Arabidopsis	Plants	1010	False
Q9FLI7	Arabidopsis	Plants	108	False
Q9FLL1	Arabidopsis	Plants	602	False
Q9FLP0	Arabidopsis	Plants	587	False
Q9FLP6	Arabidopsis	Plants	103	False
Q9FLQ4	Arabidopsis	Plants	464	False
Q9FLS8	Arabidopsis	Plants	478	False
Q9FLT2	Arabidopsis	Plants	300	False
Q9FLT9	Arabidopsis	Plants	259	True
Q9FLU1	Arabidopsis	Plants	454	False
Q9FLV9	Arabidopsis	Plants	635	False
Q9FLW9	Arabidopsis	Plants	579	False
Q9FLY0	Arabidopsis	Plants	325	False
Q9FMA3	Arabidopsis	Plants	728	False
Q9FMD5	Arabidopsis	Plants	447	False
Q9FME2	Arabidopsis	Plants	460	False
Q9FME4	Arabidopsis	Plants	521	False
Q9FMF5	Arabidopsis	Plants	746	False
Q9FMH6	Arabidopsis	Plants	155	False
Q9FMJ0	Arabidopsis	Plants	1121	False
Q9FMK7	Arabidopsis	Plants	365	False
Q9FML2	Arabidopsis	Plants	471	False
Q9FMM3	Arabidopsis	Plants	1714	False
Q9FMN2	Arabidopsis	Plants	930	False
Q9FMS5	Arabidopsis	Plants	672	False
Q9FMT1	Arabidopsis	Plants	409	False
Q9FMU6	Arabidopsis	Plants	375	True
Q9FMV1	Arabidopsis	Plants	252	False
Q9FMX0	Arabidopsis	Plants	263	False
Q9FMY5	Arabidopsis	Plants	283	False
Q9FMZ0	Arabidopsis	Plants	337	False
Q9FN02	Arabidopsis	Plants	413	False
Q9FN03	Arabidopsis	Plants	440	False
Q9FN42	Arabidopsis	Plants	241	False
Q9FN48	Arabidopsis	Plants	387	False
Q9FN50	Arabidopsis	Plants	258	False
Q9FN52	Arabidopsis	Plants	503	False
Q9FN69	Arabidopsis	Plants	637	False
Q9FNB0	Arabidopsis	Plants	1381	False
Q9FNC7	Arabidopsis	Plants	717	False
Q9FNE9	Arabidopsis	Plants	349	False
Q9FNH6	Arabidopsis	Plants	231	True
Q9FNI1	Arabidopsis	Plants	122	False
Q9FNK4	Arabidopsis	Plants	475	False
Q9FNN3	Arabidopsis	Plants	908	False
Q9FNN6	Arabidopsis	Plants	298	False
Q9FNP1	Arabidopsis	Plants	1130	False
Q9FNP4	Arabidopsis	Plants	174	False
Q9FNQ0	Arabidopsis	Plants	625	False
Q9FNR1	Arabidopsis	Plants	309	False
Q9FNR3	Arabidopsis	Plants	639	False
Q9FNY0	Arabidopsis	Plants	485	False
Q9FNY2	Arabidopsis	Plants	385	False
Q9FNY3	Arabidopsis	Plants	292	False
Q9FNY7	Arabidopsis	Plants	365	False
Q9FNZ4	Arabidopsis	Plants	112	False
Q9FNZ5	Arabidopsis	Plants	142	False
Q9FPF0	Arabidopsis	Plants	392	False
Q9FPR3	Arabidopsis	Plants	933	False
Q9FPS9	Arabidopsis	Plants	924	False
Q9FQ02	Arabidopsis	Plants	1012	False
Q9FQ03	Arabidopsis	Plants	1020	False
Q9FQ08	Arabidopsis	Plants	621	False
Q9FQ09	Arabidopsis	Plants	680	False
Q9FR37	Arabidopsis	Plants	425	False
Q9FR53	Arabidopsis	Plants	2481	False
Q9FRL5	Arabidopsis	Plants	309	False
Q9FRV4	Arabidopsis	Plants	310	False
Q9FS87	Solanum	Plants	412	False
Q9FS88	Solanum	Plants	412	False
Q9FT37	Taxus	Plants	862	False
Q9FT52	Arabidopsis	Plants	168	False
Q9FTA2	Arabidopsis	Plants	239	False
Q9FTY0	Oryza sativa	Plants	320	False
Q9FUJ1	Arabidopsis	Plants	524	False
Q9FUP0	Arabidopsis	Plants	391	False
Q9FUT3	Arabidopsis	Plants	678	False
Q9FUY2	Arabidopsis	Plants	931	False
Q9FUZ2	Arabidopsis	Plants	273	False
Q9FV53	Arabidopsis	Plants	269	False
Q9FV71	Arabidopsis	Plants	469	False
Q9FVC1	Arabidopsis	Plants	240	False
Q9FVE6	Arabidopsis	Plants	245	False
Q9FVJ3	Arabidopsis	Plants	337	False
Q9FVQ1	Arabidopsis	Plants	557	False
Q9FVU9	Arabidopsis	Plants	358	False
Q9FVV7	Arabidopsis	Plants	176	False
Q9FVW4	Arabidopsis	Plants	482	False
Q9FVX0	Arabidopsis	Plants	442	False
Q9FWA3	Arabidopsis	Plants	486	False
Q9FWR4	Arabidopsis	Plants	213	False
Q9FX31	Arabidopsis	Plants	722	False
Q9FX36	Arabidopsis	Plants	243	False
Q9FX43	Arabidopsis	Plants	310	False
Q9FX53	Arabidopsis	Plants	406	False
Q9FX54	Arabidopsis	Plants	338	False
Q9FXA8	Arabidopsis	Plants	616	False
Q9FXD6	Arabidopsis	Plants	521	False
Q9FXT6	Arabidopsis	Plants	507	False
Q9FY74	Arabidopsis	Plants	1007	False
Q9FY93	Arabidopsis	Plants	252	False
Q9FY94	Arabidopsis	Plants	292	True
Q9FY99	Arabidopsis	Plants	596	False
Q9FYC2	Arabidopsis	Plants	537	False
Q9FYL3	Arabidopsis	Plants	499	False
Q9FYS5	Zea	Plants	193	False
Q9FZ42	Arabidopsis	Plants	288	False
Q9FZF1	Arabidopsis	Plants	248	False
Q9FZK4	Arabidopsis	Plants	122	False
Q9GL77	Bos	Metazoa	1079	False
Q9GQN5	melanogaster subgroup	Metazoa	1311	False
Q9GRT1	Leishmania mexicana species complex	Other	350	False
Q9GRZ3	Caenorhabditis	Metazoa	1641	False
Q9GS23	Trypanosoma brucei	Other	584	False
Q9GTP4	Crithidia	Other	502	True
Q9GYI0	Caenorhabditis	Metazoa	910	False
Q9GYS1	Caenorhabditis	Metazoa	459	False
Q9GYU8	melanogaster subgroup	Metazoa	702	False
Q9GZH2	Caenorhabditis	Metazoa	448	False
Q9GZL7	Homo	Metazoa	423	False
Q9GZM5	Homo	Metazoa	350	False
Q9GZN0	Homo	Metazoa	384	True
Q9GZN1	Homo	Metazoa	396	False
Q9GZN2	Homo	Metazoa	237	False
Q9GZN7	Homo	Metazoa	287	False
Q9GZQ3	Homo	Metazoa	224	False
Q9GZQ6	Homo	Metazoa	430	True
Q9GZQ8	Homo	Metazoa	125	False
Q9GZR1	Homo	Metazoa	1112	False
Q9GZR2	Homo	Metazoa	422	False
Q9GZR7	Homo	Metazoa	859	False
Q9GZS1	Homo	Metazoa	419	False
Q9GZS3	Homo	Metazoa	305	False
Q9GZT3	Homo	Metazoa	109	False
Q9GZT9	Homo	Metazoa	426	False
Q9GZU7	Homo	Metazoa	261	False
Q9GZU8	Homo	Metazoa	254	False
Q9GZV1	Homo	Metazoa	360	False
Q9GZV3	Homo	Metazoa	580	True
Q9GZV5	Homo	Metazoa	400	False
Q9GZV8	Homo	Metazoa	571	False
Q9GZX5	Homo	Metazoa	532	False
Q9GZX7	Homo	Metazoa	198	False
Q9GZY0	Homo	Metazoa	626	False
Q9GZY6	Homo	Metazoa	243	True
Q9GZY8	Homo	Metazoa	342	False
Q9GZZ1	Homo	Metazoa	169	False
Q9GZZ9	Homo	Metazoa	404	False
Q9H008	Homo	Metazoa	270	False
Q9H015	Homo	Metazoa	551	True
Q9H019	Homo	Metazoa	292	False
Q9H040	Homo	Metazoa	489	False
Q9H061	Homo	Metazoa	195	True
Q9H063	Homo	Metazoa	256	False
Q9H078	Homo	Metazoa	707	False
Q9H079	Homo	Metazoa	304	False
Q9H089	Homo	Metazoa	658	False
Q9H0A0	Homo	Metazoa	1025	False
Q9H0A8	Homo	Metazoa	199	False
Q9H0C2	Homo	Metazoa	315	True
Q9H0D6	Homo	Metazoa	950	False
Q9H0E3	Homo	Metazoa	1048	False
Q9H0E7	Homo	Metazoa	712	False
Q9H0E9	Homo	Metazoa	1235	False
Q9H0F5	Homo	Metazoa	515	False
Q9H0F6	Homo	Metazoa	387	False
Q9H0F7	Homo	Metazoa	186	False
Q9H0G5	Homo	Metazoa	558	False
Q9H0H0	Homo	Metazoa	1196	False
Q9H0H5	Homo	Metazoa	632	False
Q9H0M0	Homo	Metazoa	922	False
Q9H0N0	Homo	Metazoa	254	False
Q9H0N5	Homo	Metazoa	130	False
Q9H0R1	Homo	Metazoa	490	False
Q9H0R6	Homo	Metazoa	528	False
Q9H0S4	Homo	Metazoa	455	False
Q9H0U6	Homo	Metazoa	180	False
Q9H0W9	Homo	Metazoa	315	False
Q9H0Z9	Homo	Metazoa	239	False
Q9H116	Homo	Metazoa	711	False
Q9H147	Homo	Metazoa	329	False
Q9H160	Homo	Metazoa	280	False
Q9H161	Homo	Metazoa	411	False
Q9H165	Homo	Metazoa	835	False
Q9H171	Homo	Metazoa	429	False
Q9H172	Homo	Metazoa	646	False
Q9H190	Homo	Metazoa	292	False
Q9H1D0	Homo	Metazoa	765	False
Q9H1D9	Homo	Metazoa	316	False
Q9H1E3	Homo	Metazoa	243	False
Q9H1I8	Homo	Metazoa	757	False
Q9H1J1	Homo	Metazoa	476	False
Q9H1K0	Homo	Metazoa	784	False
Q9H1K1	Homo	Metazoa	167	False
Q9H1P3	Homo	Metazoa	480	False
Q9H1R2	Homo	Metazoa	295	False
Q9H1U9	Homo	Metazoa	297	True
Q9H1Y3	Homo	Metazoa	402	True
Q9H204	Homo	Metazoa	178	False
Q9H211	Homo	Metazoa	546	False
Q9H221	Homo	Metazoa	673	False
Q9H222	Homo	Metazoa	651	False
Q9H227	Homo	Metazoa	469	False
Q9H228	Homo	Metazoa	398	True
Q9H244	Homo	Metazoa	342	True
Q9H255	Homo	Metazoa	320	True
Q9H299	Homo	Metazoa	93	False
Q9H2D6	Homo	Metazoa	2365	False
Q9H2F5	Homo	Metazoa	836	False
Q9H2G4	Homo	Metazoa	693	False
Q9H2G9	Homo	Metazoa	400	False
Q9H2H9	Homo	Metazoa	487	True
Q9H2K2	Homo	Metazoa	1166	False
Q9H2K8	Homo	Metazoa	898	False
Q9H2S6	Homo	Metazoa	317	True
Q9H2S9	Homo	Metazoa	585	False
Q9H2U1	Homo	Metazoa	1008	False
Q9H2U2	Homo	Metazoa	334	False
Q9H2V7	Homo	Metazoa	528	True
Q9H2W2	Homo	Metazoa	232	False
Q9H2X6	Homo	Metazoa	1198	False
Q9H300	Homo	Metazoa	379	False
Q9H307	Homo	Metazoa	717	False
Q9H310	Homo	Metazoa	458	True
Q9H313	Homo	Metazoa	450	True
Q9H334	Homo	Metazoa	677	False
Q9H3D4	Homo	Metazoa	680	False
Q9H3F6	Homo	Metazoa	313	False
Q9H3H1	Homo	Metazoa	467	False
Q9H3J6	Homo	Metazoa	166	False
Q9H3K2	Homo	Metazoa	345	True
Q9H3K6	Homo	Metazoa	86	False
Q9H3L0	Homo	Metazoa	296	False
Q9H3M7	Homo	Metazoa	391	False
Q9H3N8	Homo	Metazoa	390	True
Q9H3P2	Homo	Metazoa	528	False
Q9H3R5	Homo	Metazoa	247	False
Q9H3S7	Homo	Metazoa	1636	False
Q9H3U1	Homo	Metazoa	944	False
Q9H3Z4	Homo	Metazoa	198	False
Q9H400	Homo	Metazoa	295	True
Q9H410	Homo	Metazoa	356	False
Q9H422	Homo	Metazoa	1215	False
Q9H444	Homo	Metazoa	224	False
Q9H467	Homo	Metazoa	287	False
Q9H4A3	Homo	Metazoa	2382	False
Q9H4A6	Homo	Metazoa	298	False
Q9H4B0	Homo	Metazoa	414	False
Q9H4B4	Homo	Metazoa	646	False
Q9H4B6	Homo	Metazoa	383	False
Q9H4D5	Homo	Metazoa	531	False
Q9H4E5	Homo	Metazoa	214	False
Q9H4E7	Homo	Metazoa	631	False
Q9H4I2	Homo	Metazoa	956	False
Q9H4I3	Homo	Metazoa	376	False
Q9H4I9	Homo	Metazoa	107	True
Q9H4K7	Homo	Metazoa	406	False
Q9H4L4	Homo	Metazoa	574	False
Q9H4L5	Homo	Metazoa	887	False
Q9H4L7	Homo	Metazoa	1026	False
Q9H4M3	Homo	Metazoa	255	False
Q9H4M9	Homo	Metazoa	534	False
Q9H4Q4	Homo	Metazoa	367	False
Q9H4W6	Homo	Metazoa	596	False
Q9H4X1	Homo	Metazoa	137	False
Q9H4Z2	Homo	Metazoa	1342	False
Q9H4Z3	Homo	Metazoa	704	False
Q9H503	Homo	Metazoa	90	False
Q9H582	Homo	Metazoa	1327	False
Q9H583	Homo	Metazoa	2144	False
Q9H596	Homo	Metazoa	190	False
Q9H5F2	Homo	Metazoa	150	False
Q9H5I1	Homo	Metazoa	410	False
Q9H5J8	Homo	Metazoa	278	False
Q9H5P4	Homo	Metazoa	1033	False
Q9H5Q4	Homo	Metazoa	396	False
Q9H5U6	Homo	Metazoa	513	False
Q9H5V7	Homo	Metazoa	419	False
Q9H5V9	Homo	Metazoa	222	False
Q9H5Z1	Homo	Metazoa	703	False
Q9H5Z6	Homo	Metazoa	455	False
Q9H611	Homo	Metazoa	641	False
Q9H633	Homo	Metazoa	154	False
Q9H649	Homo	Metazoa	340	False
Q9H668	Homo	Metazoa	368	False
Q9H6D3	Homo	Metazoa	395	True
Q9H6E5	Homo	Metazoa	874	False
Q9H6F5	Homo	Metazoa	360	False
Q9H6K1	Homo	Metazoa	298	False
Q9H6Q3	Homo	Metazoa	261	False
Q9H6R0	Homo	Metazoa	707	False
Q9H6R3	Homo	Metazoa	686	False
Q9H6R4	Homo	Metazoa	1146	False
Q9H6T0	Homo	Metazoa	727	False
Q9H6U6	Homo	Metazoa	928	False
Q9H6W3	Homo	Metazoa	641	False
Q9H6Z4	Homo	Metazoa	567	False
Q9H6Z9	Homo	Metazoa	239	False
Q9H773	Homo	Metazoa	170	False
Q9H777	Homo	Metazoa	363	False
Q9H790	Homo	Metazoa	373	False
Q9H7B2	Homo	Metazoa	306	False
Q9H7B4	Homo	Metazoa	428	False
Q9H7D0	Homo	Metazoa	1870	False
Q9H7D7	Homo	Metazoa	661	False
Q9H7E2	Homo	Metazoa	651	False
Q9H7L9	Homo	Metazoa	328	False
Q9H7S9	Homo	Metazoa	590	False
Q9H7T9	Homo	Metazoa	357	False
Q9H7V2	Homo	Metazoa	258	False
Q9H7Z3	Homo	Metazoa	1164	False
Q9H7Z6	Homo	Metazoa	458	False
Q9H813	Homo	Metazoa	350	True
Q9H814	Homo	Metazoa	394	False
Q9H816	Homo	Metazoa	532	False
Q9H825	Homo	Metazoa	291	False
Q9H832	Homo	Metazoa	354	False
Q9H840	Homo	Metazoa	131	False
Q9H845	Homo	Metazoa	621	False
Q9H869	Homo	Metazoa	796	False
Q9H871	Homo	Metazoa	391	False
Q9H875	Homo	Metazoa	184	False
Q9H8E8	Homo	Metazoa	782	False
Q9H8H0	Homo	Metazoa	719	False
Q9H8H2	Homo	Metazoa	851	False
Q9H8K7	Homo	Metazoa	445	False
Q9H8M2	Homo	Metazoa	597	False
Q9H8M7	Homo	Metazoa	445	False
Q9H8N7	Homo	Metazoa	513	False
Q9H8T0	Homo	Metazoa	292	False
Q9H8V3	Homo	Metazoa	914	False
Q9H8W5	Homo	Metazoa	580	False
Q9H902	Homo	Metazoa	201	True
Q9H910	Homo	Metazoa	190	False
Q9H981	Homo	Metazoa	624	False
Q9H9A7	Homo	Metazoa	625	False
Q9H9B4	Homo	Metazoa	322	False
Q9H9D4	Homo	Metazoa	720	False
Q9H9E3	Homo	Metazoa	785	False
Q9H9F9	Homo	Metazoa	607	False
Q9H9J2	Homo	Metazoa	332	False
Q9H9L4	Homo	Metazoa	492	False
Q9H9L7	Homo	Metazoa	192	False
Q9H9P5	Homo	Metazoa	680	False
Q9H9P8	Homo	Metazoa	463	False
Q9H9Q2	Homo	Metazoa	264	False
Q9H9Q4	Homo	Metazoa	299	False
Q9H9S0	Homo	Metazoa	305	False
Q9H9T3	Homo	Metazoa	547	False
Q9HA38	Homo	Metazoa	289	False
Q9HAB3	Homo	Metazoa	445	True
Q9HAC7	Homo	Metazoa	438	False
Q9HAF1	Homo	Metazoa	191	False
Q9HAI6	Homo	Metazoa	301	False
Q9HAJ7	Homo	Metazoa	183	False
Q9HAN9	Homo	Metazoa	279	False
Q9HAP2	Homo	Metazoa	919	False
Q9HAP6	Homo	Metazoa	207	False
Q9HAS3	Homo	Metazoa	691	False
Q9HAU4	Homo	Metazoa	748	False
Q9HAV4	Homo	Metazoa	1204	False
Q9HAV7	Homo	Metazoa	217	False
Q9HAW0	Homo	Metazoa	419	False
Q9HAW4	Homo	Metazoa	1339	False
Q9HAZ2	Homo	Metazoa	1276	False
Q9HB07	Homo	Metazoa	376	False
Q9HB14	Homo	Metazoa	408	True
Q9HB15	Homo	Metazoa	430	True
Q9HB21	Homo	Metazoa	404	False
Q9HB58	Homo	Metazoa	689	False
Q9HB65	Homo	Metazoa	397	False
Q9HB71	Homo	Metazoa	228	False
Q9HB75	Homo	Metazoa	910	False
Q9HB90	Homo	Metazoa	399	False
Q9HB96	Homo	Metazoa	536	False
Q9HB97	Rattus	Metazoa	372	False
Q9HBA0	Homo	Metazoa	871	False
Q9HBE1	Homo	Metazoa	687	False
Q9HBF4	Homo	Metazoa	777	False
Q9HBG4	Homo	Metazoa	840	False
Q9HBH1	Homo	Metazoa	243	False
Q9HBH9	Homo	Metazoa	465	False
Q9HBI1	Homo	Metazoa	364	False
Q9HBL8	Homo	Metazoa	299	False
Q9HBM0	Homo	Metazoa	779	False
Q9HBM1	Homo	Metazoa	224	False
Q9HBU9	Homo	Metazoa	364	True
Q9HBW0	Homo	Metazoa	348	True
Q9HBX9	Homo	Metazoa	757	False
Q9HBY8	Homo	Metazoa	367	False
Q9HBZ2	Homo	Metazoa	717	False
Q9HC16	Homo	Metazoa	384	False
Q9HC21	Homo	Metazoa	320	True
Q9HC29	Homo	Metazoa	1040	False
Q9HC36	Homo	Metazoa	420	False
Q9HC52	Homo	Metazoa	389	False
Q9HC62	Homo	Metazoa	589	False
Q9HC97	Homo	Metazoa	309	True
Q9HC98	Homo	Metazoa	313	False
Q9HCC0	Homo	Metazoa	563	False
Q9HCC8	Homo	Metazoa	539	True
Q9HCC9	Homo	Metazoa	887	False
Q9HCD5	Homo	Metazoa	579	False
Q9HCE5	Homo	Metazoa	456	False
Q9HCE7	Homo	Metazoa	757	False
Q9HCE9	Homo	Metazoa	1232	False
Q9HCF6	Homo	Metazoa	1732	False
Q9HCG8	Homo	Metazoa	908	False
Q9HCH5	Homo	Metazoa	934	False
Q9HCI7	Homo	Metazoa	577	False
Q9HCJ1	Homo	Metazoa	492	True
Q9HCK8	Homo	Metazoa	2581	False
Q9HCL2	Homo	Metazoa	828	False
Q9HCM9	Homo	Metazoa	518	False
Q9HCN4	Homo	Metazoa	374	False
Q9HCR9	Homo	Metazoa	933	False
Q9HCS4	Homo	Metazoa	588	False
Q9HCS7	Homo	Metazoa	855	False
Q9HCU8	Homo	Metazoa	107	False
Q9HCU9	Homo	Metazoa	246	False
Q9HCX4	Homo	Metazoa	862	False
Q9HD15	Homo	Metazoa	224	False
Q9HD23	Homo	Metazoa	443	False
Q9HD34	Homo	Metazoa	91	False
Q9HD36	Homo	Metazoa	204	False
Q9HD42	Homo	Metazoa	196	False
Q9HD47	Homo	Metazoa	186	False
Q9HD67	Homo	Metazoa	2058	False
Q9HDD0	Homo	Metazoa	168	False
Q9HDZ6	Schizosaccharomyces pombe	Fungi	155	False
Q9HFF5	Schizosaccharomyces pombe	Fungi	1205	False
Q9HGK2	Schizosaccharomyces pombe	Fungi	216	False
Q9HGM8	Schizosaccharomyces pombe	Fungi	695	False
Q9HGN4	Schizosaccharomyces pombe	Fungi	151	False
Q9HGN6	Schizosaccharomyces pombe	Fungi	399	False
Q9HGP5	Schizosaccharomyces pombe	Fungi	268	False
Q9HGQ2	Schizosaccharomyces pombe	Fungi	688	False
Q9HGY3	Ogataea/Candida clade	Fungi	345	False
Q9I7I0	melanogaster subgroup	Metazoa	575	False
Q9I7I7	melanogaster subgroup	Metazoa	386	False
Q9I7K0	melanogaster subgroup	Metazoa	208	False
Q9I7K6	melanogaster subgroup	Metazoa	492	False
Q9I7U4	melanogaster subgroup	Metazoa	18141	False
Q9I869	Xenopus	Metazoa	651	False
Q9I8A3	Xenopus	Metazoa	294	False
Q9I8D1	Gallus	Metazoa	1276	False
Q9I8K8	Danio	Metazoa	370	True
Q9I9A7	Xenopus	Metazoa	617	False
Q9I9E1	Danio	Metazoa	472	False
Q9I9L7	Danio	Metazoa	383	False
Q9I9N6	Danio	Metazoa	203	False
Q9JHC9	Mus	Metazoa	593	False
Q9JHE3	Mus	Metazoa	756	True
Q9JHE5	Rattus	Metazoa	504	True
Q9JHI8	Mus	Metazoa	578	True
Q9JHI9	Mus	Metazoa	570	True
Q9JHL0	Mus	Metazoa	203	True
Q9JHL4	Rattus	Metazoa	436	False
Q9JHQ0	Mus	Metazoa	345	False
Q9JHR7	Mus	Metazoa	1019	False
Q9JHR9	Mus	Metazoa	270	False
Q9JHS2	Rattus	Metazoa	662	False
Q9JHS4	Mus	Metazoa	634	False
Q9JHU3	Mus	Metazoa	346	False
Q9JHU6	Rattus	Metazoa	180	False
Q9JHX4	Rattus	Metazoa	482	False
Q9JHY8	Rattus	Metazoa	918	False
Q9JHZ9	Rattus	Metazoa	504	True
Q9JI10	Mus	Metazoa	497	False
Q9JI12	Rattus	Metazoa	582	True
Q9JI13	Mus	Metazoa	469	False
Q9JI39	Mus	Metazoa	715	False
Q9JI44	Mus	Metazoa	468	False
Q9JI99	Mus	Metazoa	430	False
Q9JIA7	Mus	Metazoa	617	False
Q9JIB0	Mus	Metazoa	185	False
Q9JIF0	Mus	Metazoa	371	False
Q9JIF3	Mus	Metazoa	477	True
Q9JIF5	Cavia	Metazoa	302	False
Q9JIH2	Mus	Metazoa	466	False
Q9JII1	Mus	Metazoa	647	False
Q9JII5	Mus	Metazoa	406	False
Q9JII6	Mus	Metazoa	325	False
Q9JIK5	Mus	Metazoa	851	False
Q9JIL4	Mus	Metazoa	519	False
Q9JIP0	Rattus	Metazoa	723	False
Q9JIP4	Mus	Metazoa	426	True
Q9JIQ3	Mus	Metazoa	237	False
Q9JIR4	Rattus	Metazoa	1615	False
Q9JIW5	Mus	Metazoa	430	False
Q9JIX5	Rattus	Metazoa	2581	False
Q9JIX9	Mus	Metazoa	511	False
Q9JIY2	Mus	Metazoa	491	False
Q9JIY5	Mus	Metazoa	458	False
Q9JIZ9	Mus	Metazoa	296	False
Q9JJ09	Rattus	Metazoa	695	False
Q9JJ28	Mus	Metazoa	1271	False
Q9JJ43	Mus	Metazoa	396	False
Q9JJ48	Mus	Metazoa	305	False
Q9JJ57	Mus	Metazoa	227	False
Q9JJD0	Mus	Metazoa	305	False
Q9JJF2	Mus	Metazoa	443	False
Q9JJF3	Mus	Metazoa	603	False
Q9JJG9	Mus	Metazoa	693	False
Q9JJK1	Rattus	Metazoa	265	True
Q9JJK4	Rattus	Metazoa	372	True
Q9JJL3	Mus	Metazoa	689	True
Q9JJN6	Mus	Metazoa	81	False
Q9JJP2	Mus	Metazoa	631	False
Q9JJV4	Mus	Metazoa	327	True
Q9JJV7	Rattus	Metazoa	107	True
Q9JJV9	Mus	Metazoa	2019	False
Q9JJY3	Mus	Metazoa	655	False
Q9JJZ1	Rattus	Metazoa	478	True
Q9JK24	Mus	Metazoa	453	False
Q9JK42	Mus	Metazoa	407	False
Q9JK45	Mus	Metazoa	933	False
Q9JK66	Rattus	Metazoa	465	False
Q9JK71	Rattus	Metazoa	1470	False
Q9JK81	Mus	Metazoa	380	False
Q9JK83	Mus	Metazoa	371	False
Q9JK95	Mus	Metazoa	193	True
Q9JKA7	Rattus	Metazoa	1198	False
Q9JKA9	Rattus	Metazoa	863	False
Q9JKD8	Mus	Metazoa	530	False
Q9JKD9	Mus	Metazoa	465	False
Q9JKF1	Mus	Metazoa	1657	False
Q9JKF8	Rattus	Metazoa	280	False
Q9JKL5	Mus	Metazoa	214	False
Q9JKN6	Mus	Metazoa	507	False
Q9JKQ2	Meriones	Metazoa	744	True
Q9JKU3	Rattus	Metazoa	1749	False
Q9JKV2	Mus	Metazoa	629	False
Q9JKX3	Mus	Metazoa	798	True
Q9JKX4	Mus	Metazoa	526	False
Q9JKY0	Mus	Metazoa	299	False
Q9JKZ2	Mus	Metazoa	718	True
Q9JL04	Mus	Metazoa	1578	False
Q9JL16	Mus	Metazoa	300	False
Q9JL19	Mus	Metazoa	2067	False
Q9JL21	Mus	Metazoa	362	True
Q9JL26	Mus	Metazoa	1094	False
Q9JL35	Mus	Metazoa	406	False
Q9JL55	Rattus	Metazoa	331	True
Q9JL56	Mus	Metazoa	331	True
Q9JL60	Mus	Metazoa	562	False
Q9JL61	Mus	Metazoa	658	False
Q9JLB2	Mus	Metazoa	675	False
Q9JLC3	Mus	Metazoa	116	False
Q9JLI6	Mus	Metazoa	432	False
Q9JLI8	Mus	Metazoa	962	False
Q9JLJ3	Rattus	Metazoa	494	False
Q9JLN9	Mus	Metazoa	2549	False
Q9JLP1	Rattus	Metazoa	346	False
Q9JLR5	Mus	Metazoa	209	False
Q9JLT4	Mus	Metazoa	524	False
Q9JLV5	Mus	Metazoa	768	False
Q9JLZ3	Mus	Metazoa	314	False
Q9JM01	Rattus	Metazoa	593	False
Q9JM05	Mus	Metazoa	507	False
Q9JM15	Rattus	Metazoa	485	True
Q9JM47	Rattus	Metazoa	256	False
Q9JM54	Mus	Metazoa	103	False
Q9JM59	Rattus	Metazoa	270	False
Q9JM73	Mus	Metazoa	504	False
Q9JM80	Rattus	Metazoa	424	True
Q9JMA2	Mus	Metazoa	403	False
Q9JMA9	Mus	Metazoa	638	True
Q9JMB1	Mus	Metazoa	375	False
Q9JMD0	Mus	Metazoa	495	False
Q9JMG3	Mus	Metazoa	245	True
Q9JMG6	Rattus	Metazoa	259	False
Q9JMH7	Mus	Metazoa	418	False
Q9JMI1	Rattus	Metazoa	672	False
Q9JMJ4	Rattus	Metazoa	504	False
Q9JMK2	Mus	Metazoa	416	False
Q9LD43	Arabidopsis	Plants	769	False
Q9LD47	Arabidopsis	Plants	320	False
Q9LD83	Arabidopsis	Plants	556	False
Q9LD95	Arabidopsis	Plants	547	False
Q9LDC0	Arabidopsis	Plants	365	False
Q9LDE1	Arabidopsis	Plants	323	False
Q9LDE4	Arabidopsis	Plants	244	False
Q9LDH1	Arabidopsis	Plants	151	False
Q9LDI3	Arabidopsis	Plants	446	False
Q9LDT3	Arabidopsis	Plants	231	False
Q9LE82	Arabidopsis	Plants	535	False
Q9LEQ3	Arabidopsis	Plants	706	True
Q9LES2	Arabidopsis	Plants	478	False
Q9LES3	Arabidopsis	Plants	297	False
Q9LEX1	Arabidopsis	Plants	510	True
Q9LEZ1	Arabidopsis	Plants	144	False
Q9LF37	Arabidopsis	Plants	968	False
Q9LF79	Arabidopsis	Plants	1074	False
Q9LF98	Arabidopsis	Plants	358	False
Q9LFC0	Arabidopsis	Plants	360	False
Q9LFE0	Arabidopsis	Plants	820	False
Q9LFE2	Arabidopsis	Plants	876	False
Q9LFH0	Arabidopsis	Plants	1450	False
Q9LFL6	Arabidopsis	Plants	336	False
Q9LFN6	Arabidopsis	Plants	427	False
Q9LFP6	Arabidopsis	Plants	367	True
Q9LFP7	Arabidopsis	Plants	493	False
Q9LFQ9	Arabidopsis	Plants	359	False
Q9LFV6	Arabidopsis	Plants	1011	False
Q9LFW1	Arabidopsis	Plants	360	False
Q9LFX9	Arabidopsis	Plants	576	True
Q9LFY0	Arabidopsis	Plants	532	False
Q9LG05	Arabidopsis	Plants	485	False
Q9LG26	Arabidopsis	Plants	689	False
Q9LGE3	Oryza sativa	Plants	109	False
Q9LH52	Arabidopsis	Plants	325	False
Q9LHA8	Arabidopsis	Plants	650	False
Q9LHE5	Arabidopsis	Plants	309	False
Q9LHF5	Arabidopsis	Plants	602	False
Q9LHJ9	Arabidopsis	Plants	385	False
Q9LHP2	Arabidopsis	Plants	262	False
Q9LI74	Arabidopsis	Plants	1004	False
Q9LIB2	Arabidopsis	Plants	962	False
Q9LIE5	Arabidopsis	Plants	839	False
Q9LIH6	Arabidopsis	Plants	330	False
Q9LIK0	Arabidopsis	Plants	596	False
Q9LIN3	Arabidopsis	Plants	245	False
Q9LIQ6	Arabidopsis	Plants	234	False
Q9LIQ9	Arabidopsis	Plants	714	False
Q9LIR6	Arabidopsis	Plants	575	False
Q9LIS2	Arabidopsis	Plants	136	False
Q9LJ97	Arabidopsis	Plants	262	False
Q9LJD8	Arabidopsis	Plants	1368	False
Q9LJE4	Arabidopsis	Plants	596	False
Q9LJE5	Arabidopsis	Plants	667	False
Q9LJG6	Arabidopsis	Plants	193	False
Q9LJL3	Arabidopsis	Plants	1080	False
Q9LJN8	Arabidopsis	Plants	340	False
Q9LJZ5	Arabidopsis	Plants	181	False
Q9LK23	Arabidopsis	Plants	516	False
Q9LK34	Arabidopsis	Plants	483	False
Q9LK40	Arabidopsis	Plants	1172	False
Q9LK94	Arabidopsis	Plants	488	True
Q9LKA3	Arabidopsis	Plants	341	False
Q9LKA5	Arabidopsis	Plants	395	False
Q9LKG8	Arabidopsis	Plants	451	False
Q9LKL2	Arabidopsis	Plants	618	False
Q9LKW9	Arabidopsis	Plants	1146	True
Q9LKZ3	Arabidopsis	Plants	1013	False
Q9LL85	Solanum	Plants	274	False
Q9LLC1	Arabidopsis	Plants	255	False
Q9LMA8	Arabidopsis	Plants	253	False
Q9LME4	Arabidopsis	Plants	281	False
Q9LMJ4	Arabidopsis	Plants	599	False
Q9LML2	Arabidopsis	Plants	979	False
Q9LMN4	Arabidopsis	Plants	97	False
Q9LMR3	Arabidopsis	Plants	358	False
Q9LMT0	Arabidopsis	Plants	391	False
Q9LMT2	Arabidopsis	Plants	713	False
Q9LN09	Arabidopsis	Plants	206	False
Q9LN63	Arabidopsis	Plants	335	False
Q9LNC5	Arabidopsis	Plants	987	False
Q9LNE8	Arabidopsis	Plants	200	False
Q9LNW3	Arabidopsis	Plants	442	False
Q9LPL4	Arabidopsis	Plants	360	False
Q9LPP4	Arabidopsis	Plants	128	False
Q9LPS1	Arabidopsis	Plants	498	True
Q9LPW3	Arabidopsis	Plants	450	False
Q9LPW7	Arabidopsis	Plants	577	False
Q9LPZ1	Arabidopsis	Plants	232	False
Q9LPZ4	Arabidopsis	Plants	204	False
Q9LQ02	Arabidopsis	Plants	1453	False
Q9LQ55	Arabidopsis	Plants	920	False
Q9LQ73	Arabidopsis	Plants	235	False
Q9LQF2	Arabidopsis	Plants	551	False
Q9LQL2	Arabidopsis	Plants	614	True
Q9LQT8	Arabidopsis	Plants	533	False
Q9LQZ7	Arabidopsis	Plants	331	False
Q9LR30	Arabidopsis	Plants	481	False
Q9LR64	Arabidopsis	Plants	174	False
Q9LR78	Arabidopsis	Plants	793	False
Q9LR91	Arabidopsis	Plants	319	False
Q9LRB7	Oryza sativa	Plants	325	True
Q9LRH6	Arabidopsis	Plants	309	False
Q9LRR7	Arabidopsis	Plants	599	False
Q9LS00	Arabidopsis	Plants	357	False
Q9LS08	Arabidopsis	Plants	344	False
Q9LS24	Arabidopsis	Plants	292	False
Q9LS26	Arabidopsis	Plants	489	False
Q9LS90	Arabidopsis	Plants	460	False
Q9LSA9	Arabidopsis	Plants	339	False
Q9LSC4	Arabidopsis	Plants	344	False
Q9LSD0	Arabidopsis	Plants	332	False
Q9LSE1	Arabidopsis	Plants	432	False
Q9LSE2	Arabidopsis	Plants	494	False
Q9LSI7	Arabidopsis	Plants	317	False
Q9LSQ5	Arabidopsis	Plants	204	False
Q9LSV0	Arabidopsis	Plants	289	False
Q9LSW8	Arabidopsis	Plants	251	False
Q9LT47	Arabidopsis	Plants	369	False
Q9LT69	Arabidopsis	Plants	588	False
Q9LTB0	Arabidopsis	Plants	752	False
Q9LTB8	Arabidopsis	Plants	213	False
Q9LTC4	Arabidopsis	Plants	285	False
Q9LTJ1	Arabidopsis	Plants	225	False
Q9LTJ6	Arabidopsis	Plants	385	False
Q9LTK0	Arabidopsis	Plants	191	False
Q9LTR2	Arabidopsis	Plants	381	False
Q9LTW4	Arabidopsis	Plants	461	False
Q9LTX3	Arabidopsis	Plants	530	False
Q9LU05	Arabidopsis	Plants	168	False
Q9LU10	Arabidopsis	Plants	448	False
Q9LU39	Arabidopsis	Plants	317	False
Q9LU44	Arabidopsis	Plants	804	False
Q9LU63	Arabidopsis	Plants	220	False
Q9LU64	Arabidopsis	Plants	305	False
Q9LU77	Arabidopsis	Plants	647	True
Q9LU86	Arabidopsis	Plants	216	False
Q9LU89	Arabidopsis	Plants	510	False
Q9LU93	Arabidopsis	Plants	209	False
Q9LUB7	Arabidopsis	Plants	574	False
Q9LUD9	Arabidopsis	Plants	360	False
Q9LUI2	Arabidopsis	Plants	1728	False
Q9LUI3	Arabidopsis	Plants	695	False
Q9LUJ3	Arabidopsis	Plants	163	False
Q9LUT0	Arabidopsis	Plants	364	False
Q9LV03	Arabidopsis	Plants	2208	False
Q9LV58	Arabidopsis	Plants	148	False
Q9LV75	Arabidopsis	Plants	113	False
Q9LV85	Arabidopsis	Plants	564	False
Q9LVA9	Arabidopsis	Plants	420	False
Q9LVB9	Arabidopsis	Plants	172	False
Q9LVD0	Arabidopsis	Plants	289	False
Q9LVG4	Arabidopsis	Plants	495	False
Q9LVH4	Arabidopsis	Plants	177	False
Q9LVI4	Arabidopsis	Plants	352	False
Q9LVI9	Arabidopsis	Plants	426	False
Q9LVM1	Arabidopsis	Plants	728	False
Q9LVM5	Arabidopsis	Plants	324	False
Q9LVQ7	Arabidopsis	Plants	500	False
Q9LVS0	Arabidopsis	Plants	365	False
Q9LW26	Arabidopsis	Plants	701	False
Q9LW29	Arabidopsis	Plants	575	False
Q9LW57	Arabidopsis	Plants	284	False
Q9LW85	Arabidopsis	Plants	726	False
Q9LWU9	Oryza sativa	Plants	617	False
Q9LX14	Arabidopsis	Plants	414	False
Q9LX93	Arabidopsis	Plants	301	True
Q9LX99	Arabidopsis	Plants	1273	False
Q9LXC9	Arabidopsis	Plants	300	False
Q9LXD7	Arabidopsis	Plants	445	False
Q9LXG9	Arabidopsis	Plants	293	False
Q9LXI8	Arabidopsis	Plants	67	False
Q9LXJ0	Arabidopsis	Plants	473	False
Q9LXN4	Arabidopsis	Plants	1024	False
Q9LXR8	Arabidopsis	Plants	318	False
Q9LXR9	Arabidopsis	Plants	348	False
Q9LXW7	Arabidopsis	Plants	1580	False
Q9LXX5	Arabidopsis	Plants	262	False
Q9LY00	Arabidopsis	Plants	294	False
Q9LY23	Arabidopsis	Plants	286	False
Q9LY28	Arabidopsis	Plants	479	False
Q9LY74	Arabidopsis	Plants	338	False
Q9LY75	Arabidopsis	Plants	570	False
Q9LY87	Arabidopsis	Plants	468	False
Q9LYA9	Arabidopsis	Plants	406	False
Q9LYD9	Arabidopsis	Plants	1096	False
Q9LYE4	Arabidopsis	Plants	344	False
Q9LYR2	Arabidopsis	Plants	274	False
Q9LYT1	Arabidopsis	Plants	488	False
Q9LYT7	Arabidopsis	Plants	253	False
Q9LZ66	Arabidopsis	Plants	642	False
Q9LZ78	Arabidopsis	Plants	127	False
Q9LZA6	Arabidopsis	Plants	825	False
Q9LZD0	Arabidopsis	Plants	599	False
Q9LZD3	Arabidopsis	Plants	638	False
Q9LZF1	Arabidopsis	Plants	392	False
Q9LZF8	Arabidopsis	Plants	420	False
Q9LZP8	Arabidopsis	Plants	146	False
Q9LZP9	Arabidopsis	Plants	131	False
Q9LZR5	Arabidopsis	Plants	294	False
Q9LZS0	Arabidopsis	Plants	591	False
Q9LZS3	Arabidopsis	Plants	805	False
Q9LZW2	Arabidopsis	Plants	270	False
Q9LZW4	Arabidopsis	Plants	442	False
Q9M001	Arabidopsis	Plants	399	False
Q9M022	Arabidopsis	Plants	242	False
Q9M024	Arabidopsis	Plants	415	False
Q9M077	Arabidopsis	Plants	294	False
Q9M084	Arabidopsis	Plants	558	False
Q9M086	Arabidopsis	Plants	1883	False
Q9M0A7	Arabidopsis	Plants	250	False
Q9M0G9	Arabidopsis	Plants	680	False
Q9M0K4	Arabidopsis	Plants	283	False
Q9M0N8	Arabidopsis	Plants	71	False
Q9M0V3	Arabidopsis	Plants	1088	False
Q9M0X9	Arabidopsis	Plants	544	False
Q9M0Z3	Arabidopsis	Plants	776	False
Q9M126	Arabidopsis	Plants	457	False
Q9M158	Arabidopsis	Plants	466	False
Q9M199	Arabidopsis	Plants	517	False
Q9M1E2	Arabidopsis	Plants	558	True
Q9M1I7	Arabidopsis	Plants	467	False
Q9M1J1	Arabidopsis	Plants	170	False
Q9M1Z3	Arabidopsis	Plants	91	False
Q9M276	Arabidopsis	Plants	235	False
Q9M297	Arabidopsis	Plants	1256	False
Q9M2D2	Arabidopsis	Plants	410	False
Q9M2N5	Arabidopsis	Plants	696	False
Q9M2R0	Arabidopsis	Plants	773	False
Q9M2V1	Arabidopsis	Plants	405	False
Q9M2X3	Arabidopsis	Plants	295	False
Q9M2Z2	Arabidopsis	Plants	317	False
Q9M374	Arabidopsis	Plants	315	False
Q9M384	Arabidopsis	Plants	653	False
Q9M394	Arabidopsis	Plants	471	False
Q9M3C6	Arabidopsis	Plants	277	False
Q9M401	Arabidopsis	Plants	413	False
Q9M439	Arabidopsis	Plants	388	False
Q9M4A1	Arabidopsis	Plants	383	False
Q9M4A2	Arabidopsis	Plants	362	False
Q9M4B5	Arabidopsis	Plants	129	False
Q9M548	Arabidopsis	Plants	626	False
Q9M591	Arabidopsis	Plants	409	False
Q9M5A9	Arabidopsis	Plants	388	False
Q9M5K2	Arabidopsis	Plants	507	False
Q9M5K3	Arabidopsis	Plants	507	False
Q9M651	Arabidopsis	Plants	545	False
Q9M658	Arabidopsis	Plants	2001	False
Q9M670	Arabidopsis	Plants	366	False
Q9M7I2	Medicago	Plants	475	False
Q9M7Q4	Arabidopsis	Plants	416	False
Q9M7T0	Arabidopsis	Plants	201	False
Q9M7X9	Arabidopsis	Plants	183	False
Q9M7Z1	Arabidopsis	Plants	483	False
Q9M8K7	Arabidopsis	Plants	167	False
Q9M8M7	Arabidopsis	Plants	457	False
Q9M8S2	Arabidopsis	Plants	558	False
Q9M8S7	Arabidopsis	Plants	313	False
Q9M8Z5	Arabidopsis	Plants	582	False
Q9M903	Arabidopsis	Plants	479	False
Q9M9E1	Arabidopsis	Plants	1423	False
Q9M9H4	Arabidopsis	Plants	500	False
Q9M9L6	Arabidopsis	Plants	211	False
Q9M9S3	Arabidopsis	Plants	263	False
Q9M9U5	Arabidopsis	Plants	382	False
Q9M9W3	Arabidopsis	Plants	318	False
Q9M9X4	Arabidopsis	Plants	295	False
Q9M9Y4	Arabidopsis	Plants	421	False
Q9MA15	Arabidopsis	Plants	711	False
Q9MA17	Arabidopsis	Plants	371	False
Q9MA46	Arabidopsis	Plants	471	False
Q9MA75	Arabidopsis	Plants	341	False
Q9MA79	Arabidopsis	Plants	341	False
Q9MA90	Arabidopsis	Plants	322	True
Q9MAC8	Arabidopsis	Plants	792	False
Q9MAM1	Arabidopsis	Plants	447	False
Q9MAQ0	Arabidopsis	Plants	610	False
Q9MBA1	Arabidopsis	Plants	536	False
Q9MBA2	Arabidopsis	Plants	326	False
Q9MZ03	Oryctolagus	Metazoa	298	True
Q9MZE0	Chlorocebus	Metazoa	282	False
Q9MZT1	Canis lupus	Metazoa	976	False
Q9N0Z6	Oryctolagus	Metazoa	1023	False
Q9N1F5	Sus	Metazoa	241	False
Q9N2I8	Bos	Metazoa	511	False
Q9N2L7	Caenorhabditis	Metazoa	632	False
Q9N2W5	Caenorhabditis	Metazoa	301	False
Q9N4A7	Caenorhabditis	Metazoa	313	False
Q9N4M4	Caenorhabditis	Metazoa	8545	False
Q9N4U5	Caenorhabditis	Metazoa	547	False
Q9N589	Caenorhabditis	Metazoa	588	False
Q9N5A8	Caenorhabditis	Metazoa	228	False
Q9N5R9	Caenorhabditis	Metazoa	1030	False
Q9N5S3	Caenorhabditis	Metazoa	365	False
Q9N658	melanogaster subgroup	Metazoa	541	False
Q9NAD6	Caenorhabditis	Metazoa	706	False
Q9NAN2	Caenorhabditis	Metazoa	309	False
Q9NBD7	melanogaster subgroup	Metazoa	1491	False
Q9NBK5	melanogaster subgroup	Metazoa	463	False
Q9NDJ2	melanogaster subgroup	Metazoa	3198	False
Q9NEZ5	Caenorhabditis	Metazoa	350	False
Q9NGX9	melanogaster subgroup	Metazoa	489	False
Q9NH52	Caenorhabditis	Metazoa	898	False
Q9NJH0	melanogaster subgroup	Metazoa	431	False
Q9NJP9	Trypanosoma brucei	Other	512	False
Q9NK54	melanogaster subgroup	Metazoa	1711	False
Q9NLA3	Patiria	Metazoa	346	False
Q9NNW7	Homo	Metazoa	524	False
Q9NP58	Homo	Metazoa	842	True
Q9NP59	Homo	Metazoa	571	True
Q9NP64	Homo	Metazoa	241	False
Q9NP77	Homo	Metazoa	194	False
Q9NP80	Homo	Metazoa	782	False
Q9NP94	Homo	Metazoa	309	True
Q9NP98	Homo	Metazoa	299	False
Q9NPA8	Homo	Metazoa	101	False
Q9NPB1	Homo	Metazoa	228	False
Q9NPB3	Homo	Metazoa	220	False
Q9NPB6	Homo	Metazoa	346	False
Q9NPB9	Homo	Metazoa	350	True
Q9NPC1	Homo	Metazoa	358	True
Q9NPC2	Homo	Metazoa	374	True
Q9NPC3	Homo	Metazoa	277	False
Q9NPC7	Homo	Metazoa	610	False
Q9NPD3	Homo	Metazoa	245	False
Q9NPD5	Homo	Metazoa	702	True
Q9NPD8	Homo	Metazoa	197	False
Q9NPE3	Homo	Metazoa	64	False
Q9NPF4	Homo	Metazoa	335	False
Q9NPF5	Homo	Metazoa	467	False
Q9NPF8	Homo	Metazoa	381	False
Q9NPG3	Homo	Metazoa	1134	False
Q9NPG8	Homo	Metazoa	344	True
Q9NPH0	Homo	Metazoa	428	False
Q9NPH5	Homo	Metazoa	578	True
Q9NPI1	Homo	Metazoa	651	False
Q9NPI6	Homo	Metazoa	582	False
Q9NPI8	Homo	Metazoa	374	False
Q9NPI9	Homo	Metazoa	418	True
Q9NPJ1	Homo	Metazoa	570	False
Q9NPJ4	Homo	Metazoa	139	False
Q9NPJ6	Homo	Metazoa	270	False
Q9NPJ8	Homo	Metazoa	142	False
Q9NPL8	Homo	Metazoa	285	True
Q9NPP4	Homo	Metazoa	1024	False
Q9NQ31	Homo	Metazoa	210	False
Q9NQ33	Homo	Metazoa	181	False
Q9NQ40	Homo	Metazoa	469	True
Q9NQ50	Homo	Metazoa	206	False
Q9NQ55	Homo	Metazoa	473	False
Q9NQ88	Homo	Metazoa	270	False
Q9NQ90	Homo	Metazoa	998	False
Q9NQ92	Homo	Metazoa	184	False
Q9NQ94	Homo	Metazoa	594	False
Q9NQA5	Homo	Metazoa	729	False
Q9NQB0	Homo	Metazoa	619	False
Q9NQC3	Homo	Metazoa	1192	False
Q9NQC7	Homo	Metazoa	956	False
Q9NQE9	Homo	Metazoa	182	False
Q9NQG5	Homo	Metazoa	326	False
Q9NQG6	Homo	Metazoa	463	True
Q9NQH7	Homo	Metazoa	507	False
Q9NQL2	Homo	Metazoa	400	False
Q9NQP4	Homo	Metazoa	134	False
Q9NQR1	Homo	Metazoa	393	False
Q9NQS5	Homo	Metazoa	396	True
Q9NQS7	Homo	Metazoa	918	False
Q9NQT4	Homo	Metazoa	235	False
Q9NQT5	Homo	Metazoa	275	False
Q9NQU5	Homo	Metazoa	681	False
Q9NQV5	Homo	Metazoa	511	False
Q9NQV6	Homo	Metazoa	1147	False
Q9NQV8	Homo	Metazoa	689	False
Q9NQW6	Homo	Metazoa	1124	False
Q9NQW7	Homo	Metazoa	623	False
Q9NQW8	Homo	Metazoa	809	False
Q9NQX1	Homo	Metazoa	630	False
Q9NQX3	Homo	Metazoa	736	False
Q9NQX7	Homo	Metazoa	267	True
Q9NQZ2	Homo	Metazoa	479	False
Q9NQZ3	Homo	Metazoa	744	False
Q9NQZ5	Homo	Metazoa	370	True
Q9NQZ6	Homo	Metazoa	224	False
Q9NR00	Homo	Metazoa	106	False
Q9NR19	Homo	Metazoa	701	False
Q9NR20	Homo	Metazoa	520	False
Q9NR21	Homo	Metazoa	338	False
Q9NR22	Homo	Metazoa	394	False
Q9NR28	Homo	Metazoa	239	False
Q9NR30	Homo	Metazoa	783	False
Q9NR31	Homo	Metazoa	198	False
Q9NR48	Homo	Metazoa	2969	False
Q9NR55	Homo	Metazoa	127	False
Q9NR56	Homo	Metazoa	388	False
Q9NR71	Homo	Metazoa	780	True
Q9NR82	Homo	Metazoa	932	False
Q9NR83	Homo	Metazoa	387	False
Q9NR90	Homo	Metazoa	486	False
Q9NRA0	Homo	Metazoa	654	False
Q9NRA2	Homo	Metazoa	495	True
Q9NRA8	Homo	Metazoa	985	False
Q9NRC8	Homo	Metazoa	400	False
Q9NRF8	Homo	Metazoa	586	False
Q9NRG9	Homo	Metazoa	546	False
Q9NRI5	Homo	Metazoa	854	False
Q9NRL2	Homo	Metazoa	1556	False
Q9NRM0	Homo	Metazoa	540	True
Q9NRM7	Homo	Metazoa	1088	False
Q9NRN7	Homo	Metazoa	309	False
Q9NRN9	Homo	Metazoa	209	False
Q9NRP7	Homo	Metazoa	1315	False
Q9NRQ2	Homo	Metazoa	329	False
Q9NRR3	Homo	Metazoa	84	False
Q9NRR4	Homo	Metazoa	1374	False
Q9NRR5	Homo	Metazoa	601	False
Q9NRR8	Homo	Metazoa	79	False
Q9NRW3	Homo	Metazoa	190	False
Q9NRX1	Homo	Metazoa	252	False
Q9NRX2	Homo	Metazoa	175	False
Q9NRY2	Homo	Metazoa	104	False
Q9NRY6	Homo	Metazoa	295	False
Q9NRY7	Homo	Metazoa	297	False
Q9NRZ7	Homo	Metazoa	376	False
Q9NRZ9	Homo	Metazoa	838	False
Q9NS18	Homo	Metazoa	164	False
Q9NS23	Homo	Metazoa	344	False
Q9NS37	Homo	Metazoa	354	False
Q9NS56	Homo	Metazoa	1045	False
Q9NS69	Homo	Metazoa	142	True
Q9NS73	Homo	Metazoa	344	False
Q9NS75	Homo	Metazoa	346	True
Q9NS86	Homo	Metazoa	450	False
Q9NS91	Homo	Metazoa	495	False
Q9NSA0	Homo	Metazoa	550	True
Q9NSD5	Homo	Metazoa	602	True
Q9NSG2	Homo	Metazoa	853	False
Q9NSI6	Homo	Metazoa	2320	False
Q9NSI8	Homo	Metazoa	373	False
Q9NSK7	Homo	Metazoa	141	True
Q9NSN8	Homo	Metazoa	517	False
Q9NSP4	Homo	Metazoa	180	False
Q9NSU2	Homo	Metazoa	314	False
Q9NSY1	Homo	Metazoa	1161	False
Q9NT68	Homo	Metazoa	2774	False
Q9NTG7	Homo	Metazoa	399	False
Q9NTI2	Homo	Metazoa	1188	False
Q9NTJ3	Homo	Metazoa	1288	False
Q9NTK5	Homo	Metazoa	396	False
Q9NTM9	Homo	Metazoa	273	False
Q9NTW7	Homo	Metazoa	645	False
Q9NTX7	Homo	Metazoa	359	False
Q9NU22	Homo	Metazoa	5596	False
Q9NU63	Homo	Metazoa	452	False
Q9NUB1	Homo	Metazoa	689	False
Q9NUJ1	Homo	Metazoa	306	False
Q9NUK0	Homo	Metazoa	354	False
Q9NUL3	Homo	Metazoa	570	False
Q9NUL5	Homo	Metazoa	291	False
Q9NUL7	Homo	Metazoa	540	False
Q9NUM3	Homo	Metazoa	307	True
Q9NUM4	Homo	Metazoa	274	False
Q9NUP9	Homo	Metazoa	197	False
Q9NUQ2	Homo	Metazoa	364	True
Q9NUQ3	Homo	Metazoa	528	False
Q9NUQ9	Homo	Metazoa	324	False
Q9NUS5	Homo	Metazoa	200	False
Q9NUT2	Homo	Metazoa	735	False
Q9NUU6	Homo	Metazoa	356	False
Q9NUW8	Homo	Metazoa	608	False
Q9NUX5	Homo	Metazoa	634	False
Q9NV06	Homo	Metazoa	445	False
Q9NV29	Homo	Metazoa	134	True
Q9NV31	Homo	Metazoa	184	False
Q9NV56	Homo	Metazoa	204	False
Q9NV70	Homo	Metazoa	894	False
Q9NV88	Homo	Metazoa	658	False
Q9NV96	Homo	Metazoa	361	True
Q9NVA1	Homo	Metazoa	299	False
Q9NVD3	Homo	Metazoa	440	False
Q9NVD7	Homo	Metazoa	372	False
Q9NVF7	Homo	Metazoa	368	False
Q9NVH0	Homo	Metazoa	621	True
Q9NVH1	Homo	Metazoa	559	False
Q9NVH2	Homo	Metazoa	962	False
Q9NVH6	Homo	Metazoa	421	False
Q9NVI1	Homo	Metazoa	1328	False
Q9NVI7	Homo	Metazoa	586	False
Q9NVL8	Homo	Metazoa	296	False
Q9NVM4	Homo	Metazoa	692	False
Q9NVM9	Homo	Metazoa	706	False
Q9NVN8	Homo	Metazoa	582	False
Q9NVP1	Homo	Metazoa	670	False
Q9NVP2	Homo	Metazoa	202	False
Q9NVR2	Homo	Metazoa	710	False
Q9NVT9	Homo	Metazoa	282	False
Q9NVU0	Homo	Metazoa	708	False
Q9NVV4	Homo	Metazoa	582	False
Q9NVV5	Homo	Metazoa	238	True
Q9NVV9	Homo	Metazoa	213	False
Q9NVW2	Homo	Metazoa	624	False
Q9NVX2	Homo	Metazoa	485	False
Q9NW08	Homo	Metazoa	1133	False
Q9NW13	Homo	Metazoa	759	False
Q9NW15	Homo	Metazoa	660	False
Q9NW64	Homo	Metazoa	420	False
Q9NW75	Homo	Metazoa	528	False
Q9NWB6	Homo	Metazoa	273	False
Q9NWD9	Homo	Metazoa	120	False
Q9NWF4	Homo	Metazoa	448	True
Q9NWH2	Homo	Metazoa	141	True
Q9NWM0	Homo	Metazoa	555	False
Q9NWQ8	Homo	Metazoa	432	True
Q9NWQ9	Homo	Metazoa	140	False
Q9NWR8	Homo	Metazoa	336	False
Q9NWS1	Homo	Metazoa	579	False
Q9NWS8	Homo	Metazoa	449	False
Q9NWT1	Homo	Metazoa	392	False
Q9NWT6	Homo	Metazoa	349	False
Q9NWT8	Homo	Metazoa	199	False
Q9NWU1	Homo	Metazoa	459	False
Q9NWU2	Homo	Metazoa	228	False
Q9NWU5	Homo	Metazoa	206	False
Q9NWV8	Homo	Metazoa	329	False
Q9NWY4	Homo	Metazoa	346	False
Q9NWZ5	Homo	Metazoa	548	False
Q9NWZ8	Homo	Metazoa	242	False
Q9NX01	Homo	Metazoa	149	False
Q9NX04	Homo	Metazoa	203	False
Q9NX08	Homo	Metazoa	183	False
Q9NX09	Homo	Metazoa	232	False
Q9NX14	Homo	Metazoa	153	True
Q9NX18	Homo	Metazoa	166	False
Q9NX24	Homo	Metazoa	153	False
Q9NX46	Homo	Metazoa	363	False
Q9NX47	Homo	Metazoa	278	False
Q9NX52	Homo	Metazoa	303	True
Q9NX55	Homo	Metazoa	121	False
Q9NX58	Homo	Metazoa	379	False
Q9NX63	Homo	Metazoa	227	False
Q9NX70	Homo	Metazoa	200	False
Q9NX76	Homo	Metazoa	183	True
Q9NXA8	Homo	Metazoa	310	False
Q9NXE4	Homo	Metazoa	866	False
Q9NXE8	Homo	Metazoa	425	False
Q9NXF1	Homo	Metazoa	929	False
Q9NXL9	Homo	Metazoa	1143	False
Q9NXR7	Homo	Metazoa	383	False
Q9NXR8	Homo	Metazoa	418	False
Q9NXV2	Homo	Metazoa	234	False
Q9NXV6	Homo	Metazoa	580	False
Q9NXW2	Homo	Metazoa	375	False
Q9NXW9	Homo	Metazoa	302	False
Q9NXX6	Homo	Metazoa	385	False
Q9NY12	Homo	Metazoa	217	False
Q9NY25	Homo	Metazoa	188	True
Q9NY26	Homo	Metazoa	324	True
Q9NY27	Homo	Metazoa	417	False
Q9NY33	Homo	Metazoa	737	False
Q9NY37	Homo	Metazoa	505	True
Q9NY46	Homo	Metazoa	2000	False
Q9NY59	Homo	Metazoa	655	False
Q9NY61	Homo	Metazoa	560	False
Q9NY74	Homo	Metazoa	926	False
Q9NY91	Homo	Metazoa	659	True
Q9NY93	Homo	Metazoa	547	False
Q9NY99	Homo	Metazoa	539	False
Q9NYA1	Homo	Metazoa	384	False
Q9NYB5	Homo	Metazoa	712	True
Q9NYB9	Homo	Metazoa	513	False
Q9NYD6	Homo	Metazoa	342	False
Q9NYF0	Homo	Metazoa	836	False
Q9NYF8	Homo	Metazoa	920	False
Q9NYG5	Homo	Metazoa	84	False
Q9NYG8	Homo	Metazoa	393	True
Q9NYH9	Homo	Metazoa	597	False
Q9NYJ8	Homo	Metazoa	693	False
Q9NYK5	Homo	Metazoa	338	False
Q9NYL2	Homo	Metazoa	800	False
Q9NYP3	Homo	Metazoa	566	False
Q9NYP9	Homo	Metazoa	233	False
Q9NYQ2	Mus	Metazoa	353	False
Q9NYQ3	Homo	Metazoa	351	False
Q9NYV4	Homo	Metazoa	1490	False
Q9NYV6	Homo	Metazoa	651	False
Q9NYV7	Homo	Metazoa	291	True
Q9NYW5	Homo	Metazoa	299	True
Q9NYW8	Homo	Metazoa	714	False
Q9NYX4	Homo	Metazoa	217	True
Q9NYY8	Homo	Metazoa	710	False
Q9NZ09	Homo	Metazoa	502	False
Q9NZ42	Homo	Metazoa	101	True
Q9NZ45	Homo	Metazoa	108	True
Q9NZ56	Homo	Metazoa	1722	False
Q9NZ63	Homo	Metazoa	289	False
Q9NZ71	Homo	Metazoa	1219	False
Q9NZ81	Homo	Metazoa	148	False
Q9NZA1	Homo	Metazoa	410	False
Q9NZB2	Homo	Metazoa	1118	False
Q9NZB8	Homo	Metazoa	636	False
Q9NZC4	Homo	Metazoa	300	False
Q9NZC7	Homo	Metazoa	414	False
Q9NZC9	Homo	Metazoa	954	False
Q9NZD1	Homo	Metazoa	345	True
Q9NZD8	Homo	Metazoa	308	False
Q9NZE8	Homo	Metazoa	188	False
Q9NZG7	Homo	Metazoa	142	True
Q9NZH6	Homo	Metazoa	218	False
Q9NZI2	Homo	Metazoa	227	False
Q9NZI5	Homo	Metazoa	618	False
Q9NZI6	Homo	Metazoa	479	False
Q9NZI7	Homo	Metazoa	540	False
Q9NZI8	Homo	Metazoa	577	False
Q9NZJ0	Homo	Metazoa	730	False
Q9NZJ6	Homo	Metazoa	369	False
Q9NZL3	Homo	Metazoa	707	False
Q9NZM1	Homo	Metazoa	2061	False
Q9NZM4	Homo	Metazoa	1560	False
Q9NZM5	Homo	Metazoa	478	False
Q9NZN3	Homo	Metazoa	535	False
Q9NZN4	Homo	Metazoa	543	False
Q9NZN9	Homo	Metazoa	384	False
Q9NZP6	Homo	Metazoa	1156	False
Q9NZQ3	Homo	Metazoa	722	False
Q9NZU7	Homo	Metazoa	370	False
Q9NZV8	Homo	Metazoa	630	False
Q9NZZ3	Homo	Metazoa	219	False
Q9P000	Homo	Metazoa	198	False
Q9P013	Homo	Metazoa	229	False
Q9P032	Homo	Metazoa	175	False
Q9P0J0	Homo	Metazoa	144	True
Q9P0J1	Homo	Metazoa	537	False
Q9P0K7	Homo	Metazoa	980	False
Q9P0K8	Homo	Metazoa	574	False
Q9P0L0	Homo	Metazoa	249	False
Q9P0L2	Homo	Metazoa	795	False
Q9P0L9	Homo	Metazoa	805	False
Q9P0M6	Homo	Metazoa	372	False
Q9P0N8	Homo	Metazoa	246	False
Q9P0N9	Homo	Metazoa	293	False
Q9P0P8	Homo	Metazoa	240	False
Q9P0R6	Homo	Metazoa	139	False
Q9P0S2	Homo	Metazoa	106	True
Q9P0U1	Homo	Metazoa	55	True
Q9P0U3	Homo	Metazoa	644	False
Q9P0U4	Homo	Metazoa	656	False
Q9P0W2	Homo	Metazoa	317	False
Q9P0Z9	Homo	Metazoa	390	False
Q9P127	Homo	Metazoa	313	False
Q9P1Q5	Homo	Metazoa	309	True
Q9P1T7	Homo	Metazoa	246	False
Q9P1W3	Homo	Metazoa	806	True
Q9P1Z0	Homo	Metazoa	1013	False
Q9P1Z2	Homo	Metazoa	691	False
Q9P1Z3	Homo	Metazoa	774	False
Q9P212	Homo	Metazoa	2302	False
Q9P241	Homo	Metazoa	1426	False
Q9P258	Homo	Metazoa	522	False
Q9P267	Homo	Metazoa	1494	False
Q9P275	Homo	Metazoa	1123	False
Q9P286	Homo	Metazoa	719	False
Q9P287	Homo	Metazoa	314	False
Q9P296	Homo	Metazoa	337	True
Q9P2D0	Homo	Metazoa	1353	False
Q9P2D1	Homo	Metazoa	2997	False
Q9P2D8	Homo	Metazoa	2635	False
Q9P2E3	Homo	Metazoa	1918	False
Q9P2H5	Homo	Metazoa	1018	False
Q9P2K5	Homo	Metazoa	600	False
Q9P2K9	Homo	Metazoa	1392	True
Q9P2N6	Homo	Metazoa	904	False
Q9P2P6	Homo	Metazoa	4700	False
Q9P2R6	Homo	Metazoa	1566	False
Q9P2R7	Homo	Metazoa	463	False
Q9P2W1	Homo	Metazoa	217	False
Q9P2Y4	Homo	Metazoa	722	False
Q9P3A7	Schizosaccharomyces pombe	Fungi	809	False
Q9P6L9	Schizosaccharomyces pombe	Fungi	1038	False
Q9P6S5	Schizosaccharomyces pombe	Fungi	307	False
Q9P793	Schizosaccharomyces pombe	Fungi	1418	False
Q9P7A0	Schizosaccharomyces pombe	Fungi	319	False
Q9P7F8	Schizosaccharomyces pombe	Fungi	329	False
Q9P7H1	Schizosaccharomyces pombe	Fungi	537	False
Q9P7J7	Schizosaccharomyces pombe	Fungi	437	False
Q9P7M3	Schizosaccharomyces pombe	Fungi	271	False
Q9P7N2	Schizosaccharomyces pombe	Fungi	162	False
Q9P7P1	Schizosaccharomyces pombe	Fungi	147	False
Q9P7P2	Schizosaccharomyces pombe	Fungi	528	False
Q9P7T4	Schizosaccharomyces pombe	Fungi	1019	False
Q9P7V9	Schizosaccharomyces pombe	Fungi	585	False
Q9P802	Schizosaccharomyces pombe	Fungi	194	False
Q9P804	Schizosaccharomyces pombe	Fungi	548	False
Q9PSW9	Gallus	Metazoa	126	False
Q9PT60	Xenopus	Metazoa	655	False
Q9PVE4	Danio	Metazoa	395	False
Q9PVF7	Danio	Metazoa	729	False
Q9PVF8	Danio	Metazoa	907	False
Q9PW38	Gallus	Metazoa	736	False
Q9QUM9	Mus	Metazoa	246	False
Q9QUR7	Mus	Metazoa	165	False
Q9QUS4	Mus	Metazoa	339	False
Q9QVC8	Rattus	Metazoa	458	False
Q9QVP9	Mus	Metazoa	1009	False
Q9QWH1	Mus	Metazoa	850	False
Q9QWT9	Mus	Metazoa	674	False
Q9QWV4	Mus	Metazoa	267	False
Q9QX11	Mus	Metazoa	398	False
Q9QX60	Mus	Metazoa	277	False
Q9QX74	Rattus	Metazoa	1474	False
Q9QX75	Rattus	Metazoa	687	True
Q9QX98	Mus	Metazoa	324	False
Q9QXD1	Mus	Metazoa	681	False
Q9QXG4	Mus	Metazoa	701	False
Q9QXJ1	Mus	Metazoa	710	False
Q9QXK3	Mus	Metazoa	871	False
Q9QXK9	Mus	Metazoa	374	False
Q9QXM1	Mus	Metazoa	983	False
Q9QXN0	Mus	Metazoa	1986	False
Q9QXP0	Mus	Metazoa	498	True
Q9QXV1	Mus	Metazoa	362	False
Q9QXW9	Mus	Metazoa	531	True
Q9QXX8	Mus	Metazoa	484	False
Q9QXY1	Mus	Metazoa	905	False
Q9QXZ7	Mus	Metazoa	395	False
Q9QXZ9	Mus	Metazoa	521	True
Q9QY02	Rattus	Metazoa	738	False
Q9QY14	Mus	Metazoa	288	False
Q9QY15	Mus	Metazoa	484	False
Q9QY16	Rattus	Metazoa	483	False
Q9QY17	Rattus	Metazoa	488	False
Q9QY24	Mus	Metazoa	411	False
Q9QY44	Rattus	Metazoa	741	False
Q9QY84	Mus	Metazoa	440	False
Q9QY93	Mus	Metazoa	170	False
Q9QYB1	Mus	Metazoa	253	True
Q9QYC0	Mus	Metazoa	735	False
Q9QYE3	Mus	Metazoa	835	False
Q9QYH6	Mus	Metazoa	775	False
Q9QYJ6	Rattus	Metazoa	794	False
Q9QYK3	Rattus	Metazoa	287	False
Q9QYL0	Mus	Metazoa	170	False
Q9QYM8	Mus	Metazoa	241	False
Q9QYR7	Mus	Metazoa	432	False
Q9QYR9	Mus	Metazoa	453	False
Q9QYS9	Mus	Metazoa	341	False
Q9QYW0	Rattus	Metazoa	523	False
Q9QZ04	Mus	Metazoa	1284	False
Q9QZ48	Rattus	Metazoa	569	False
Q9QZ59	Mus	Metazoa	374	False
Q9QZ85	Mus	Metazoa	413	False
Q9QZA2	Rattus	Metazoa	873	False
Q9QZB0	Mus	Metazoa	210	False
Q9QZB1	Mus	Metazoa	239	False
Q9QZE5	Mus	Metazoa	874	False
Q9QZI9	Mus	Metazoa	472	False
Q9QZL0	Mus	Metazoa	486	False
Q9QZM0	Mus	Metazoa	638	False
Q9QZM5	Rattus	Metazoa	476	False
Q9QZN9	Rattus	Metazoa	360	True
Q9QZQ0	Mus	Metazoa	925	False
Q9QZQ8	Mus	Metazoa	369	False
Q9QZR5	Mus	Metazoa	1196	False
Q9QZR8	Rattus	Metazoa	2766	False
Q9QZS2	Mus	Metazoa	194	False
Q9QZS8	Mus	Metazoa	854	False
Q9QZU4	Mus	Metazoa	167	False
Q9QZW9	Mus	Metazoa	404	False
Q9QZX8	Rattus	Metazoa	687	True
Q9R002	Mus	Metazoa	445	False
Q9R007	Mus	Metazoa	190	True
Q9R037	Rattus	Metazoa	908	False
Q9R053	Mus	Metazoa	1765	False
Q9R059	Mus	Metazoa	289	False
Q9R060	Mus	Metazoa	320	False
Q9R061	Mus	Metazoa	275	False
Q9R080	Rattus	Metazoa	673	False
Q9R085	Rattus	Metazoa	952	False
Q9R088	Mus	Metazoa	270	False
Q9R0A0	Mus	Metazoa	376	False
Q9R0A1	Mus	Metazoa	908	False
Q9R0K7	Mus	Metazoa	1198	False
Q9R0N6	Mus	Metazoa	395	True
Q9R0N7	Mus	Metazoa	403	True
Q9R0N8	Mus	Metazoa	511	True
Q9R0Q8	Mus	Metazoa	214	True
Q9R0U0	Mus	Metazoa	262	False
Q9R0W2	Rattus	Metazoa	555	True
Q9R0W5	Rattus	Metazoa	495	True
Q9R0X4	Mus	Metazoa	439	False
Q9R109	Mus	Metazoa	243	False
Q9R154	Rattus	Metazoa	780	True
Q9R155	Mus	Metazoa	780	True
Q9R186	Rattus	Metazoa	767	False
Q9R190	Mus	Metazoa	668	False
Q9R194	Mus	Metazoa	592	False
Q9R1A8	Mus	Metazoa	733	False
Q9R1C0	Mus	Metazoa	341	False
Q9R1C7	Mus	Metazoa	953	False
Q9R1E0	Mus	Metazoa	652	False
Q9R1K2	Rattus	Metazoa	2774	False
Q9R1K7	Mus	Metazoa	455	False
Q9R1K8	Rattus	Metazoa	795	False
Q9R1L5	Mus	Metazoa	1570	False
Q9R1M5	Mus	Metazoa	1163	False
Q9R1N3	Rattus	Metazoa	1218	False
Q9R1P0	Mus	Metazoa	261	False
Q9R1Q2	Rattus	Metazoa	527	False
Q9R1S7	Mus	Metazoa	1498	True
Q9R1T5	Rattus	Metazoa	312	False
Q9R1U5	Rattus	Metazoa	776	False
Q9R1U7	Rattus	Metazoa	536	True
Q9R1X4	Mus	Metazoa	1197	False
Q9R1X5	Mus	Metazoa	1436	False
Q9R210	Mus	Metazoa	475	False
Q9R224	Mus	Metazoa	128	False
Q9R226	Mus	Metazoa	346	False
Q9R237	Rattus	Metazoa	708	False
Q9R269	Mus	Metazoa	1755	False
Q9S709	Arabidopsis	Plants	296	False
Q9S713	Arabidopsis	Plants	562	False
Q9S736	Arabidopsis	Plants	566	False
Q9S745	Arabidopsis	Plants	541	False
Q9S752	Arabidopsis	Plants	388	False
Q9S757	Arabidopsis	Plants	368	False
Q9S775	Arabidopsis	Plants	1384	False
Q9S795	Arabidopsis	Plants	501	False
Q9S7B5	Arabidopsis	Plants	526	False
Q9S7C0	Arabidopsis	Plants	831	False
Q9S7C9	Arabidopsis	Plants	311	False
Q9S7D1	Arabidopsis	Plants	808	False
Q9S7E4	Arabidopsis	Plants	384	False
Q9S7E9	Arabidopsis	Plants	481	False
Q9S7H1	Arabidopsis	Plants	208	False
Q9S7H8	Arabidopsis	Plants	569	False
Q9S7I0	Arabidopsis	Plants	1307	False
Q9S7I8	Arabidopsis	Plants	447	False
Q9S7J7	Arabidopsis	Plants	265	False
Q9S7J9	Arabidopsis	Plants	185	False
Q9S7M0	Arabidopsis	Plants	265	False
Q9S7W5	Arabidopsis	Plants	355	False
Q9S7Z2	Arabidopsis	Plants	319	False
Q9S7Z8	Arabidopsis	Plants	640	True
Q9S814	Arabidopsis	Plants	1294	True
Q9S816	Arabidopsis	Plants	521	False
Q9S834	Arabidopsis	Plants	298	False
Q9S841	Arabidopsis	Plants	331	False
Q9S850	Arabidopsis	Plants	393	False
Q9S9N6	Arabidopsis	Plants	461	False
Q9S9W2	Arabidopsis	Plants	254	False
Q9S9Z2	Arabidopsis	Plants	365	False
Q9SA14	Arabidopsis	Plants	404	False
Q9SA52	Arabidopsis	Plants	378	False
Q9SA73	Arabidopsis	Plants	394	False
Q9SA96	Arabidopsis	Plants	392	False
Q9SA98	Arabidopsis	Plants	345	False
Q9SAA2	Arabidopsis	Plants	271	False
Q9SAC6	Arabidopsis	Plants	1399	False
Q9SAF6	Arabidopsis	Plants	1128	False
Q9SAH8	Arabidopsis	Plants	532	True
Q9SAJ3	Arabidopsis	Plants	1008	False
Q9SAK4	Arabidopsis	Plants	528	False
Q9SAK5	Arabidopsis	Plants	358	False
Q9SAL0	Arabidopsis	Plants	401	False
Q9SAR5	Arabidopsis	Plants	342	False
Q9SAZ5	Arabidopsis	Plants	155	False
Q9SB47	Arabidopsis	Plants	319	False
Q9SB92	Arabidopsis	Plants	292	False
Q9SCJ9	Arabidopsis	Plants	1067	False
Q9SCK3	Arabidopsis	Plants	261	True
Q9SCK6	Arabidopsis	Plants	469	False
Q9SCL7	Arabidopsis	Plants	347	False
Q9SCP7	Arabidopsis	Plants	359	False
Q9SCQ6	Arabidopsis	Plants	452	False
Q9SCR2	Arabidopsis	Plants	209	False
Q9SCU7	Arabidopsis	Plants	323	False
Q9SCY2	Arabidopsis	Plants	208	False
Q9SCY3	Arabidopsis	Plants	217	False
Q9SCY5	Arabidopsis	Plants	289	False
Q9SD40	Arabidopsis	Plants	370	False
Q9SDW0	Arabidopsis	Plants	323	False
Q9SE43	Arabidopsis	Plants	842	False
Q9SE83	Arabidopsis	Plants	914	False
Q9SEE9	Arabidopsis	Plants	414	False
Q9SEI0	Arabidopsis	Plants	203	False
Q9SEI2	Arabidopsis	Plants	424	False
Q9SEL5	Arabidopsis	Plants	222	False
Q9SEL7	Arabidopsis	Plants	323	False
Q9SEU4	Arabidopsis	Plants	287	False
Q9SEU8	Arabidopsis	Plants	186	False
Q9SF32	Arabidopsis	Plants	454	False
Q9SF47	Arabidopsis	Plants	904	False
Q9SF86	Arabidopsis	Plants	418	False
Q9SFB0	Arabidopsis	Plants	526	True
Q9SFU0	Arabidopsis	Plants	1038	False
Q9SFV2	Arabidopsis	Plants	320	False
Q9SG02	Arabidopsis	Plants	1196	False
Q9SG79	Arabidopsis	Plants	455	False
Q9SG86	Arabidopsis	Plants	675	False
Q9SGA2	Arabidopsis	Plants	361	False
Q9SGH4	Arabidopsis	Plants	220	False
Q9SGS2	Arabidopsis	Plants	338	False
Q9SGS4	Arabidopsis	Plants	302	False
Q9SGU3	Arabidopsis	Plants	296	False
Q9SGY2	Arabidopsis	Plants	423	False
Q9SGZ8	Arabidopsis	Plants	162	False
Q9SH69	Arabidopsis	Plants	487	False
Q9SHG6	Arabidopsis	Plants	849	False
Q9SHJ5	Arabidopsis	Plants	585	False
Q9SHR7	Arabidopsis	Plants	265	False
Q9SHZ6	Arabidopsis	Plants	343	False
Q9SI37	Arabidopsis	Plants	487	False
Q9SI54	Arabidopsis	Plants	99	False
Q9SI64	Arabidopsis	Plants	702	False
Q9SI75	Arabidopsis	Plants	783	False
Q9SIB9	Arabidopsis	Plants	990	False
Q9SID1	Arabidopsis	Plants	238	False
Q9SIE1	Arabidopsis	Plants	475	False
Q9SIF2	Arabidopsis	Plants	780	False
Q9SIG8	Arabidopsis	Plants	519	False
Q9SIH4	Arabidopsis	Plants	206	True
Q9SII6	Arabidopsis	Plants	414	False
Q9SII8	Arabidopsis	Plants	551	False
Q9SIM9	Arabidopsis	Plants	693	False
Q9SIN9	Arabidopsis	Plants	484	False
Q9SIS3	Arabidopsis	Plants	608	False
Q9SIU0	Arabidopsis	Plants	623	False
Q9SIU2	Arabidopsis	Plants	848	False
Q9SIV2	Arabidopsis	Plants	891	False
Q9SIV5	Arabidopsis	Plants	1773	False
Q9SIW2	Arabidopsis	Plants	888	False
Q9SIY3	Arabidopsis	Plants	210	False
Q9SJ50	Arabidopsis	Plants	333	False
Q9SJF0	Arabidopsis	Plants	1018	False
Q9SJF1	Arabidopsis	Plants	589	False
Q9SJG4	Arabidopsis	Plants	257	False
Q9SJH0	Arabidopsis	Plants	118	False
Q9SJN0	Arabidopsis	Plants	442	False
Q9SJQ6	Arabidopsis	Plants	1393	False
Q9SJQ9	Arabidopsis	Plants	358	False
Q9SJT1	Arabidopsis	Plants	700	False
Q9SJU4	Arabidopsis	Plants	399	False
Q9SJU5	Arabidopsis	Plants	172	False
Q9SJV0	Arabidopsis	Plants	340	False
Q9SJW9	Arabidopsis	Plants	571	False
Q9SJX7	Arabidopsis	Plants	433	False
Q9SJZ6	Arabidopsis	Plants	219	False
Q9SK50	Arabidopsis	Plants	539	False
Q9SK55	Arabidopsis	Plants	275	False
Q9SKI4	Arabidopsis	Plants	640	False
Q9SKK0	Arabidopsis	Plants	628	False
Q9SKN5	Arabidopsis	Plants	693	False
Q9SKR2	Arabidopsis	Plants	541	True
Q9SKT0	Arabidopsis	Plants	300	False
Q9SKT1	Arabidopsis	Plants	336	False
Q9SKT7	Arabidopsis	Plants	582	False
Q9SKX1	Arabidopsis	Plants	156	False
Q9SKX5	Arabidopsis	Plants	490	False
Q9SL05	Arabidopsis	Plants	133	False
Q9SL67	Arabidopsis	Plants	443	False
Q9SL92	Arabidopsis	Plants	367	False
Q9SL95	Arabidopsis	Plants	456	True
Q9SLB7	Arabidopsis	Plants	245	False
Q9SLB9	Arabidopsis	Plants	450	False
Q9SLD2	Arabidopsis	Plants	520	False
Q9SLH3	Arabidopsis	Plants	587	False
Q9SLJ2	Arabidopsis	Plants	98	False
Q9SLK6	Arabidopsis	Plants	1240	True
Q9SM23	Arabidopsis	Plants	338	True
Q9SM43	Spinacia	Plants	472	False
Q9SM44	Spinacia	Plants	522	False
Q9SMM5	Arabidopsis	Plants	289	True
Q9SMN1	Arabidopsis	Plants	256	False
Q9SMS0	Arabidopsis	Plants	249	False
Q9SMX1	Arabidopsis	Plants	571	False
Q9SMX3	Arabidopsis	Plants	274	False
Q9SN12	Arabidopsis	Plants	301	False
Q9SN74	Arabidopsis	Plants	240	False
Q9SN78	Arabidopsis	Plants	333	False
Q9SN86	Arabidopsis	Plants	403	False
Q9SNB4	Arabidopsis	Plants	323	False
Q9SNB6	Arabidopsis	Plants	395	False
Q9SNB7	Arabidopsis	Plants	665	False
Q9SNC6	Arabidopsis	Plants	660	False
Q9SND6	Arabidopsis	Plants	342	False
Q9SP32	Arabidopsis	Plants	1909	False
Q9SP35	Arabidopsis	Plants	243	True
Q9SPG2	Arabidopsis	Plants	366	False
Q9SPG9	Arabidopsis	Plants	214	False
Q9SPU7	Arabidopsis	Plants	1123	False
Q9SQ67	Papaver	Plants	321	False
Q9SQ68	Papaver	Plants	321	False
Q9SQ69	Papaver	Plants	321	False
Q9SQ70	Papaver	Plants	321	False
Q9SQI2	Arabidopsis	Plants	1173	False
Q9SQI8	Arabidopsis	Plants	480	False
Q9SQQ9	Arabidopsis	Plants	394	False
Q9SQR3	Arabidopsis	Plants	267	False
Q9SQX9	Arabidopsis	Plants	447	False
Q9SQY0	Arabidopsis	Plants	451	False
Q9SR06	Arabidopsis	Plants	444	False
Q9SR62	Arabidopsis	Plants	309	False
Q9SRH5	Arabidopsis	Plants	276	False
Q9SRH7	Arabidopsis	Plants	490	False
Q9SRK5	Arabidopsis	Plants	282	False
Q9SRT0	Arabidopsis	Plants	460	False
Q9SRT9	Arabidopsis	Plants	357	False
Q9SRV5	Arabidopsis	Plants	765	False
Q9SRW7	Arabidopsis	Plants	208	False
Q9SRX9	Arabidopsis	Plants	335	False
Q9SS48	Arabidopsis	Plants	629	False
Q9SS80	Arabidopsis	Plants	685	False
Q9SS90	Arabidopsis	Plants	489	False
Q9SSA4	Arabidopsis	Plants	411	False
Q9SSA5	Arabidopsis	Plants	437	False
Q9SSA8	Arabidopsis	Plants	358	False
Q9SSE7	Arabidopsis	Plants	381	False
Q9SSE9	Arabidopsis	Plants	1027	False
Q9SSS9	Arabidopsis	Plants	234	False
Q9STE8	Arabidopsis	Plants	818	False
Q9STF2	Arabidopsis	Plants	510	False
Q9STG9	Arabidopsis	Plants	561	False
Q9STM3	Arabidopsis	Plants	1360	False
Q9STP8	Arabidopsis	Plants	354	True
Q9STS1	Arabidopsis	Plants	503	False
Q9STS7	Arabidopsis	Plants	353	False
Q9STW6	Arabidopsis	Plants	718	False
Q9STX3	Arabidopsis	Plants	151	False
Q9STY0	Arabidopsis	Plants	227	True
Q9STY4	Arabidopsis	Plants	599	False
Q9SU05	Arabidopsis	Plants	382	False
Q9SU08	Arabidopsis	Plants	904	False
Q9SU14	Arabidopsis	Plants	282	False
Q9SU30	Arabidopsis	Plants	413	False
Q9SU50	Arabidopsis	Plants	626	True
Q9SU56	Arabidopsis	Plants	610	True
Q9SU72	Arabidopsis	Plants	623	False
Q9SU91	Arabidopsis	Plants	336	False
Q9SU94	Arabidopsis	Plants	390	False
Q9SUA1	Arabidopsis	Plants	763	False
Q9SUA6	Arabidopsis	Plants	214	False
Q9SUP6	Arabidopsis	Plants	324	False
Q9SUQ2	Arabidopsis	Plants	343	False
Q9SUR3	Arabidopsis	Plants	275	False
Q9SUT5	Arabidopsis	Plants	358	False
Q9SV15	Arabidopsis	Plants	325	False
Q9SV55	Arabidopsis	Plants	425	False
Q9SV68	Arabidopsis	Plants	329	False
Q9SVM8	Arabidopsis	Plants	158	False
Q9SVY1	Arabidopsis	Plants	383	False
Q9SW18	Arabidopsis	Plants	312	False
Q9SWA6	Arabidopsis	Plants	432	False
Q9SWG0	Arabidopsis	Plants	409	False
Q9SWG3	Arabidopsis	Plants	827	False
Q9SWI1	Arabidopsis	Plants	439	False
Q9SWW6	Arabidopsis	Plants	1026	False
Q9SX29	Arabidopsis	Plants	159	False
Q9SX65	Arabidopsis	Plants	156	False
Q9SX85	Arabidopsis	Plants	887	False
Q9SX99	Arabidopsis	Plants	261	False
Q9SXE9	Arabidopsis	Plants	152	False
Q9SXJ6	Arabidopsis	Plants	309	False
Q9SXJ7	Arabidopsis	Plants	952	False
Q9SXP7	Arabidopsis	Plants	235	False
Q9SXQ6	Oryza sativa	Plants	380	False
Q9SXZ2	Arabidopsis	Plants	175	False
Q9SY59	Arabidopsis	Plants	1188	False
Q9SY97	Arabidopsis	Plants	273	False
Q9SYB9	Arabidopsis	Plants	404	False
Q9SYG2	Arabidopsis	Plants	383	False
Q9SYJ8	Arabidopsis	Plants	372	False
Q9SYK4	Arabidopsis	Plants	1136	False
Q9SYM0	Arabidopsis	Plants	333	False
Q9SYM2	Arabidopsis	Plants	299	False
Q9SYM5	Arabidopsis	Plants	669	False
Q9SYT0	Arabidopsis	Plants	317	False
Q9SYU4	Arabidopsis	Plants	381	True
Q9SYW8	Arabidopsis	Plants	257	False
Q9SYX1	Arabidopsis	Plants	262	False
Q9SYX2	Arabidopsis	Plants	1029	False
Q9SZ15	Arabidopsis	Plants	421	False
Q9SZ42	Arabidopsis	Plants	323	False
Q9SZ63	Arabidopsis	Plants	309	False
Q9SZA4	Arabidopsis	Plants	457	False
Q9SZC9	Arabidopsis	Plants	949	False
Q9SZD4	Arabidopsis	Plants	443	False
Q9SZD6	Arabidopsis	Plants	953	False
Q9SZF7	Arabidopsis	Plants	531	False
Q9SZH4	Arabidopsis	Plants	495	False
Q9SZI2	Arabidopsis	Plants	372	False
Q9SZI6	Arabidopsis	Plants	352	False
Q9SZN7	Arabidopsis	Plants	153	False
Q9SZQ5	Arabidopsis	Plants	321	False
Q9SZR3	Arabidopsis	Plants	1017	False
Q9SZR9	Arabidopsis	Plants	638	False
Q9SZU7	Arabidopsis	Plants	270	False
Q9T0A4	Arabidopsis	Plants	250	False
Q9T0H9	Arabidopsis	Plants	359	False
Q9TSM6	Macaca	Metazoa	173	False
Q9TSV5	Sus	Metazoa	360	False
Q9TU17	Ovis	Metazoa	413	True
Q9TUP7	Canis lupus	Metazoa	444	True
Q9TV66	Oryctolagus	Metazoa	1175	False
Q9TVM2	melanogaster subgroup	Metazoa	1063	False
Q9TW65	Caenorhabditis	Metazoa	3674	False
Q9TXI7	Caenorhabditis	Metazoa	901	False
Q9TXJ0	Caenorhabditis	Metazoa	348	False
Q9TYT3	Caenorhabditis	Metazoa	316	False
Q9TZ64	Caenorhabditis	Metazoa	497	False
Q9TZ70	Caenorhabditis	Metazoa	205	False
Q9TZC4	Caenorhabditis	Metazoa	466	False
Q9U1H0	melanogaster subgroup	Metazoa	1832	False
Q9U1H9	melanogaster subgroup	Metazoa	672	False
Q9U1K1	melanogaster subgroup	Metazoa	1020	False
Q9U1S7	Caenorhabditis	Metazoa	716	True
Q9U1W1	Caenorhabditis	Metazoa	486	False
Q9U221	Caenorhabditis	Metazoa	282	False
Q9U226	Caenorhabditis	Metazoa	342	False
Q9U280	Caenorhabditis	Metazoa	1139	True
Q9U281	Caenorhabditis	Metazoa	136	False
Q9U299	Caenorhabditis	Metazoa	975	False
Q9U2M1	Caenorhabditis	Metazoa	1499	False
Q9U2Z0	Caenorhabditis	Metazoa	391	False
Q9U2Z2	Caenorhabditis	Metazoa	412	False
Q9U308	Caenorhabditis	Metazoa	1254	False
Q9U3C8	Caenorhabditis	Metazoa	295	False
Q9U3D6	Caenorhabditis	Metazoa	964	False
Q9U3F4	Caenorhabditis	Metazoa	603	False
Q9U3V9	melanogaster subgroup	Metazoa	2079	False
Q9U405	melanogaster subgroup	Metazoa	570	False
Q9U6M1	lizard Leishmania	Other	827	False
Q9U7C9	Dictyostelium	Other	756	False
Q9U7D5	Caenorhabditis	Metazoa	611	True
Q9U7E0	Caenorhabditis	Metazoa	1359	False
Q9U9Y8	Caenorhabditis	Metazoa	634	False
Q9UBB5	Homo	Metazoa	411	False
Q9UBB6	Homo	Metazoa	729	False
Q9UBC0	Homo	Metazoa	465	False
Q9UBC1	Homo	Metazoa	381	False
Q9UBC3	Homo	Metazoa	853	False
Q9UBD5	Homo	Metazoa	711	False
Q9UBD6	Homo	Metazoa	479	True
Q9UBE0	Homo	Metazoa	346	False
Q9UBF1	Homo	Metazoa	373	False
Q9UBF6	Homo	Metazoa	113	False
Q9UBF8	Homo	Metazoa	816	False
Q9UBF9	Homo	Metazoa	498	False
Q9UBH6	Homo	Metazoa	696	False
Q9UBI1	Homo	Metazoa	195	False
Q9UBJ2	Homo	Metazoa	740	False
Q9UBK2	Homo	Metazoa	798	False
Q9UBK9	Homo	Metazoa	157	False
Q9UBL6	Homo	Metazoa	633	False
Q9UBL9	Homo	Metazoa	471	True
Q9UBN4	Homo	Metazoa	977	False
Q9UBN7	Homo	Metazoa	1215	False
Q9UBP0	Homo	Metazoa	616	False
Q9UBP6	Homo	Metazoa	276	False
Q9UBQ5	Homo	Metazoa	218	False
Q9UBS0	Homo	Metazoa	482	False
Q9UBS8	Homo	Metazoa	474	False
Q9UBT2	Homo	Metazoa	640	False
Q9UBT6	Homo	Metazoa	870	False
Q9UBT7	Homo	Metazoa	734	False
Q9UBU7	Homo	Metazoa	674	False
Q9UBU9	Homo	Metazoa	619	False
Q9UBW5	Homo	Metazoa	565	False
Q9UBW7	Homo	Metazoa	1377	False
Q9UBW8	Homo	Metazoa	275	False
Q9UBX0	Homo	Metazoa	185	False
Q9UBX2	Homo	Metazoa	424	False
Q9UBX3	Homo	Metazoa	287	True
Q9UBY0	Homo	Metazoa	812	True
Q9UBY5	Homo	Metazoa	353	True
Q9UBY9	Homo	Metazoa	170	False
Q9UBZ4	Homo	Metazoa	518	False
Q9UBZ9	Homo	Metazoa	1251	False
Q9UDR5	Homo	Metazoa	926	False
Q9UDW3	Homo	Metazoa	170	False
Q9UDX5	Homo	Metazoa	166	True
Q9UDY4	Homo	Metazoa	337	False
Q9UDY8	Homo	Metazoa	824	False
Q9UEE5	Homo	Metazoa	414	False
Q9UEE9	Homo	Metazoa	299	False
Q9UER7	Homo	Metazoa	740	False
Q9UET6	Homo	Metazoa	329	False
Q9UEW3	Homo	Metazoa	520	True
Q9UF56	Homo	Metazoa	701	False
Q9UFC0	Homo	Metazoa	647	False
Q9UFF9	Homo	Metazoa	292	False
Q9UFW8	Homo	Metazoa	167	False
Q9UG56	Homo	Metazoa	409	True
Q9UGC7	Homo	Metazoa	380	False
Q9UGH3	Homo	Metazoa	650	False
Q9UGI0	Homo	Metazoa	708	False
Q9UGI6	Homo	Metazoa	731	False
Q9UGK8	Homo	Metazoa	458	False
Q9UGL1	Homo	Metazoa	1544	False
Q9UGM6	Homo	Metazoa	360	False
Q9UGN5	Homo	Metazoa	583	False
Q9UGP4	Homo	Metazoa	676	False
Q9UGP5	Homo	Metazoa	575	False
Q9UGQ2	Homo	Metazoa	172	True
Q9UGR2	Homo	Metazoa	977	False
Q9UGU0	Homo	Metazoa	1960	False
Q9UGY1	Homo	Metazoa	213	False
Q9UH17	Homo	Metazoa	382	False
Q9UH65	Homo	Metazoa	585	False
Q9UH77	Homo	Metazoa	587	False
Q9UH92	Homo	Metazoa	298	False
Q9UH99	Homo	Metazoa	717	False
Q9UHB7	Homo	Metazoa	1163	False
Q9UHB9	Homo	Metazoa	627	False
Q9UHC3	Homo	Metazoa	531	True
Q9UHD9	Homo	Metazoa	624	False
Q9UHE8	Homo	Metazoa	339	True
Q9UHF7	Homo	Metazoa	1281	False
Q9UHH9	Homo	Metazoa	426	False
Q9UHI5	Homo	Metazoa	535	True
Q9UHI6	Homo	Metazoa	824	False
Q9UHI7	Homo	Metazoa	598	True
Q9UHJ3	Homo	Metazoa	866	False
Q9UHK0	Homo	Metazoa	495	False
Q9UHK6	Homo	Metazoa	382	False
Q9UHL9	Homo	Metazoa	959	False
Q9UHM6	Homo	Metazoa	478	True
Q9UHP7	Homo	Metazoa	191	True
Q9UHQ1	Homo	Metazoa	456	False
Q9UHR5	Homo	Metazoa	308	False
Q9UHV7	Homo	Metazoa	2174	False
Q9UHV8	Homo	Metazoa	139	False
Q9UHV9	Homo	Metazoa	154	False
Q9UHW5	Homo	Metazoa	284	False
Q9UHW9	Homo	Metazoa	1150	False
Q9UHX1	Homo	Metazoa	559	False
Q9UI17	Homo	Metazoa	866	False
Q9UI26	Homo	Metazoa	975	False
Q9UI30	Homo	Metazoa	125	False
Q9UI32	Homo	Metazoa	602	False
Q9UI33	Homo	Metazoa	1791	False
Q9UI36	Homo	Metazoa	758	False
Q9UI40	Homo	Metazoa	661	True
Q9UI43	Homo	Metazoa	246	False
Q9UI95	Homo	Metazoa	211	False
Q9UIA0	Homo	Metazoa	394	False
Q9UIA9	Homo	Metazoa	1087	False
Q9UID6	Homo	Metazoa	485	False
Q9UIF7	Homo	Metazoa	546	False
Q9UIF8	Homo	Metazoa	2168	False
Q9UIG0	Homo	Metazoa	1483	False
Q9UIG8	Homo	Metazoa	710	True
Q9UIH9	Homo	Metazoa	416	False
Q9UII2	Homo	Metazoa	106	False
Q9UIJ5	Homo	Metazoa	367	True
Q9UIJ7	Homo	Metazoa	227	False
Q9UIL1	Homo	Metazoa	159	False
Q9UIL8	Homo	Metazoa	331	False
Q9UIQ6	Homo	Metazoa	1025	False
Q9UIS9	Homo	Metazoa	605	False
Q9UIV1	Homo	Metazoa	285	False
Q9UJ68	Homo	Metazoa	235	False
Q9UJ83	Homo	Metazoa	578	False
Q9UJ98	Homo	Metazoa	1225	False
Q9UJA2	Homo	Metazoa	301	False
Q9UJA3	Homo	Metazoa	840	False
Q9UJL9	Homo	Metazoa	534	False
Q9UJM8	Homo	Metazoa	370	False
Q9UJQ4	Homo	Metazoa	1053	False
Q9UJS0	Homo	Metazoa	675	False
Q9UJU6	Homo	Metazoa	430	False
Q9UJV9	Homo	Metazoa	622	False
Q9UJW9	Homo	Metazoa	196	False
Q9UJX3	Homo	Metazoa	565	False
Q9UJX4	Homo	Metazoa	755	False
Q9UJX5	Homo	Metazoa	808	False
Q9UJY1	Homo	Metazoa	196	False
Q9UJZ1	Homo	Metazoa	356	False
Q9UK17	Homo	Metazoa	655	False
Q9UK32	Homo	Metazoa	745	False
Q9UK33	Homo	Metazoa	172	False
Q9UK39	Homo	Metazoa	431	False
Q9UK41	Homo	Metazoa	221	False
Q9UK45	Homo	Metazoa	103	False
Q9UK58	Homo	Metazoa	526	False
Q9UK59	Homo	Metazoa	544	False
Q9UK61	Homo	Metazoa	1670	False
Q9UK73	Homo	Metazoa	627	False
Q9UK76	Homo	Metazoa	154	False
Q9UK80	Homo	Metazoa	565	False
Q9UK99	Homo	Metazoa	471	False
Q9UKA1	Homo	Metazoa	691	False
Q9UKA2	Homo	Metazoa	621	False
Q9UKD1	Homo	Metazoa	530	False
Q9UKD2	Homo	Metazoa	239	False
Q9UKE5	Homo	Metazoa	1360	False
Q9UKF6	Homo	Metazoa	684	False
Q9UKF7	Homo	Metazoa	332	False
Q9UKG1	Homo	Metazoa	709	False
Q9UKI8	Homo	Metazoa	766	False
Q9UKJ5	Homo	Metazoa	165	False
Q9UKK3	Homo	Metazoa	1724	False
Q9UKK6	Homo	Metazoa	140	False
Q9UKL0	Homo	Metazoa	485	False
Q9UKL3	Homo	Metazoa	1982	False
Q9UKL4	Homo	Metazoa	321	True
Q9UKN8	Homo	Metazoa	822	False
Q9UKP6	Homo	Metazoa	389	True
Q9UKS7	Homo	Metazoa	526	False
Q9UKT4	Homo	Metazoa	447	False
Q9UKT7	Homo	Metazoa	428	False
Q9UKT9	Homo	Metazoa	509	False
Q9UKU7	Homo	Metazoa	415	False
Q9UKV3	Homo	Metazoa	1341	False
Q9UKV8	Homo	Metazoa	859	False
Q9UKX7	Homo	Metazoa	468	False
Q9UKY1	Homo	Metazoa	873	False
Q9UL03	Homo	Metazoa	887	False
Q9UL17	Homo	Metazoa	535	False
Q9UL40	Homo	Metazoa	294	False
Q9UL42	Homo	Metazoa	364	False
Q9UL49	Homo	Metazoa	500	False
Q9UL51	Homo	Metazoa	889	False
Q9UL54	Homo	Metazoa	1235	False
Q9UL62	Homo	Metazoa	973	False
Q9ULC5	Homo	Metazoa	683	True
Q9ULD0	Homo	Metazoa	1010	False
Q9ULD2	Homo	Metazoa	1270	False
Q9ULD4	Homo	Metazoa	1205	False
Q9ULD5	Homo	Metazoa	831	False
Q9ULE0	Homo	Metazoa	1216	False
Q9ULE6	Homo	Metazoa	856	False
Q9ULG1	Homo	Metazoa	1556	False
Q9ULI0	Homo	Metazoa	1458	False
Q9ULJ3	Homo	Metazoa	1066	False
Q9ULJ6	Homo	Metazoa	1067	False
Q9ULL5	Homo	Metazoa	2036	False
Q9ULP0	Homo	Metazoa	352	False
Q9ULP9	Homo	Metazoa	559	False
Q9ULR0	Homo	Metazoa	285	False
Q9ULR3	Homo	Metazoa	514	False
Q9ULU4	Homo	Metazoa	1186	False
Q9ULV3	Homo	Metazoa	898	False
Q9ULV4	Homo	Metazoa	474	False
Q9ULV5	Homo	Metazoa	492	False
Q9ULW0	Homo	Metazoa	747	False
Q9ULX3	Homo	Metazoa	412	False
Q9ULX6	Homo	Metazoa	646	False
Q9ULX9	Homo	Metazoa	164	False
Q9ULY5	Homo	Metazoa	219	True
Q9ULZ2	Homo	Metazoa	295	False
Q9ULZ3	Homo	Metazoa	195	False
Q9UM01	Homo	Metazoa	511	True
Q9UM07	Homo	Metazoa	663	False
Q9UM11	Homo	Metazoa	496	False
Q9UM54	Homo	Metazoa	1294	False
Q9UM63	Homo	Metazoa	463	False
Q9UMN6	Homo	Metazoa	2715	False
Q9UMQ3	Homo	Metazoa	279	False
Q9UMR2	Homo	Metazoa	479	False
Q9UMR7	Homo	Metazoa	237	True
Q9UMS0	Homo	Metazoa	254	False
Q9UMS4	Homo	Metazoa	504	False
Q9UMW8	Homo	Metazoa	372	False
Q9UMX0	Homo	Metazoa	589	False
Q9UMX1	Homo	Metazoa	484	False
Q9UMX2	Homo	Metazoa	235	False
Q9UMX3	Homo	Metazoa	212	False
Q9UMY1	Homo	Metazoa	257	False
Q9UN81	Homo	Metazoa	338	False
Q9UNA4	Homo	Metazoa	740	False
Q9UNE7	Homo	Metazoa	303	False
Q9UNG2	Homo	Metazoa	177	True
Q9UNH5	Homo	Metazoa	594	False
Q9UNH7	Homo	Metazoa	406	False
Q9UNI6	Homo	Metazoa	340	False
Q9UNK9	Homo	Metazoa	670	False
Q9UNL4	Homo	Metazoa	249	False
Q9UNN4	Homo	Metazoa	478	False
Q9UNN5	Homo	Metazoa	650	False
Q9UNP9	Homo	Metazoa	301	False
Q9UNQ0	Homo	Metazoa	655	False
Q9UNQ2	Homo	Metazoa	313	False
Q9UNS1	Homo	Metazoa	1208	False
Q9UNS2	Homo	Metazoa	423	False
Q9UNY4	Homo	Metazoa	1162	False
Q9UNY5	Homo	Metazoa	444	False
Q9UP52	Homo	Metazoa	801	True
Q9UP65	Homo	Metazoa	541	False
Q9UP83	Homo	Metazoa	860	False
Q9UPE1	Homo	Metazoa	567	False
Q9UPI3	Homo	Metazoa	526	True
Q9UPN3	Homo	Metazoa	7388	False
Q9UPN6	Homo	Metazoa	1271	False
Q9UPN9	Homo	Metazoa	1127	False
Q9UPP1	Homo	Metazoa	1060	False
Q9UPR3	Homo	Metazoa	1016	False
Q9UPS6	Homo	Metazoa	1966	False
Q9UPT9	Homo	Metazoa	525	False
Q9UPV0	Homo	Metazoa	1460	False
Q9UPV9	Homo	Metazoa	953	False
Q9UPW5	Homo	Metazoa	1226	False
Q9UPW6	Homo	Metazoa	733	False
Q9UPX6	Homo	Metazoa	916	False
Q9UPY5	Homo	Metazoa	501	True
Q9UPZ3	Homo	Metazoa	1129	False
Q9UPZ9	Homo	Metazoa	632	False
Q9UQ13	Homo	Metazoa	582	False
Q9UQ35	Homo	Metazoa	2752	False
Q9UQ49	Homo	Metazoa	428	False
Q9UQ80	Homo	Metazoa	394	False
Q9UQ84	Homo	Metazoa	846	False
Q9UQ88	Homo	Metazoa	783	False
Q9UQ90	Homo	Metazoa	795	False
Q9UQB9	Homo	Metazoa	309	False
Q9UQC2	Homo	Metazoa	676	False
Q9UQD0	Homo	Metazoa	1980	False
Q9UQF2	Homo	Metazoa	711	False
Q9UQL6	Homo	Metazoa	1122	False
Q9UQN3	Homo	Metazoa	213	False
Q9UQR1	Homo	Metazoa	794	False
Q9UQX0	Schizosaccharomyces pombe	Fungi	218	False
Q9UQY9	Schizosaccharomyces pombe	Fungi	429	False
Q9URQ3	Saccharomyces cerevisiae	Fungi	322	False
Q9URT4	Schizosaccharomyces pombe	Fungi	697	False
Q9URU2	Schizosaccharomyces pombe	Fungi	1397	False
Q9URY2	Schizosaccharomyces pombe	Fungi	474	False
Q9URZ4	Schizosaccharomyces pombe	Fungi	587	False
Q9US25	Schizosaccharomyces pombe	Fungi	1373	False
Q9US52	Schizosaccharomyces pombe	Fungi	118	False
Q9USG8	Schizosaccharomyces pombe	Fungi	1188	False
Q9USJ7	Schizosaccharomyces pombe	Fungi	393	False
Q9USM3	Schizosaccharomyces pombe	Fungi	418	False
Q9USP0	Schizosaccharomyces pombe	Fungi	341	False
Q9USR4	Schizosaccharomyces pombe	Fungi	125	False
Q9USR9	Schizosaccharomyces pombe	Fungi	643	False
Q9UST6	Schizosaccharomyces pombe	Fungi	198	False
Q9USU3	Schizosaccharomyces pombe	Fungi	878	False
Q9USV1	Schizosaccharomyces pombe	Fungi	299	False
Q9USZ3	Schizosaccharomyces pombe	Fungi	84	False
Q9UT18	Schizosaccharomyces pombe	Fungi	591	False
Q9UT19	Schizosaccharomyces pombe	Fungi	764	False
Q9UT23	Schizosaccharomyces pombe	Fungi	834	False
Q9UT24	Schizosaccharomyces pombe	Fungi	2176	False
Q9UT49	Schizosaccharomyces pombe	Fungi	578	False
Q9UT76	Schizosaccharomyces pombe	Fungi	393	False
Q9UTE3	Schizosaccharomyces pombe	Fungi	620	False
Q9UTF7	Schizosaccharomyces pombe	Fungi	327	True
Q9UTG8	Schizosaccharomyces pombe	Fungi	94	False
Q9UTH0	Schizosaccharomyces pombe	Fungi	1162	False
Q9UTH9	Schizosaccharomyces pombe	Fungi	617	False
Q9UTI3	Schizosaccharomyces pombe	Fungi	177	False
Q9UTI4	Schizosaccharomyces pombe	Fungi	172	False
Q9UTJ8	Schizosaccharomyces pombe	Fungi	1285	False
Q9UTK4	Schizosaccharomyces pombe	Fungi	1807	False
Q9UTK5	Schizosaccharomyces pombe	Fungi	1727	False
Q9UTL6	Schizosaccharomyces pombe	Fungi	225	False
Q9UTN3	Schizosaccharomyces pombe	Fungi	684	False
Q9UTN6	Schizosaccharomyces pombe	Fungi	1199	False
Q9UTQ7	Schizosaccharomyces pombe	Fungi	523	False
Q9UTR8	Schizosaccharomyces pombe	Fungi	712	False
Q9UTT1	Schizosaccharomyces pombe	Fungi	1129	False
Q9UU91	Schizosaccharomyces pombe	Fungi	182	True
Q9UU96	Schizosaccharomyces pombe	Fungi	736	False
Q9UUA2	Schizosaccharomyces pombe	Fungi	805	False
Q9UUB6	Schizosaccharomyces pombe	Fungi	300	False
Q9UUC6	Schizosaccharomyces pombe	Fungi	97	False
Q9UUD1	Schizosaccharomyces pombe	Fungi	900	False
Q9UUE5	Schizosaccharomyces pombe	Fungi	675	False
Q9UUF3	Schizosaccharomyces pombe	Fungi	287	False
Q9UUG9	Schizosaccharomyces pombe	Fungi	1339	False
Q9UUM2	Schizosaccharomyces pombe	Fungi	971	False
Q9UV50	Debaryomyces hansenii	Fungi	387	False
Q9V3C4	melanogaster subgroup	Metazoa	1028	False
Q9V3H8	melanogaster subgroup	Metazoa	133	False
Q9V3I2	melanogaster subgroup	Metazoa	219	False
Q9V3I5	melanogaster subgroup	Metazoa	1207	False
Q9V3J4	melanogaster subgroup	Metazoa	356	False
Q9V3J8	melanogaster subgroup	Metazoa	361	False
Q9V3K3	melanogaster subgroup	Metazoa	481	False
Q9V3V0	melanogaster subgroup	Metazoa	258	False
Q9V3V7	melanogaster subgroup	Metazoa	222	False
Q9V3Z1	melanogaster subgroup	Metazoa	484	False
Q9V427	melanogaster subgroup	Metazoa	367	True
Q9V444	melanogaster subgroup	Metazoa	128	False
Q9V452	melanogaster subgroup	Metazoa	140	False
Q9V460	melanogaster subgroup	Metazoa	1078	False
Q9V461	melanogaster subgroup	Metazoa	817	False
Q9V463	melanogaster subgroup	Metazoa	1365	False
Q9V464	melanogaster subgroup	Metazoa	218	False
Q9V466	melanogaster subgroup	Metazoa	845	False
Q9V492	melanogaster subgroup	Metazoa	168	True
Q9V4C8	melanogaster subgroup	Metazoa	1500	False
Q9V4P1	melanogaster subgroup	Metazoa	1239	False
Q9V4Z9	melanogaster subgroup	Metazoa	858	False
Q9V535	melanogaster subgroup	Metazoa	165	False
Q9V5M3	melanogaster subgroup	Metazoa	878	False
Q9V5M6	melanogaster subgroup	Metazoa	963	False
Q9V629	melanogaster subgroup	Metazoa	384	False
Q9V6G5	melanogaster subgroup	Metazoa	378	False
Q9V6L9	melanogaster subgroup	Metazoa	255	False
Q9V6Q2	melanogaster subgroup	Metazoa	225	False
Q9V6U9	melanogaster subgroup	Metazoa	357	False
Q9V727	melanogaster subgroup	Metazoa	1669	False
Q9V7P1	melanogaster subgroup	Metazoa	506	False
Q9V8P9	melanogaster subgroup	Metazoa	1038	False
Q9V968	melanogaster subgroup	Metazoa	218	False
Q9V9M8	melanogaster subgroup	Metazoa	293	False
Q9V9N4	melanogaster subgroup	Metazoa	561	False
Q9V9V9	melanogaster subgroup	Metazoa	200	False
Q9V9W8	melanogaster subgroup	Metazoa	815	False
Q9VA37	melanogaster subgroup	Metazoa	187	False
Q9VA38	melanogaster subgroup	Metazoa	1105	False
Q9VAB8	melanogaster subgroup	Metazoa	457	False
Q9VAH9	melanogaster subgroup	Metazoa	597	False
Q9VAS7	melanogaster subgroup	Metazoa	395	True
Q9VAW5	melanogaster subgroup	Metazoa	1673	False
Q9VB08	melanogaster subgroup	Metazoa	435	False
Q9VB46	melanogaster subgroup	Metazoa	579	True
Q9VB62	melanogaster subgroup	Metazoa	609	False
Q9VBB3	melanogaster subgroup	Metazoa	328	False
Q9VBW6	melanogaster subgroup	Metazoa	678	False
Q9VBW9	melanogaster subgroup	Metazoa	419	False
Q9VBX1	melanogaster subgroup	Metazoa	992	False
Q9VBX2	melanogaster subgroup	Metazoa	367	False
Q9VC03	melanogaster subgroup	Metazoa	389	False
Q9VC45	melanogaster subgroup	Metazoa	1954	False
Q9VC56	melanogaster subgroup	Metazoa	3912	False
Q9VC61	melanogaster subgroup	Metazoa	755	False
Q9VCC0	melanogaster subgroup	Metazoa	354	False
Q9VCE6	melanogaster subgroup	Metazoa	608	False
Q9VCE9	melanogaster subgroup	Metazoa	751	False
Q9VCH5	melanogaster subgroup	Metazoa	1960	False
Q9VCN9	melanogaster subgroup	Metazoa	743	False
Q9VCX1	melanogaster subgroup	Metazoa	1541	False
Q9VD44	melanogaster subgroup	Metazoa	1364	False
Q9VDE4	melanogaster subgroup	Metazoa	286	False
Q9VDE8	melanogaster subgroup	Metazoa	974	False
Q9VDW3	melanogaster subgroup	Metazoa	1669	False
Q9VDW6	melanogaster subgroup	Metazoa	3598	False
Q9VDY1	melanogaster subgroup	Metazoa	1638	False
Q9VE86	melanogaster subgroup	Metazoa	353	False
Q9VEA5	melanogaster subgroup	Metazoa	139	False
Q9VEC1	melanogaster subgroup	Metazoa	642	False
Q9VEJ0	melanogaster subgroup	Metazoa	234	False
Q9VEN1	melanogaster subgroup	Metazoa	2210	False
Q9VEX5	melanogaster subgroup	Metazoa	689	False
Q9VEX9	melanogaster subgroup	Metazoa	150	False
Q9VF27	melanogaster subgroup	Metazoa	217	False
Q9VF30	melanogaster subgroup	Metazoa	885	False
Q9VFF3	melanogaster subgroup	Metazoa	900	False
Q9VFG8	melanogaster subgroup	Metazoa	1288	False
Q9VFI9	melanogaster subgroup	Metazoa	1118	False
Q9VFJ3	melanogaster subgroup	Metazoa	422	True
Q9VFK6	melanogaster subgroup	Metazoa	691	False
Q9VFP2	melanogaster subgroup	Metazoa	829	False
Q9VFS5	melanogaster subgroup	Metazoa	980	False
Q9VFS6	melanogaster subgroup	Metazoa	994	False
Q9VFW4	melanogaster subgroup	Metazoa	251	False
Q9VFX3	melanogaster subgroup	Metazoa	137	True
Q9VGA4	melanogaster subgroup	Metazoa	1169	False
Q9VGE3	melanogaster subgroup	Metazoa	459	False
Q9VGH1	melanogaster subgroup	Metazoa	520	False
Q9VGL8	melanogaster subgroup	Metazoa	363	False
Q9VGZ5	melanogaster subgroup	Metazoa	698	False
Q9VH07	melanogaster subgroup	Metazoa	456	False
Q9VH08	melanogaster subgroup	Metazoa	317	False
Q9VH36	melanogaster subgroup	Metazoa	585	False
Q9VH48	melanogaster subgroup	Metazoa	530	False
Q9VH70	melanogaster subgroup	Metazoa	814	False
Q9VHB0	melanogaster subgroup	Metazoa	874	False
Q9VHJ6	melanogaster subgroup	Metazoa	592	False
Q9VHS8	melanogaster subgroup	Metazoa	399	False
Q9VIF5	melanogaster subgroup	Metazoa	981	False
Q9VIF6	melanogaster subgroup	Metazoa	507	False
Q9VIT0	melanogaster subgroup	Metazoa	255	False
Q9VIW3	melanogaster subgroup	Metazoa	596	False
Q9VJJ7	melanogaster subgroup	Metazoa	1128	False
Q9VJL6	melanogaster subgroup	Metazoa	138	False
Q9VJN5	melanogaster subgroup	Metazoa	470	False
Q9VJQ5	melanogaster subgroup	Metazoa	183	False
Q9VJV8	melanogaster subgroup	Metazoa	361	False
Q9VJY8	melanogaster subgroup	Metazoa	285	False
Q9VJY9	melanogaster subgroup	Metazoa	465	False
Q9VK33	melanogaster subgroup	Metazoa	1220	False
Q9VK34	melanogaster subgroup	Metazoa	823	False
Q9VKB9	melanogaster subgroup	Metazoa	1341	False
Q9VKD7	melanogaster subgroup	Metazoa	253	True
Q9VKJ3	melanogaster subgroup	Metazoa	1411	False
Q9VKJ9	melanogaster subgroup	Metazoa	816	False
Q9VKM1	melanogaster subgroup	Metazoa	843	False
Q9VKM6	melanogaster subgroup	Metazoa	351	False
Q9VKQ9	melanogaster subgroup	Metazoa	134	False
Q9VKV5	melanogaster subgroup	Metazoa	319	False
Q9VKV8	melanogaster subgroup	Metazoa	199	False
Q9VL14	melanogaster subgroup	Metazoa	118	False
Q9VL63	melanogaster subgroup	Metazoa	290	False
Q9VL76	melanogaster subgroup	Metazoa	613	False
Q9VLD6	melanogaster subgroup	Metazoa	315	False
Q9VLJ8	melanogaster subgroup	Metazoa	453	False
Q9VLL3	melanogaster subgroup	Metazoa	753	False
Q9VLP3	melanogaster subgroup	Metazoa	122	False
Q9VLP7	melanogaster subgroup	Metazoa	397	False
Q9VLU0	melanogaster subgroup	Metazoa	90	False
Q9VM92	melanogaster subgroup	Metazoa	756	False
Q9VMA3	melanogaster subgroup	Metazoa	1117	False
Q9VMD0	melanogaster subgroup	Metazoa	1659	False
Q9VMJ7	melanogaster subgroup	Metazoa	1838	False
Q9VN45	melanogaster subgroup	Metazoa	553	False
Q9VN60	melanogaster subgroup	Metazoa	278	False
Q9VN91	melanogaster subgroup	Metazoa	198	False
Q9VNB5	melanogaster subgroup	Metazoa	486	True
Q9VNH1	melanogaster subgroup	Metazoa	300	False
Q9VNI3	melanogaster subgroup	Metazoa	449	False
Q9VNS0	melanogaster subgroup	Metazoa	459	False
Q9VNX1	melanogaster subgroup	Metazoa	885	False
Q9VP22	melanogaster subgroup	Metazoa	1157	False
Q9VPH0	melanogaster subgroup	Metazoa	869	False
Q9VPM5	melanogaster subgroup	Metazoa	539	False
Q9VPQ6	melanogaster subgroup	Metazoa	1191	False
Q9VPT4	melanogaster subgroup	Metazoa	717	False
Q9VPU8	melanogaster subgroup	Metazoa	345	False
Q9VQ30	melanogaster subgroup	Metazoa	604	False
Q9VQ56	melanogaster subgroup	Metazoa	611	False
Q9VQ89	melanogaster subgroup	Metazoa	867	False
Q9VQ91	melanogaster subgroup	Metazoa	576	False
Q9VQB6	melanogaster subgroup	Metazoa	971	False
Q9VQD6	melanogaster subgroup	Metazoa	381	False
Q9VQI9	melanogaster subgroup	Metazoa	1673	False
Q9VQK4	melanogaster subgroup	Metazoa	369	True
Q9VQQ0	melanogaster subgroup	Metazoa	398	False
Q9VQZ6	melanogaster subgroup	Metazoa	552	False
Q9VR17	melanogaster subgroup	Metazoa	363	False
Q9VR38	melanogaster subgroup	Metazoa	528	False
Q9VR56	melanogaster subgroup	Metazoa	319	False
Q9VRJ0	melanogaster subgroup	Metazoa	726	False
Q9VRP5	melanogaster subgroup	Metazoa	1038	False
Q9VS05	melanogaster subgroup	Metazoa	676	False
Q9VS24	melanogaster subgroup	Metazoa	994	False
Q9VS59	melanogaster subgroup	Metazoa	201	False
Q9VSA3	melanogaster subgroup	Metazoa	419	False
Q9VSB9	melanogaster subgroup	Metazoa	376	True
Q9VT00	melanogaster subgroup	Metazoa	2351	False
Q9VT04	melanogaster subgroup	Metazoa	471	True
Q9VT41	melanogaster subgroup	Metazoa	1001	False
Q9VT57	melanogaster subgroup	Metazoa	454	False
Q9VTE2	melanogaster subgroup	Metazoa	962	False
Q9VTL1	melanogaster subgroup	Metazoa	395	False
Q9VTZ2	melanogaster subgroup	Metazoa	214	False
Q9VU77	melanogaster subgroup	Metazoa	316	False
Q9VUB5	melanogaster subgroup	Metazoa	3146	False
Q9VUF8	melanogaster subgroup	Metazoa	540	False
Q9VUK8	melanogaster subgroup	Metazoa	765	False
Q9VUQ5	melanogaster subgroup	Metazoa	1214	False
Q9VUW9	melanogaster subgroup	Metazoa	637	False
Q9VV73	melanogaster subgroup	Metazoa	841	False
Q9VV74	melanogaster subgroup	Metazoa	226	False
Q9VV87	melanogaster subgroup	Metazoa	316	True
Q9VVA8	melanogaster subgroup	Metazoa	78	True
Q9VVK8	melanogaster subgroup	Metazoa	594	False
Q9VVR2	melanogaster subgroup	Metazoa	539	False
Q9VVR6	melanogaster subgroup	Metazoa	196	False
Q9VVT2	melanogaster subgroup	Metazoa	590	True
Q9VVV9	melanogaster subgroup	Metazoa	928	False
Q9VW15	melanogaster subgroup	Metazoa	2226	False
Q9VW47	melanogaster subgroup	Metazoa	2531	False
Q9VW51	melanogaster subgroup	Metazoa	1059	False
Q9VW97	melanogaster subgroup	Metazoa	890	False
Q9VWC6	melanogaster subgroup	Metazoa	1596	False
Q9VWE6	melanogaster subgroup	Metazoa	2111	False
Q9VWF2	melanogaster subgroup	Metazoa	2006	False
Q9VWF4	melanogaster subgroup	Metazoa	387	False
Q9VWN4	melanogaster subgroup	Metazoa	1150	False
Q9VWS0	melanogaster subgroup	Metazoa	686	False
Q9VWW0	melanogaster subgroup	Metazoa	331	False
Q9VX31	melanogaster subgroup	Metazoa	1105	False
Q9VXE5	melanogaster subgroup	Metazoa	639	False
Q9VXE6	melanogaster subgroup	Metazoa	1883	False
Q9VXG1	melanogaster subgroup	Metazoa	1959	False
Q9VY78	melanogaster subgroup	Metazoa	260	True
Q9VYD1	melanogaster subgroup	Metazoa	2313	False
Q9VYN8	melanogaster subgroup	Metazoa	3004	False
Q9VYX1	melanogaster subgroup	Metazoa	101	False
Q9VZ23	melanogaster subgroup	Metazoa	216	False
Q9W088	melanogaster subgroup	Metazoa	431	False
Q9W0G1	melanogaster subgroup	Metazoa	548	False
Q9W0K4	melanogaster subgroup	Metazoa	1067	False
Q9W0S7	melanogaster subgroup	Metazoa	926	False
Q9W0S9	melanogaster subgroup	Metazoa	1773	False
Q9W123	melanogaster subgroup	Metazoa	495	False
Q9W148	melanogaster subgroup	Metazoa	731	False
Q9W157	melanogaster subgroup	Metazoa	971	False
Q9W1C5	melanogaster subgroup	Metazoa	2053	False
Q9W1F4	melanogaster subgroup	Metazoa	616	False
Q9W1H4	melanogaster subgroup	Metazoa	747	False
Q9W1R5	melanogaster subgroup	Metazoa	1854	False
Q9W1V3	melanogaster subgroup	Metazoa	344	False
Q9W1X4	melanogaster subgroup	Metazoa	1711	False
Q9W252	melanogaster subgroup	Metazoa	1318	False
Q9W261	melanogaster subgroup	Metazoa	775	False
Q9W2E7	melanogaster subgroup	Metazoa	346	False
Q9W2H9	melanogaster subgroup	Metazoa	541	False
Q9W2I4	melanogaster subgroup	Metazoa	289	False
Q9W2R3	melanogaster subgroup	Metazoa	792	False
Q9W3C1	melanogaster subgroup	Metazoa	1008	False
Q9W3E1	melanogaster subgroup	Metazoa	1022	False
Q9W3E2	melanogaster subgroup	Metazoa	1195	False
Q9W3M3	melanogaster subgroup	Metazoa	2219	False
Q9W413	melanogaster subgroup	Metazoa	544	False
Q9W415	melanogaster subgroup	Metazoa	424	False
Q9W420	melanogaster subgroup	Metazoa	1831	False
Q9W484	melanogaster subgroup	Metazoa	985	False
Q9W485	melanogaster subgroup	Metazoa	1284	False
Q9W4N2	melanogaster subgroup	Metazoa	788	False
Q9W4S7	melanogaster subgroup	Metazoa	717	False
Q9W4X9	melanogaster subgroup	Metazoa	721	False
Q9W539	melanogaster subgroup	Metazoa	1518	False
Q9W5E1	melanogaster subgroup	Metazoa	108	False
Q9W6V6	Gallus	Metazoa	2705	False
Q9WTI7	Mus	Metazoa	1063	False
Q9WTJ6	Mus	Metazoa	475	False
Q9WTK2	Mus	Metazoa	593	False
Q9WTK7	Mus	Metazoa	436	False
Q9WTK8	Mus	Metazoa	396	False
Q9WTL8	Mus	Metazoa	632	False
Q9WTN3	Mus	Metazoa	1134	False
Q9WTR1	Mus	Metazoa	756	False
Q9WTR8	Rattus	Metazoa	1696	False
Q9WTS4	Mus	Metazoa	2731	False
Q9WTS5	Mus	Metazoa	2764	False
Q9WTS6	Mus	Metazoa	2715	False
Q9WTU3	Mus	Metazoa	1978	False
Q9WTU6	Mus	Metazoa	423	False
Q9WTV0	Rattus	Metazoa	417	False
Q9WTV7	Mus	Metazoa	600	False
Q9WTW1	Rattus	Metazoa	1043	False
Q9WTW5	Mus	Metazoa	551	True
Q9WTW8	Rattus	Metazoa	647	False
Q9WTY4	Mus	Metazoa	265	True
Q9WTZ9	Mus	Metazoa	124	False
Q9WU00	Mus	Metazoa	503	False
Q9WU01	Mus	Metazoa	349	False
Q9WU40	Mus	Metazoa	921	False
Q9WU42	Mus	Metazoa	2472	False
Q9WU62	Mus	Metazoa	880	False
Q9WU65	Mus	Metazoa	554	False
Q9WU70	Rattus	Metazoa	1152	False
Q9WU72	Mus	Metazoa	309	True
Q9WU79	Mus	Metazoa	599	False
Q9WU82	Rattus	Metazoa	781	False
Q9WUB6	Mus	Metazoa	687	True
Q9WUD2	Rattus	Metazoa	761	False
Q9WUF3	Mus	Metazoa	1962	False
Q9WUH2	Mus	Metazoa	397	False
Q9WUI0	Mus	Metazoa	231	False
Q9WUK6	Mus	Metazoa	522	False
Q9WUL7	Mus	Metazoa	182	False
Q9WUM4	Mus	Metazoa	474	False
Q9WUM7	Mesocricetus	Metazoa	1168	False
Q9WUR2	Mus	Metazoa	391	False
Q9WUS4	Mus	Metazoa	505	True
Q9WUU9	Mus	Metazoa	1971	False
Q9WUW8	Rattus	Metazoa	296	False
Q9WV02	Mus	Metazoa	391	False
Q9WV06	Mus	Metazoa	328	False
Q9WV30	Mus	Metazoa	1534	False
Q9WV31	Mus	Metazoa	396	False
Q9WV38	Mus	Metazoa	501	True
Q9WV52	Mus	Metazoa	353	False
Q9WV68	Mus	Metazoa	292	False
Q9WV69	Mus	Metazoa	405	False
Q9WV78	Rattus	Metazoa	438	True
Q9WV92	Mus	Metazoa	929	False
Q9WV93	Mus	Metazoa	299	False
Q9WVB3	Mus	Metazoa	581	False
Q9WVC3	Mus	Metazoa	162	False
Q9WVC7	Rattus	Metazoa	2314	False
Q9WVE0	Mus	Metazoa	198	False
Q9WVE8	Mus	Metazoa	486	False
Q9WVF7	Mus	Metazoa	2283	False
Q9WVG6	Mus	Metazoa	608	False
Q9WVH3	Mus	Metazoa	505	False
Q9WVH4	Mus	Metazoa	672	False
Q9WVJ0	Mus	Metazoa	1095	False
Q9WVJ4	Rattus	Metazoa	145	False
Q9WVJ6	Rattus	Metazoa	686	False
Q9WVK4	Mus	Metazoa	534	False
Q9WVL3	Mus	Metazoa	1083	False
Q9WVM1	Mus	Metazoa	628	False
Q9WVP6	Mus	Metazoa	642	False
Q9WVR1	Rattus	Metazoa	648	False
Q9WVR3	Rattus	Metazoa	1257	False
Q9WVR6	Rattus	Metazoa	533	True
Q9WVR8	Rattus	Metazoa	610	False
Q9WVS4	Mus	Metazoa	420	False
Q9WVS6	Mus	Metazoa	464	False
Q9WVS8	Mus	Metazoa	806	False
Q9XEA1	Arabidopsis	Plants	772	True
Q9XED8	Arabidopsis	Plants	638	False
Q9XEE2	Arabidopsis	Plants	317	False
Q9XF23	Arabidopsis	Plants	623	False
Q9XF57	Arabidopsis	Plants	317	False
Q9XF58	Zea	Plants	285	True
Q9XF59	Zea	Plants	289	True
Q9XF87	Arabidopsis	Plants	266	False
Q9XF88	Arabidopsis	Plants	287	False
Q9XF89	Arabidopsis	Plants	280	False
Q9XFD1	Arabidopsis	Plants	257	False
Q9XFH8	Arabidopsis	Plants	178	False
Q9XFR5	Arabidopsis	Plants	268	False
Q9XFT3	Arabidopsis	Plants	224	False
Q9XGM3	Arabidopsis	Plants	1217	False
Q9XGP7	Oryza sativa	Plants	252	False
Q9XHV0	Arabidopsis	Plants	320	False
Q9XI00	Arabidopsis	Plants	328	False
Q9XI19	Arabidopsis	Plants	328	False
Q9XI46	Arabidopsis	Plants	159	True
Q9XI73	Arabidopsis	Plants	190	False
Q9XI84	Arabidopsis	Plants	482	False
Q9XI90	Arabidopsis	Plants	514	False
Q9XIE2	Arabidopsis	Plants	1469	False
Q9XII1	Arabidopsis	Plants	307	False
Q9XIM0	Arabidopsis	Plants	203	False
Q9XIN0	Arabidopsis	Plants	650	False
Q9XIN7	Arabidopsis	Plants	335	False
Q9XIP2	Arabidopsis	Plants	505	False
Q9XIP7	Arabidopsis	Plants	468	True
Q9XJ35	Arabidopsis	Plants	387	False
Q9XJ36	Arabidopsis	Plants	279	False
Q9XSC3	Bos	Metazoa	912	False
Q9XSM3	Oryctolagus	Metazoa	730	False
Q9XSZ4	Oryctolagus	Metazoa	1079	False
Q9XTB5	Caenorhabditis	Metazoa	500	False
Q9XUB3	Caenorhabditis	Metazoa	781	False
Q9XUB9	Caenorhabditis	Metazoa	634	False
Q9XUS7	Caenorhabditis	Metazoa	610	False
Q9XVI2	Caenorhabditis	Metazoa	811	False
Q9XVS4	Caenorhabditis	Metazoa	971	False
Q9XW26	Caenorhabditis	Metazoa	412	False
Q9XWR6	Caenorhabditis	Metazoa	248	False
Q9XXH8	Caenorhabditis	Metazoa	826	False
Q9XXK1	Caenorhabditis	Metazoa	538	False
Q9XZ06	melanogaster subgroup	Metazoa	823	False
Q9XZ34	melanogaster subgroup	Metazoa	1416	False
Q9XZE5	Dictyostelium	Other	306	False
Q9XZS8	melanogaster subgroup	Metazoa	613	False
Q9XZT7	melanogaster subgroup	Metazoa	146	False
Q9Y091	melanogaster subgroup	Metazoa	536	False
Q9Y0B7	Dictyostelium	Other	305	False
Q9Y0E4	melanogaster subgroup	Metazoa	2262	False
Q9Y0I1	melanogaster subgroup	Metazoa	424	False
Q9Y118	melanogaster subgroup	Metazoa	431	False
Q9Y210	Homo	Metazoa	931	False
Q9Y221	Homo	Metazoa	180	False
Q9Y222	Homo	Metazoa	760	False
Q9Y224	Homo	Metazoa	244	False
Q9Y226	Homo	Metazoa	551	True
Q9Y228	Homo	Metazoa	551	False
Q9Y230	Homo	Metazoa	463	False
Q9Y232	Homo	Metazoa	598	False
Q9Y233	Homo	Metazoa	1055	False
Q9Y237	Homo	Metazoa	131	False
Q9Y239	Homo	Metazoa	953	False
Q9Y241	Homo	Metazoa	93	True
Q9Y243	Homo	Metazoa	479	False
Q9Y244	Homo	Metazoa	141	False
Q9Y252	Homo	Metazoa	685	False
Q9Y253	Homo	Metazoa	713	False
Q9Y255	Homo	Metazoa	219	False
Q9Y261	Homo	Metazoa	457	False
Q9Y263	Homo	Metazoa	795	False
Q9Y265	Homo	Metazoa	456	False
Q9Y266	Homo	Metazoa	331	False
Q9Y267	Homo	Metazoa	594	True
Q9Y271	Homo	Metazoa	337	True
Q9Y275	Homo	Metazoa	285	True
Q9Y276	Homo	Metazoa	419	True
Q9Y287	Homo	Metazoa	266	True
Q9Y289	Homo	Metazoa	635	True
Q9Y294	Homo	Metazoa	204	False
Q9Y295	Homo	Metazoa	367	False
Q9Y2B4	Homo	Metazoa	290	False
Q9Y2C4	Homo	Metazoa	368	False
Q9Y2C5	Homo	Metazoa	497	False
Q9Y2D0	Homo	Metazoa	317	False
Q9Y2D1	Homo	Metazoa	282	False
Q9Y2D8	Homo	Metazoa	614	False
Q9Y2D9	Homo	Metazoa	606	False
Q9Y2E8	Homo	Metazoa	581	True
Q9Y2F5	Homo	Metazoa	2266	False
Q9Y2G0	Homo	Metazoa	817	False
Q9Y2G1	Homo	Metazoa	1151	False
Q9Y2G2	Homo	Metazoa	537	False
Q9Y2I1	Homo	Metazoa	1504	False
Q9Y2I8	Homo	Metazoa	494	False
Q9Y2I9	Homo	Metazoa	924	False
Q9Y2J2	Homo	Metazoa	1087	False
Q9Y2K1	Homo	Metazoa	713	False
Q9Y2K7	Homo	Metazoa	1162	False
Q9Y2L1	Homo	Metazoa	958	False
Q9Y2M0	Homo	Metazoa	1017	False
Q9Y2M2	Homo	Metazoa	375	False
Q9Y2N7	Homo	Metazoa	669	False
Q9Y2P7	Homo	Metazoa	627	False
Q9Y2P8	Homo	Metazoa	373	False
Q9Y2Q0	Homo	Metazoa	1164	True
Q9Y2Q3	Homo	Metazoa	226	False
Q9Y2R0	Homo	Metazoa	106	True
Q9Y2R4	Homo	Metazoa	599	False
Q9Y2S7	Homo	Metazoa	368	False
Q9Y2T6	Homo	Metazoa	319	True
Q9Y2T7	Homo	Metazoa	364	False
Q9Y2U5	Homo	Metazoa	619	False
Q9Y2U8	Homo	Metazoa	911	False
Q9Y2U9	Homo	Metazoa	406	False
Q9Y2V0	Homo	Metazoa	281	False
Q9Y2V3	Homo	Metazoa	346	False
Q9Y2W1	Homo	Metazoa	955	False
Q9Y2W2	Homo	Metazoa	641	False
Q9Y2W7	Homo	Metazoa	256	False
Q9Y2X0	Homo	Metazoa	877	False
Q9Y2X3	Homo	Metazoa	529	False
Q9Y2X9	Homo	Metazoa	895	False
Q9Y2Y0	Homo	Metazoa	163	False
Q9Y2Y4	Homo	Metazoa	487	False
Q9Y2Y6	Homo	Metazoa	226	True
Q9Y2Y9	Homo	Metazoa	288	False
Q9Y2Z0	Homo	Metazoa	365	False
Q9Y2Z4	Homo	Metazoa	477	False
Q9Y2Z9	Homo	Metazoa	468	False
Q9Y314	Homo	Metazoa	301	False
Q9Y315	Homo	Metazoa	318	False
Q9Y324	Homo	Metazoa	198	False
Q9Y333	Homo	Metazoa	95	False
Q9Y342	Homo	Metazoa	182	True
Q9Y345	Homo	Metazoa	797	False
Q9Y371	Homo	Metazoa	365	False
Q9Y375	Homo	Metazoa	327	False
Q9Y388	Homo	Metazoa	322	False
Q9Y399	Homo	Metazoa	296	False
Q9Y3A0	Homo	Metazoa	265	False
Q9Y3A2	Homo	Metazoa	253	False
Q9Y3A4	Homo	Metazoa	280	False
Q9Y3A5	Homo	Metazoa	250	False
Q9Y3B2	Homo	Metazoa	195	False
Q9Y3B4	Homo	Metazoa	125	False
Q9Y3B7	Homo	Metazoa	192	False
Q9Y3B8	Homo	Metazoa	237	False
Q9Y3C4	Homo	Metazoa	175	False
Q9Y3C5	Homo	Metazoa	154	False
Q9Y3C6	Homo	Metazoa	166	False
Q9Y3D0	Homo	Metazoa	163	False
Q9Y3D2	Homo	Metazoa	182	False
Q9Y3D6	Homo	Metazoa	152	False
Q9Y3D7	Homo	Metazoa	125	False
Q9Y3E2	Homo	Metazoa	137	False
Q9Y3E5	Homo	Metazoa	179	True
Q9Y3E7	Homo	Metazoa	222	False
Q9Y3F4	Homo	Metazoa	350	False
Q9Y3I0	Homo	Metazoa	505	False
Q9Y3I1	Homo	Metazoa	522	False
Q9Y3L3	Homo	Metazoa	701	False
Q9Y3M2	Homo	Metazoa	126	False
Q9Y3M8	Homo	Metazoa	1113	False
Q9Y3P9	Homo	Metazoa	1069	False
Q9Y3Q4	Homo	Metazoa	1203	False
Q9Y3R4	Homo	Metazoa	380	False
Q9Y3S1	Homo	Metazoa	2297	False
Q9Y3S2	Homo	Metazoa	320	False
Q9Y3T9	Homo	Metazoa	749	False
Q9Y3U8	Homo	Metazoa	105	False
Q9Y3V2	Homo	Metazoa	267	False
Q9Y3Y2	Homo	Metazoa	248	False
Q9Y3Z3	Homo	Metazoa	626	False
Q9Y421	Homo	Metazoa	112	False
Q9Y446	Homo	Metazoa	797	False
Q9Y448	Homo	Metazoa	316	False
Q9Y463	Homo	Metazoa	629	False
Q9Y468	Homo	Metazoa	840	False
Q9Y473	Homo	Metazoa	711	False
Q9Y483	Homo	Metazoa	593	False
Q9Y487	Homo	Metazoa	856	False
Q9Y4A5	Homo	Metazoa	3859	False
Q9Y4B4	Homo	Metazoa	1467	False
Q9Y4B6	Homo	Metazoa	1507	False
Q9Y4C2	Homo	Metazoa	921	False
Q9Y4C8	Homo	Metazoa	960	False
Q9Y4D2	Homo	Metazoa	1042	True
Q9Y4E1	Homo	Metazoa	1341	False
Q9Y4E5	Homo	Metazoa	1061	False
Q9Y4E8	Homo	Metazoa	981	False
Q9Y4F1	Homo	Metazoa	1045	False
Q9Y4F3	Homo	Metazoa	1742	False
Q9Y4G6	Homo	Metazoa	2542	False
Q9Y4G8	Homo	Metazoa	1499	False
Q9Y4K3	Homo	Metazoa	522	False
Q9Y4L5	Homo	Metazoa	304	False
Q9Y4P1	Homo	Metazoa	393	False
Q9Y4P9	Homo	Metazoa	236	False
Q9Y4R8	Homo	Metazoa	837	False
Q9Y4U1	Homo	Metazoa	282	False
Q9Y4W2	Homo	Metazoa	734	False
Q9Y4X0	Homo	Metazoa	333	False
Q9Y4X4	Homo	Metazoa	402	False
Q9Y4X5	Homo	Metazoa	557	False
Q9Y4Y9	Homo	Metazoa	91	False
Q9Y4Z0	Homo	Metazoa	139	False
Q9Y508	Homo	Metazoa	228	False
Q9Y512	Homo	Metazoa	469	False
Q9Y530	Homo	Metazoa	152	False
Q9Y535	Homo	Metazoa	204	False
Q9Y572	Homo	Metazoa	518	False
Q9Y580	Homo	Metazoa	266	False
Q9Y584	Homo	Metazoa	194	True
Q9Y586	Homo	Metazoa	359	False
Q9Y5A7	Homo	Metazoa	615	False
Q9Y5A9	Homo	Metazoa	579	False
Q9Y5B0	Homo	Metazoa	961	False
Q9Y5B8	Homo	Metazoa	376	False
Q9Y5B9	Homo	Metazoa	1047	False
Q9Y5I7	Homo	Metazoa	235	True
Q9Y5J1	Homo	Metazoa	556	False
Q9Y5J3	Homo	Metazoa	304	False
Q9Y5J6	Homo	Metazoa	103	False
Q9Y5J7	Homo	Metazoa	89	False
Q9Y5K5	Homo	Metazoa	329	False
Q9Y5L0	Homo	Metazoa	923	False
Q9Y5L3	Homo	Metazoa	495	True
Q9Y5L4	Homo	Metazoa	95	False
Q9Y5N1	Homo	Metazoa	445	True
Q9Y5N6	Homo	Metazoa	252	False
Q9Y5P8	Homo	Metazoa	575	False
Q9Y5Q5	Homo	Metazoa	1042	True
Q9Y5Q8	Homo	Metazoa	519	False
Q9Y5Q9	Homo	Metazoa	886	False
Q9Y5R4	Homo	Metazoa	338	False
Q9Y5S2	Homo	Metazoa	1711	False
Q9Y5S8	Homo	Metazoa	564	True
Q9Y5S9	Homo	Metazoa	174	False
Q9Y5T4	Homo	Metazoa	150	True
Q9Y5U2	Homo	Metazoa	329	False
Q9Y5U8	Homo	Metazoa	109	True
Q9Y5W9	Homo	Metazoa	270	False
Q9Y5X1	Homo	Metazoa	595	False
Q9Y5X3	Homo	Metazoa	404	False
Q9Y5X4	Homo	Metazoa	410	False
Q9Y5X5	Homo	Metazoa	522	False
Q9Y5Y0	Homo	Metazoa	555	False
Q9Y5Y5	Homo	Metazoa	336	True
Q9Y5Z4	Homo	Metazoa	205	False
Q9Y5Z7	Homo	Metazoa	792	False
Q9Y5Z9	Homo	Metazoa	338	True
Q9Y603	Homo	Metazoa	341	False
Q9Y605	Homo	Metazoa	127	False
Q9Y606	Homo	Metazoa	427	False
Q9Y616	Homo	Metazoa	596	False
Q9Y618	Homo	Metazoa	2514	False
Q9Y619	Homo	Metazoa	301	True
Q9Y620	Homo	Metazoa	910	False
Q9Y657	Homo	Metazoa	262	False
Q9Y666	Homo	Metazoa	1083	False
Q9Y676	Homo	Metazoa	258	False
Q9Y692	Homo	Metazoa	573	False
Q9Y694	Homo	Metazoa	548	True
Q9Y696	Homo	Metazoa	253	True
Q9Y697	Homo	Metazoa	457	False
Q9Y6A4	Homo	Metazoa	193	False
Q9Y6B2	Homo	Metazoa	187	False
Q9Y6B6	Homo	Metazoa	198	False
Q9Y6C9	Homo	Metazoa	303	True
Q9Y6D0	Homo	Metazoa	94	True
Q9Y6D6	Homo	Metazoa	1849	False
Q9Y6D9	Homo	Metazoa	718	False
Q9Y6E0	Homo	Metazoa	443	False
Q9Y6E7	Homo	Metazoa	314	False
Q9Y6F1	Homo	Metazoa	533	False
Q9Y6F8	Homo	Metazoa	540	False
Q9Y6G1	Homo	Metazoa	99	True
Q9Y6G5	Homo	Metazoa	202	False
Q9Y6H1	Homo	Metazoa	151	False
Q9Y6H6	Homo	Metazoa	103	True
Q9Y6H8	Homo	Metazoa	435	True
Q9Y6I4	Homo	Metazoa	520	False
Q9Y6I9	Homo	Metazoa	313	True
Q9Y6J0	Homo	Metazoa	2220	False
Q9Y6J6	Homo	Metazoa	123	True
Q9Y6J8	Homo	Metazoa	313	False
Q9Y6J9	Homo	Metazoa	622	False
Q9Y6K0	Homo	Metazoa	416	True
Q9Y6K1	Homo	Metazoa	912	False
Q9Y6K5	Homo	Metazoa	1087	False
Q9Y6K9	Homo	Metazoa	419	False
Q9Y6L6	Homo	Metazoa	691	True
Q9Y6M1	Homo	Metazoa	599	False
Q9Y6M5	Homo	Metazoa	507	True
Q9Y6M7	Homo	Metazoa	1214	False
Q9Y6N1	Homo	Metazoa	276	False
Q9Y6N9	Homo	Metazoa	552	False
Q9Y6P5	Homo	Metazoa	492	False
Q9Y6Q9	Homo	Metazoa	1424	False
Q9Y6R1	Homo	Metazoa	1079	False
Q9Y6T7	Homo	Metazoa	804	False
Q9Y6V7	Homo	Metazoa	483	False
Q9Y6W3	Homo	Metazoa	813	False
Q9Y6W5	Homo	Metazoa	498	False
Q9Y6W6	Homo	Metazoa	482	False
Q9Y6X0	Homo	Metazoa	1596	False
Q9Y6X3	Homo	Metazoa	613	False
Q9Y6X8	Homo	Metazoa	837	False
Q9Y6X9	Homo	Metazoa	1032	False
Q9Y6Y0	Homo	Metazoa	642	False
Q9Y700	Schizosaccharomyces pombe	Fungi	439	False
Q9Y709	Schizosaccharomyces pombe	Fungi	161	False
Q9Y794	Schizosaccharomyces pombe	Fungi	972	False
Q9Y7J6	Schizosaccharomyces pombe	Fungi	551	False
Q9Y7L4	Schizosaccharomyces pombe	Fungi	409	False
Q9Y7L8	Schizosaccharomyces pombe	Fungi	292	False
Q9Y7N0	Schizosaccharomyces pombe	Fungi	578	False
Q9Y7Q6	Schizosaccharomyces pombe	Fungi	147	False
Q9Y7R3	Schizosaccharomyces pombe	Fungi	742	False
Q9Y7U4	Schizosaccharomyces pombe	Fungi	328	False
Q9Y7Z5	Schizosaccharomyces pombe	Fungi	279	True
Q9Y802	Schizosaccharomyces pombe	Fungi	1000	False
Q9Y804	Schizosaccharomyces pombe	Fungi	703	False
Q9Y812	Schizosaccharomyces pombe	Fungi	120	False
Q9Y817	Schizosaccharomyces pombe	Fungi	1297	False
Q9Y825	Schizosaccharomyces pombe	Fungi	408	False
Q9Y8G3	Schizosaccharomyces pombe	Fungi	596	False
Q9YGC1	Gallus	Metazoa	552	False
Q9YGL6	Gallus	Metazoa	386	False
Q9YH58	Gallus	Metazoa	541	False
Q9YHE8	Danio	Metazoa	560	False
Q9YHT1	Gallus	Metazoa	665	False
Q9YHT2	Gallus	Metazoa	290	False
Q9YHY6	Xenopus	Metazoa	1364	False
Q9Z0D9	Mus	Metazoa	354	True
Q9Z0E3	Mus	Metazoa	552	False
Q9Z0E8	Mus	Metazoa	557	True
Q9Z0G9	Mus	Metazoa	219	True
Q9Z0H3	Mus	Metazoa	385	False
Q9Z0H4	Mus	Metazoa	508	False
Q9Z0I7	Mus	Metazoa	337	False
Q9Z0J4	Mus	Metazoa	1429	False
Q9Z0J5	Rattus	Metazoa	526	False
Q9Z0L1	Mus	Metazoa	386	True
Q9Z0P4	Mus	Metazoa	383	False
Q9Z0P7	Mus	Metazoa	484	False
Q9Z0R0	Mus	Metazoa	754	False
Q9Z0S6	Mus	Metazoa	231	True
Q9Z0U1	Mus	Metazoa	1167	False
Q9Z0V2	Mus	Metazoa	630	False
Q9Z0W5	Rattus	Metazoa	441	False
Q9Z0W7	Rattus	Metazoa	253	True
Q9Z0X1	Mus	Metazoa	612	False
Q9Z0Y7	Mus	Metazoa	1216	False
Q9Z0Y9	Mus	Metazoa	445	False
Q9Z0Z7	Mus	Metazoa	446	False
Q9Z110	Mus	Metazoa	795	False
Q9Z125	Mus	Metazoa	519	False
Q9Z127	Mus	Metazoa	512	True
Q9Z130	Mus	Metazoa	301	False
Q9Z140	Mus	Metazoa	557	False
Q9Z158	Rattus	Metazoa	301	False
Q9Z172	Mus	Metazoa	110	False
Q9Z1A5	Rattus	Metazoa	534	False
Q9Z1B3	Mus	Metazoa	1216	False
Q9Z1B8	Mus	Metazoa	559	False
Q9Z1F2	Rattus	Metazoa	673	True
Q9Z1J1	Mus	Metazoa	584	False
Q9Z1J3	Mus	Metazoa	459	False
Q9Z1K6	Mus	Metazoa	492	False
Q9Z1L1	Rattus	Metazoa	211	True
Q9Z1N1	Rattus	Metazoa	339	False
Q9Z1P2	Rattus	Metazoa	892	False
Q9Z1R2	Mus	Metazoa	1154	False
Q9Z1T5	Mus	Metazoa	566	False
Q9Z1W9	Mus	Metazoa	556	False
Q9Z1X4	Mus	Metazoa	898	False
Q9Z1Y0	Rattus	Metazoa	236	False
Q9Z205	Mus	Metazoa	269	False
Q9Z206	Mus	Metazoa	595	False
Q9Z207	Mus	Metazoa	1171	False
Q9Z218	Mus	Metazoa	804	True
Q9Z252	Rattus	Metazoa	207	False
Q9Z258	Rattus	Metazoa	1239	False
Q9Z260	Mus	Metazoa	225	True
Q9Z262	Mus	Metazoa	219	True
Q9Z265	Mus	Metazoa	546	False
Q9Z266	Mus	Metazoa	136	False
Q9Z270	Rattus	Metazoa	249	False
Q9Z286	Rattus	Metazoa	1608	False
Q9Z2A0	Mus	Metazoa	559	False
Q9Z2A5	Mus	Metazoa	516	False
Q9Z2A6	Rattus	Metazoa	547	False
Q9Z2C4	Mus	Metazoa	669	False
Q9Z2C8	Mus	Metazoa	360	False
Q9Z2D0	Mus	Metazoa	545	False
Q9Z2D6	Mus	Metazoa	484	False
Q9Z2D7	Mus	Metazoa	554	False
Q9Z2D8	Mus	Metazoa	285	False
Q9Z2E2	Mus	Metazoa	636	False
Q9Z2F5	Rattus	Metazoa	430	False
Q9Z2F6	Mus	Metazoa	448	False
Q9Z2G1	Mus	Metazoa	654	False
Q9Z2I0	Mus	Metazoa	738	False
Q9Z2J0	Mus	Metazoa	605	True
Q9Z2L0	Rattus	Metazoa	283	True
Q9Z2M4	Rattus	Metazoa	292	False
Q9Z2S7	Mus	Metazoa	137	False
Q9Z2T2	Rattus	Metazoa	336	True
Q9Z2V5	Mus	Metazoa	1149	False
Q9Z2V6	Mus	Metazoa	1113	False
Q9Z2X8	Mus	Metazoa	624	False
Q9Z2Y1	Rattus	Metazoa	1205	False
Q9Z2Z7	Cricetulus	Metazoa	553	False
Q9Z301	Rattus	Metazoa	1257	False
Q9Z306	Mus	Metazoa	553	True
Q9Z309	Mus	Metazoa	187	False
Q9Z311	Rattus	Metazoa	373	False
Q9Z339	Rattus	Metazoa	241	False
Q9Z351	Mus	Metazoa	759	False
Q9ZNQ8	Arabidopsis	Plants	633	False
Q9ZNT0	Arabidopsis	Plants	435	False
Q9ZNT1	Arabidopsis	Plants	281	True
Q9ZNV8	Arabidopsis	Plants	156	False
Q9ZNV9	Arabidopsis	Plants	154	False
Q9ZNX9	Arabidopsis	Plants	517	False
Q9ZNZ7	Arabidopsis	Plants	1622	False
Q9ZP05	Arabidopsis	Plants	354	False
Q9ZP06	Arabidopsis	Plants	341	False
Q9ZPF5	Arabidopsis	Plants	344	False
Q9ZPI5	Arabidopsis	Plants	725	False
Q9ZPX5	Arabidopsis	Plants	632	False
Q9ZQ19	Arabidopsis	Plants	279	False
Q9ZQ85	Arabidopsis	Plants	432	False
Q9ZQI2	Arabidopsis	Plants	221	True
Q9ZQI7	Arabidopsis	Plants	456	False
Q9ZR03	Arabidopsis	Plants	229	True
Q9ZR07	Arabidopsis	Plants	187	False
Q9ZR12	Arabidopsis	Plants	585	False
Q9ZR72	Arabidopsis	Plants	1286	True
Q9ZRW8	Arabidopsis	Plants	219	False
Q9ZSA2	Arabidopsis	Plants	531	False
Q9ZSD4	Arabidopsis	Plants	346	False
Q9ZSM8	Arabidopsis	Plants	856	False
Q9ZST4	Arabidopsis	Plants	196	False
Q9ZSZ8	Arabidopsis	Plants	330	False
Q9ZT50	Arabidopsis	Plants	155	False
Q9ZT71	Arabidopsis	Plants	1029	False
Q9ZT96	Arabidopsis	Plants	541	False
Q9ZTK5	Catharanthus	Plants	439	False
Q9ZTX8	Arabidopsis	Plants	935	False
Q9ZTZ7	Arabidopsis	Plants	1193	False
Q9ZU25	Arabidopsis	Plants	503	False
Q9ZU51	Arabidopsis	Plants	147	False
Q9ZU52	Arabidopsis	Plants	391	False
Q9ZUF4	Arabidopsis	Plants	462	False
Q9ZUU4	Arabidopsis	Plants	289	False
Q9ZUY3	Arabidopsis	Plants	424	False
Q9ZV02	Arabidopsis	Plants	258	True
Q9ZV08	Arabidopsis	Plants	291	False
Q9ZV24	Arabidopsis	Plants	148	True
Q9ZV65	Arabidopsis	Plants	725	False
Q9ZVC2	Arabidopsis	Plants	491	False
Q9ZVC9	Arabidopsis	Plants	851	False
Q9ZVD0	Arabidopsis	Plants	720	False
Q9ZVD5	Arabidopsis	Plants	924	False
Q9ZVH8	Arabidopsis	Plants	378	False
Q9ZVJ3	Arabidopsis	Plants	550	False
Q9ZVN2	Arabidopsis	Plants	704	False
Q9ZVP5	Arabidopsis	Plants	339	False
Q9ZVW2	Arabidopsis	Plants	995	False
Q9ZW84	Arabidopsis	Plants	256	False
Q9ZW85	Arabidopsis	Plants	251	False
Q9ZWA6	Arabidopsis	Plants	506	False
Q9ZWB3	Arabidopsis	Plants	471	False
Q9ZWJ9	Arabidopsis	Plants	664	False
Q9ZWT1	Arabidopsis	Plants	374	False
S5ZH89	Musa	Plants	286	True
S7VVK4	Toxoplasma gondii	Other	4367	False
S8EZA7	Toxoplasma gondii	Other	534	True
U4PAZ9	Caenorhabditis	Metazoa	1112	False
U5NH37	Catharanthus	Plants	482	False
U5PZT6	Hedychium	Plants	591	False
V6CIV8	Caenorhabditis	Metazoa	381	False
V6CLJ5	Caenorhabditis	Metazoa	790	False
V6CLN5	Caenorhabditis	Metazoa	1615	False
V9M2S5	Vitis	Plants	1398	False
V9M398	Vitis	Plants	1331	False
W2SDE2	Cyphellophora europaea	Fungi	346	False
W3WSJ8	Pestalotiopsis fici	Fungi	634	False
W5PSH7	Ovis	Metazoa	305	True
W5U2K2	Catharanthus	Plants	289	False
W6HUT3	Hedychium	Plants	593	False
W8JWV8	Catharanthus	Plants	378	False
X2JAU8	melanogaster subgroup	Metazoa	1075	False
X2JDY8	melanogaster subgroup	Metazoa	1025	False
X5HYT8	Oryza sativa	Plants	425	False
X5JA13	Arabidopsis	Plants	825	False
X5JB51	Arabidopsis	Plants	829	False
A0A072VMJ3	Medicago	Plants	703	False
A0A075TMP0	Penicillium	Fungi	340	False
A0A075TRA9	Penicillium	Fungi	546	True
A0A075TRB3	Penicillium	Fungi	259	False
A0A075TXZ1	Penicillium	Fungi	324	False
A0A075TXZ8	Penicillium	Fungi	799	False
A0A077K8G3	Citrus	Plants	407	False
A0A0A0KTQ0	Cucumis	Plants	383	False
A0A0A6YY25	Mus	Metazoa	723	False
A0A0B4ZTQ2	Humulus	Plants	408	False
A0A0B5KU17	Penicillium	Fungi	2190	False
A0A0D1CVS5	Mycosarcoma	Fungi	624	False
A0A0D1DYJ6	Mycosarcoma	Fungi	619	True
A0A0D1E3S6	Mycosarcoma	Fungi	591	False
A0A0K3AWP8	Caenorhabditis	Metazoa	4022	True
A0A0K9RDW0	Spinacia	Plants	675	False
A0A0N7KIY3	Oryza sativa	Plants	352	False
A0A0P0XBU0	Oryza sativa	Plants	719	False
A0A120KVR5	Trypanosoma brucei	Other	1642	False
A0A120KVR8	Trypanosoma brucei	Other	1728	False
A0A125YQS6	Toxoplasma gondii	Other	566	True
A0A125YSC7	Toxoplasma gondii	Other	412	True
A0A161CFW5	Trypanosoma brucei	Other	305	False
A0A178U9Y5	Arabidopsis	Plants	592	False
A0A1B0GSN8	Mus	Metazoa	89	True
A0A1D6IEG9	Zea	Plants	668	False
A0A1P8B590	Arabidopsis	Plants	446	False
A0A286YD83	Mus	Metazoa	63	True
A0A2H1VE33	Spodoptera	Metazoa	332	False
A0A2I0C2C6	Plasmodium falciparum	Other	3078	False
A0A2K5X3B6	Macaca	Metazoa	302	False
A0A2R6PN00	Actinidia chinensis	Plants	266	False
A0A2R6QE26	Actinidia chinensis	Plants	689	False
A0A2R6X6S3	Marchantia	Plants	911	False
A0A2R8VHF7	Mus	Metazoa	171	True
A0A3L6DPG1	Zea	Plants	361	False
A0A3Q2IDB4	Equus	Metazoa	552	True
A0A3Q7HWE4	Solanum subgen. Lycopersicon	Plants	165	False
A0A3S7WWU5	Leishmania donovani species complex	Other	464	False
A0A436ZRX2	Arthrobotrys	Fungi	353	False
A0A486WWJ9	Caenorhabditis	Metazoa	582	False
A0A509AE54	Plasmodium berghei	Other	506	True
A0A509AGE2	Plasmodium berghei	Other	431	False
A0A509AJL3	Plasmodium berghei	Other	1087	False
A0A509AKI1	Plasmodium berghei	Other	836	False
A0A5B9G902	Aureobasidium	Fungi	521	False
A0A7G5KLV0	Cananga	Plants	590	False
A0A7J6K338	Toxoplasma	Other	504	True
A0A7J6KC99	Toxoplasma	Other	7603	False
A0A7J6KE60	Toxoplasma	Other	652	True
A0A7P0TBJ1	Homo	Metazoa	273	False
A0A974HZL0	Xenopus	Metazoa	332	False
A0A9E9KU97	Erythroxylum	Plants	784	False
A0A9E9KUR1	Erythroxylum	Plants	786	False
A0JN39	Bos	Metazoa	953	False
A0MP03	Xenopus	Metazoa	1028	False
A0PJW6	Homo	Metazoa	202	True
A1L020	Homo	Metazoa	520	False
A1L188	Homo	Metazoa	74	False
A1L4W5	Arabidopsis	Plants	415	False
A1L4Y1	Arabidopsis	Plants	411	False
A1Z6M6	melanogaster subgroup	Metazoa	396	False
A1Z830	melanogaster subgroup	Metazoa	485	False
A1Z9G3	melanogaster subgroup	Metazoa	549	False
A2ADA5	Mus	Metazoa	291	False
A2WJP3	Oryza sativa	Plants	320	False
A2WQE4	Oryza sativa	Plants	333	False
A2Y8X2	Oryza sativa	Plants	609	False
A2YH60	Oryza sativa	Plants	419	False
A2YQD9	Oryza sativa	Plants	139	False
A3AWH5	Oryza sativa	Plants	306	False
A3BK75	Oryza sativa	Plants	482	False
A3BV95	Oryza sativa	Plants	291	False
A3FPJ2	Caenorhabditis	Metazoa	152	False
A3R064	Gallus	Metazoa	426	False
A4F267	Rattus	Metazoa	308	False
A5HNF6	Gallus	Metazoa	299	False
A5LGM7	Polypedilum	Metazoa	504	True
A6BLW4	Oryza sativa	Plants	246	False
A6ND48	Homo	Metazoa	311	True
A6NDU8	Homo	Metazoa	294	False
A6NEQ0	Homo	Metazoa	496	False
A6NF83	Homo	Metazoa	97	False
A6NFN3	Homo	Metazoa	312	False
A6NLJ0	Homo	Metazoa	364	False
A6NND4	Homo	Metazoa	320	True
A7E3N7	Rattus	Metazoa	446	False
A7XN92	Zea	Plants	842	False
A7Y7W2	Gallus	Metazoa	389	False
A7Y7W3	Gallus	Metazoa	309	False
A8BFN4	Giardia intestinalis	Other	1480	False
A8CEI3	Leucaena	Plants	443	False
A8CVF3	Avicennia	Plants	195	False
A8IXB8	Chlamydomonas	Plants	362	False
A8J785	Chlamydomonas	Plants	209	True
A8JGB0	Chlamydomonas	Plants	777	False
A9D2P7	Caenorhabditis	Metazoa	672	False
A9JRD8	Danio	Metazoa	540	False
A9Y0K8	Medicago	Plants	313	False
A9YDN6	Pyricularia	Fungi	702	False
B0KZ40	Zea	Plants	426	False
B0XTT5	Aspergillus fumigatus	Fungi	247	False
B1B3P3	Sophora	Plants	410	False
B2AFA8	Podospora anserina	Fungi	775	False
B2C6R6	Arabidopsis	Plants	681	False
B2D6P4	Caenorhabditis	Metazoa	508	False
B2RW88	Mus	Metazoa	366	False
B3DH96	Danio	Metazoa	325	True
B3DMA2	Rattus	Metazoa	779	False
B3EWF7	Homo	Metazoa	344	False
B3H4X8	Arabidopsis	Plants	100	False
B3H615	Arabidopsis	Plants	262	False
B4DJY2	Homo	Metazoa	109	True
B4FNK8	Zea	Plants	312	False
B4FUP5	Zea	Plants	253	False
B4FZ81	Zea	Plants	555	False
B5DFK7	Rattus	Metazoa	320	False
B6H3B2	Penicillium rubens	Fungi	561	False
B6H9U8	Penicillium rubens	Fungi	427	False
B6HLT9	Penicillium rubens	Fungi	357	False
B6HLU0	Penicillium rubens	Fungi	331	False
B6KG46	Toxoplasma gondii	Other	688	False
B6TTV8	Zea	Plants	498	False
B6TVL4	Zea	Plants	395	False
B6UV92	Oryza sativa	Plants	444	False
B7FAL5	Oryza sativa	Plants	204	False
B7Z0X7	melanogaster subgroup	Metazoa	61	True
B8ARK7	Oryza sativa	Plants	483	False
B8B2R4	Oryza sativa	Plants	377	False
B8BDQ4	Oryza sativa	Plants	696	False
B8BNY7	Oryza sativa	Plants	596	False
B8XA40	Solanum subgen. Lycopersicon	Plants	303	False
B8XA41	Solanum subgen. Lycopersicon	Plants	777	False
B8Y6I0	Zea	Plants	786	False
B9DHG0	Arabidopsis	Plants	301	True
B9EJG8	Homo	Metazoa	249	True
B9QMJ0	Toxoplasma gondii	Other	1338	False
C0HLU2	Homo	Metazoa	46	False
C0HLU5	Prasiola	Plants	307	False
C0HM53	Populus	Plants	510	False
C0HM98	Homo	Metazoa	186	False
C1K5M2	Solanum subgen. Lycopersicon	Plants	303	False
C4LY96	Entamoeba histolytica	Other	1151	False
C4M1E4	Entamoeba histolytica	Other	1153	False
C4QYG0	Komagataella phaffii	Fungi	376	False
C4R4G9	Komagataella phaffii	Fungi	344	False
C4R5T1	Komagataella phaffii	Fungi	384	False
C4R6F0	Komagataella phaffii	Fungi	455	False
C4R826	Komagataella phaffii	Fungi	204	False
C4R8D7	Komagataella phaffii	Fungi	409	False
C6KST8	Plasmodium falciparum	Other	358	True
C6KT66	Plasmodium falciparum	Other	527	False
C6TCZ5	Glycine subgen. Soja	Plants	232	False
C8YNG6	Petunia	Plants	462	False
D2K8N5	Nicotiana	Plants	403	False
D3IUT5	Xenopus	Metazoa	1985	False
D3U715	Petunia	Plants	424	False
D3U716	Petunia	Plants	394	False
D3U717	Petunia	Plants	434	False
D3YZI9	Mus	Metazoa	523	False
D3Z6Q9	Mus	Metazoa	489	False
D3ZGX1	Rattus	Metazoa	1517	False
D3ZGZ6	Rattus	Metazoa	127	True
D3ZK93	Rattus	Metazoa	322	True
D3ZKT0	Rattus	Metazoa	337	False
D3ZNT6	Rattus	Metazoa	361	False
D3ZX63	Rattus	Metazoa	334	False
D4A2Y9	Rattus	Metazoa	403	False
D4A7U2	Rattus	Metazoa	587	False
D4AE48	Rattus	Metazoa	505	False
D4AEP3	Rattus	Metazoa	194	True
D5LXJ0	Lotus	Plants	691	False
E1BSW7	Gallus	Metazoa	139	False
E1BUG7	Gallus	Metazoa	690	False
E1JH25	melanogaster subgroup	Metazoa	1876	False
E5KBU3	Pinus subgen. Pinus	Plants	354	False
E5KBU4	Physcomitrium	Plants	394	False
E5L8F7	Lotus	Plants	358	False
E5RQA1	Oryza sativa	Plants	257	False
E9AGH7	Leishmania donovani species complex	Other	365	False
E9ENZ6	Metarhizium robertsii	Fungi	413	False
E9EV02	Metarhizium robertsii	Fungi	942	False
E9EXC4	Metarhizium robertsii	Fungi	1005	False
E9F591	Metarhizium robertsii	Fungi	445	False
E9F8I5	Metarhizium robertsii	Fungi	1098	False
E9P974	Saccharomyces	Fungi	234	False
E9PRG8	Homo	Metazoa	123	False
E9PXM9	Mus	Metazoa	466	False
E9PYL2	Mus	Metazoa	2035	False
E9Q784	Mus	Metazoa	1729	False
E9Q8G5	Mus	Metazoa	680	False
F1NPG5	Gallus	Metazoa	639	False
F1P065	Gallus	Metazoa	1046	False
F4HQD4	Arabidopsis	Plants	831	False
F4HS99	Arabidopsis	Plants	1797	False
F4HUK6	Arabidopsis	Plants	556	False
F4HYD7	Arabidopsis	Plants	467	False
F4I1G5	Arabidopsis	Plants	226	True
F4I700	Arabidopsis	Plants	717	False
F4IAT8	Arabidopsis	Plants	326	False
F4IAW1	Arabidopsis	Plants	326	False
F4IDJ0	Arabidopsis	Plants	830	False
F4IMQ0	Arabidopsis	Plants	288	False
F4IRQ5	Arabidopsis	Plants	567	False
F4ISV6	Arabidopsis	Plants	537	False
F4IUY8	Arabidopsis	Plants	1006	False
F4IY03	Arabidopsis	Plants	332	False
F4IZ80	Arabidopsis	Plants	124	False
F4J7T3	Arabidopsis	Plants	1957	False
F4JAU2	Arabidopsis	Plants	1697	False
F4JP46	Arabidopsis	Plants	328	False
F4JV80	Arabidopsis	Plants	155	False
F4JW68	Arabidopsis	Plants	126	False
F4JWT7	Arabidopsis	Plants	383	False
F4K1R2	Arabidopsis	Plants	197	False
F4K6X0	Arabidopsis	Plants	121	False
F4K8S5	Arabidopsis	Plants	355	False
F4KFB3	Arabidopsis	Plants	598	False
F4KHG6	Arabidopsis	Plants	489	False
F6YCR7	Mus	Metazoa	232	False
F7VNF8	Sordaria macrospora	Fungi	909	False
F8VQK3	Mus	Metazoa	730	False
G1X9E2	Orbilia oligospora	Fungi	406	True
G1X9H9	Orbilia oligospora	Fungi	411	False
G1XJN1	Orbilia oligospora	Fungi	401	True
G2HK15	Caenorhabditis	Metazoa	367	False
G2XEY9	Verticillium dahliae	Fungi	653	False
G2XIE8	Verticillium dahliae	Fungi	573	True
G3UVW3	Mus	Metazoa	457	True
G3XKQ9	Oryza sativa	Plants	394	False
G4LTX4	Castanea	Plants	375	False
G4MWZ7	Pyricularia oryzae	Fungi	702	False
G4MZY8	Pyricularia oryzae	Fungi	214	False
G4N1S3	Pyricularia oryzae	Fungi	241	False
G4NBR8	Pyricularia oryzae	Fungi	548	False
G5DGA8	Ips	Metazoa	253	False
G5ECC7	Caenorhabditis	Metazoa	1264	False
G5ECT8	Caenorhabditis	Metazoa	209	False
G5ED41	Caenorhabditis	Metazoa	1274	False
G5ED66	Caenorhabditis	Metazoa	308	False
G5EF68	Caenorhabditis	Metazoa	648	False
G5EFZ3	Caenorhabditis	Metazoa	570	False
G5EG51	Caenorhabditis	Metazoa	1270	False
G5EGA9	Caenorhabditis	Metazoa	345	False
G7IBJ4	Medicago	Plants	710	True
G7JND3	Medicago	Plants	620	True
G8B839	Candida parapsilosis	Fungi	266	False
G8GJ94	Salvia incertae sedis	Plants	575	False
G8GJ96	Salvia incertae sedis	Plants	784	False
H1UBN0	Rattus	Metazoa	556	False
H3BKT1	Mus	Metazoa	185	False
H9G301	Caenorhabditis	Metazoa	202	False
H9JD76	Bombyx	Metazoa	629	True
I1RAW4	Gibberella zeae	Fungi	316	False
I3W9F7	Rhizophagus	Fungi	316	True
I6LAD1	Komagataella	Fungi	384	False
I7GPX8	Toona	Plants	595	False
I7HD01	Leishmania donovani species complex	Other	189	False
J4KNE4	Beauveria bassiana	Fungi	810	False
J4UQI9	Beauveria bassiana	Fungi	392	False
J4VYF0	Beauveria bassiana	Fungi	940	False
J9VED5	Cryptococcus neoformans	Fungi	483	False
J9VIL4	Cryptococcus neoformans	Fungi	623	True
J9VME1	Cryptococcus neoformans	Fungi	1543	False
J9VP29	Cryptococcus neoformans	Fungi	331	False
J9VPA2	Cryptococcus neoformans	Fungi	1529	False
J9VT33	Cryptococcus neoformans	Fungi	1048	False
J9VXM5	Cryptococcus neoformans	Fungi	1421	False
K4CF70	Solanum subgen. Lycopersicon	Plants	476	False
K4D3V7	Solanum subgen. Lycopersicon	Plants	475	False
K7W9N9	Solanum subgen. Lycopersicon	Plants	285	False
K7X479	Solanum subgen. Lycopersicon	Plants	313	False
L0PQS5	Botrytis cinerea	Fungi	575	False
O01422	Caenorhabditis	Metazoa	495	False
O02073	Caenorhabditis	Metazoa	376	False
O04090	Arabidopsis	Plants	148	False
O04375	Arabidopsis	Plants	495	False
O04376	Arabidopsis	Plants	499	False
O04630	Arabidopsis	Plants	709	False
O04847	Catharanthus	Plants	401	False
O04922	Arabidopsis	Plants	169	False
O13294	Candida	Fungi	411	False
O13395	Mycosarcoma	Fungi	1180	False
O13577	Saccharomyces cerevisiae	Fungi	133	False
O13600	Schizosaccharomyces pombe	Fungi	209	False
O13612	Schizosaccharomyces pombe	Fungi	415	False
O13701	Schizosaccharomyces pombe	Fungi	393	False
O13702	Schizosaccharomyces pombe	Fungi	450	False
O13709	Schizosaccharomyces pombe	Fungi	244	False
O13725	Schizosaccharomyces pombe	Fungi	242	False
O13769	Schizosaccharomyces pombe	Fungi	638	False
O13775	Schizosaccharomyces pombe	Fungi	716	False
O13792	Schizosaccharomyces pombe	Fungi	434	False
O13800	Schizosaccharomyces pombe	Fungi	230	False
O13802	Schizosaccharomyces pombe	Fungi	333	False
O13829	Schizosaccharomyces pombe	Fungi	261	False
O13834	Schizosaccharomyces pombe	Fungi	3227	False
O13851	Schizosaccharomyces pombe	Fungi	294	False
O13852	Schizosaccharomyces pombe	Fungi	249	False
O13907	Schizosaccharomyces pombe	Fungi	492	False
O13915	Schizosaccharomyces pombe	Fungi	265	False
O13974	Schizosaccharomyces pombe	Fungi	329	False
O14044	Schizosaccharomyces pombe	Fungi	241	False
O14134	Schizosaccharomyces pombe	Fungi	1057	False
O14141	Schizosaccharomyces pombe	Fungi	241	False
O14161	Schizosaccharomyces pombe	Fungi	293	False
O14174	Schizosaccharomyces pombe	Fungi	473	False
O14212	Schizosaccharomyces pombe	Fungi	470	False
O14253	Schizosaccharomyces pombe	Fungi	780	False
O14291	Schizosaccharomyces pombe	Fungi	313	False
O14328	Schizosaccharomyces pombe	Fungi	474	False
O14329	Schizosaccharomyces pombe	Fungi	386	False
O14368	Schizosaccharomyces pombe	Fungi	143	False
O14464	Saccharomyces cerevisiae	Fungi	93	False
O15016	Homo	Metazoa	1351	False
O15090	Homo	Metazoa	1300	False
O15235	Homo	Metazoa	138	False
O15375	Homo	Metazoa	505	True
O17915	Caenorhabditis	Metazoa	215	False
O18473	Heliothis	Metazoa	576	False
O21619	Ovis	Metazoa	261	True
O22137	Arabidopsis	Plants	613	False
O22160	Arabidopsis	Plants	224	False
O22161	Arabidopsis	Plants	930	False
O22210	Arabidopsis	Plants	248	False
O22241	Arabidopsis	Plants	424	False
O22340	Abies	Plants	637	False
O22773	Arabidopsis	Plants	216	False
O22870	Arabidopsis	Plants	223	False
O22920	Arabidopsis	Plants	831	True
O22922	Arabidopsis	Plants	232	False
O23035	Arabidopsis	Plants	72	True
O23077	Arabidopsis	Plants	319	False
O23138	Arabidopsis	Plants	114	False
O23247	Arabidopsis	Plants	642	False
O23277	Arabidopsis	Plants	1330	False
O23300	Arabidopsis	Plants	238	False
O23342	Arabidopsis	Plants	177	False
O23344	Arabidopsis	Plants	154	False
O23365	Arabidopsis	Plants	580	False
O23492	Arabidopsis	Plants	582	True
O23614	Arabidopsis	Plants	515	False
O24371	Solanum	Plants	914	False
O24466	Arabidopsis	Plants	216	False
O24474	Abies	Plants	627	False
O24475	Abies	Plants	628	False
O24591	Zea	Plants	307	False
O35094	Rattus	Metazoa	453	False
O35296	Mesocricetus	Metazoa	373	False
O35683	Mus	Metazoa	70	True
O35857	Mus	Metazoa	452	False
O36024	Schizosaccharomyces pombe	Fungi	280	False
O42666	Schizosaccharomyces pombe	Fungi	243	False
O42716	Aspergillus parasiticus	Fungi	438	False
O42848	Schizosaccharomyces pombe	Fungi	197	False
O42885	Schizosaccharomyces pombe	Fungi	572	True
O42936	Schizosaccharomyces pombe	Fungi	470	False
O42958	Schizosaccharomyces pombe	Fungi	754	False
O43006	Schizosaccharomyces pombe	Fungi	225	False
O43008	Schizosaccharomyces pombe	Fungi	300	False
O43013	Schizosaccharomyces pombe	Fungi	533	False
O43044	Schizosaccharomyces pombe	Fungi	1136	False
O43065	Schizosaccharomyces pombe	Fungi	1953	False
O43071	Schizosaccharomyces pombe	Fungi	558	False
O43365	Homo	Metazoa	443	False
O43812	Homo	Metazoa	170	False
O44411	Caenorhabditis	Metazoa	681	False
O44498	Caenorhabditis	Metazoa	1623	False
O45784	Caenorhabditis	Metazoa	183	False
O46098	melanogaster subgroup	Metazoa	92	False
O46101	melanogaster subgroup	Metazoa	244	True
O48582	Arabidopsis	Plants	723	False
O48713	Arabidopsis	Plants	585	False
O48716	Arabidopsis	Plants	465	False
O48721	Arabidopsis	Plants	321	False
O49292	Arabidopsis	Plants	260	False
O49660	Arabidopsis	Plants	491	True
O49675	Arabidopsis	Plants	595	False
O49929	Lathyrus	Plants	213	True
O49937	Spinacia	Plants	293	False
O55057	Mus	Metazoa	150	False
O55081	Rattus	Metazoa	1135	False
O55227	Rattus	Metazoa	259	True
O59669	Schizosaccharomyces pombe	Fungi	139	False
O59680	Schizosaccharomyces pombe	Fungi	307	False
O59730	Schizosaccharomyces pombe	Fungi	379	False
O59744	Schizosaccharomyces pombe	Fungi	815	False
O59773	Schizosaccharomyces pombe	Fungi	994	False
O59793	Schizosaccharomyces pombe	Fungi	384	False
O59894	Komagataella	Fungi	376	False
O60044	Neurospora crassa	Fungi	454	False
O60164	Schizosaccharomyces pombe	Fungi	607	False
O60171	Schizosaccharomyces pombe	Fungi	215	False
O60174	Schizosaccharomyces pombe	Fungi	582	False
O60412	Homo	Metazoa	319	True
O60765	Homo	Metazoa	605	False
O61766	Caenorhabditis	Metazoa	383	False
O62203	Caenorhabditis	Metazoa	1073	False
O64740	Arabidopsis	Plants	302	False
O64764	Arabidopsis	Plants	194	False
O64852	Arabidopsis	Plants	416	False
O64894	Cucurbita	Plants	690	False
O65370	Arabidopsis	Plants	138	False
O65499	Arabidopsis	Plants	284	False
O73622	Xenopus	Metazoa	293	False
O74311	Schizosaccharomyces pombe	Fungi	150	False
O74331	Schizosaccharomyces pombe	Fungi	363	False
O74354	Schizosaccharomyces pombe	Fungi	599	False
O74361	Schizosaccharomyces pombe	Fungi	356	False
O74365	Schizosaccharomyces pombe	Fungi	865	False
O74374	Schizosaccharomyces pombe	Fungi	554	False
O74386	Schizosaccharomyces pombe	Fungi	248	False
O74387	Schizosaccharomyces pombe	Fungi	287	False
O74388	Schizosaccharomyces pombe	Fungi	301	False
O74399	Schizosaccharomyces pombe	Fungi	740	False
O74405	Schizosaccharomyces pombe	Fungi	381	False
O74409	Schizosaccharomyces pombe	Fungi	296	False
O74424	Schizosaccharomyces pombe	Fungi	1837	False
O74433	Schizosaccharomyces pombe	Fungi	67	True
O74434	Schizosaccharomyces pombe	Fungi	626	False
O74443	Schizosaccharomyces pombe	Fungi	272	False
O74458	Schizosaccharomyces pombe	Fungi	1006	False
O74489	Schizosaccharomyces pombe	Fungi	329	False
O74500	Schizosaccharomyces pombe	Fungi	736	False
O74503	Schizosaccharomyces pombe	Fungi	233	False
O74515	Schizosaccharomyces pombe	Fungi	262	False
O74544	Schizosaccharomyces pombe	Fungi	314	False
O74547	Schizosaccharomyces pombe	Fungi	422	False
O74553	Schizosaccharomyces pombe	Fungi	326	False
O74731	Schizosaccharomyces pombe	Fungi	479	False
O74761	Schizosaccharomyces pombe	Fungi	459	False
O74771	Schizosaccharomyces pombe	Fungi	374	False
O74789	Schizosaccharomyces pombe	Fungi	348	False
O74790	Schizosaccharomyces pombe	Fungi	244	False
O74792	Schizosaccharomyces pombe	Fungi	515	False
O74796	Schizosaccharomyces pombe	Fungi	264	False
O74824	Schizosaccharomyces pombe	Fungi	308	False
O74826	Schizosaccharomyces pombe	Fungi	216	False
O74829	Schizosaccharomyces pombe	Fungi	516	True
O74845	Schizosaccharomyces pombe	Fungi	564	False
O74895	Schizosaccharomyces pombe	Fungi	201	False
O74904	Schizosaccharomyces pombe	Fungi	122	False
O74914	Schizosaccharomyces pombe	Fungi	244	False
O74935	Yarrowia lipolytica	Fungi	700	False
O74936	Yarrowia lipolytica	Fungi	700	False
O74962	Schizosaccharomyces pombe	Fungi	403	False
O74964	Schizosaccharomyces pombe	Fungi	803	False
O74968	Schizosaccharomyces pombe	Fungi	249	False
O75004	Schizosaccharomyces pombe	Fungi	501	False
O75388	Homo	Metazoa	356	True
O75394	Homo	Metazoa	65	False
O75526	Homo	Metazoa	392	False
O76001	Homo	Metazoa	311	True
O76099	Homo	Metazoa	320	True
O77264	melanogaster subgroup	Metazoa	361	False
O77475	melanogaster subgroup	Metazoa	392	True
O80386	Arabidopsis	Plants	1058	False
O80429	Zea	Plants	140	False
O80439	Arabidopsis	Plants	118	False
O80506	Arabidopsis	Plants	93	False
O80669	Arabidopsis	Plants	141	False
O80683	Arabidopsis	Plants	238	False
O80832	Arabidopsis	Plants	410	False
O80874	Arabidopsis	Plants	508	False
O80990	Arabidopsis	Plants	352	False
O81016	Arabidopsis	Plants	1420	False
O81027	Arabidopsis	Plants	468	False
O81098	Arabidopsis	Plants	205	False
O81275	Arabidopsis	Plants	276	False
O81316	Arabidopsis	Plants	558	False
O81488	Arabidopsis	Plants	255	False
O81796	Arabidopsis	Plants	368	False
O82169	Arabidopsis	Plants	232	False
O82170	Arabidopsis	Plants	402	False
O82259	Arabidopsis	Plants	225	False
O82279	Arabidopsis	Plants	350	False
O82291	Arabidopsis	Plants	376	False
O82357	Arabidopsis	Plants	347	False
O82491	Arabidopsis	Plants	1074	False
O82503	Arabidopsis	Plants	287	False
O82662	Arabidopsis	Plants	421	False
O82741	Arabidopsis	Plants	268	False
O82743	Arabidopsis	Plants	219	False
O82775	Arabidopsis	Plants	256	False
O88441	Mus	Metazoa	263	False
O88492	Mus	Metazoa	1403	False
O88532	Mus	Metazoa	1074	False
O88843	Mus	Metazoa	199	False
O89043	Rattus	Metazoa	600	False
O93400	Xenopus	Metazoa	375	False
O94248	Schizosaccharomyces pombe	Fungi	4717	False
O94255	Schizosaccharomyces pombe	Fungi	244	False
O94258	Schizosaccharomyces pombe	Fungi	978	False
O94261	Schizosaccharomyces pombe	Fungi	220	False
O94268	Schizosaccharomyces pombe	Fungi	608	False
O94276	Schizosaccharomyces pombe	Fungi	215	False
O94285	Schizosaccharomyces pombe	Fungi	203	False
O94286	Schizosaccharomyces pombe	Fungi	178	False
O94289	Schizosaccharomyces pombe	Fungi	718	False
O94290	Schizosaccharomyces pombe	Fungi	217	False
O94294	Schizosaccharomyces pombe	Fungi	886	False
O94308	Schizosaccharomyces pombe	Fungi	422	False
O94328	Schizosaccharomyces pombe	Fungi	141	False
O94329	Schizosaccharomyces pombe	Fungi	183	False
O94423	Schizosaccharomyces pombe	Fungi	421	False
O94459	Schizosaccharomyces pombe	Fungi	559	False
O94468	Schizosaccharomyces pombe	Fungi	213	False
O94494	Schizosaccharomyces pombe	Fungi	277	False
O94522	Schizosaccharomyces pombe	Fungi	390	False
O94538	Schizosaccharomyces pombe	Fungi	649	False
O94590	Schizosaccharomyces pombe	Fungi	693	False
O94643	Schizosaccharomyces pombe	Fungi	441	False
O94647	Schizosaccharomyces pombe	Fungi	461	False
O94650	Schizosaccharomyces pombe	Fungi	73	False
O94667	Schizosaccharomyces pombe	Fungi	560	False
O94668	Schizosaccharomyces pombe	Fungi	388	False
O94716	Schizosaccharomyces pombe	Fungi	233	False
O95007	Homo	Metazoa	311	True
O95478	Homo	Metazoa	260	False
O95625	Homo	Metazoa	1053	False
O95665	Homo	Metazoa	410	True
O95800	Homo	Metazoa	540	True
O95838	Homo	Metazoa	553	False
O96155	Plasmodium falciparum	Other	249	False
O96237	Plasmodium falciparum	Other	899	False
P00003	unclassified Ateles	Metazoa	105	False
P00007	Hippopotamus	Metazoa	105	False
P00008	Oryctolagus	Metazoa	105	False
P00012	Mirounga	Metazoa	105	False
P00013	Miniopterus	Metazoa	105	False
P00014	Macropus	Metazoa	105	False
P00017	Aptenodytes	Metazoa	105	False
P00018	Dromaius	Metazoa	105	False
P00019	Struthio	Metazoa	105	False
P00020	Anas	Metazoa	105	False
P00021	Columba	Metazoa	105	False
P00022	Chelydra	Metazoa	105	False
P00025	Katsuwonus	Metazoa	104	False
P00026	Cyprinus	Metazoa	104	False
P00027	Squalus	Metazoa	105	False
P00028	Entosphenus	Metazoa	105	False
P00031	Macrobrachium	Metazoa	105	False
P00043	Debaryomyces hansenii	Fungi	110	False
P00045	Saccharomyces cerevisiae	Fungi	113	False
P00046	Schizosaccharomyces pombe	Fungi	109	False
P00048	Neurospora crassa	Fungi	108	False
P00051	Cucurbita	Plants	111	False
P00061	Solanum	Plants	111	False
P00064	Allium	Plants	111	False
P00068	Triticum	Plants	112	False
P00070	Helianthus	Plants	112	False
P00077	Strigomonas	Other	113	False
P00078	Crithidia	Other	114	False
P00107	Diacronema	Other	83	False
P00221	Spinacia	Plants	147	False
P00311	Galdieria	Other	172	False
P00422	Neurospora crassa	Fungi	269	True
P00425	Saccharomyces cerevisiae	Fungi	151	True
P00426	Bos	Metazoa	152	False
P00427	Saccharomyces cerevisiae	Fungi	148	False
P00428	Bos	Metazoa	129	False
P00847	Bos	Metazoa	226	True
P00856	Saccharomyces cerevisiae	Fungi	48	True
P00873	Chlamydomonas	Plants	185	False
P01098	Saccharomyces cerevisiae	Fungi	86	False
P01103	Gallus	Metazoa	641	False
P01252	Bos	Metazoa	110	False
P02268	Sepia	Metazoa	125	False
P02269	Asterias	Metazoa	125	False
P02270	Sipunculus	Metazoa	124	False
P02276	Triticum	Plants	151	False
P02277	Triticum	Plants	151	False
P02284	Cymbula	Metazoa	122	False
P02285	Marthasterias	Metazoa	121	False
P02286	Asterias	Metazoa	122	False
P02289	Strongylocentrotus	Metazoa	124	False
P02290	Parechinus	Metazoa	145	False
P02291	Parechinus	Metazoa	144	False
P02292	Parechinus	Metazoa	149	False
P02318	Bos	Metazoa	51	False
P02319	Mus	Metazoa	51	False
P02381	Saccharomyces cerevisiae	Fungi	398	False
P02398	Spinacia	Plants	189	False
P02719	Electrophorus	Metazoa	1820	False
P02721	Bos	Metazoa	108	False
P03872	Saccharomyces cerevisiae	Fungi	296	False
P03880	Nidulantes	Fungi	488	False
P03882	Saccharomyces cerevisiae	Fungi	235	False
P03896	melanogaster subgroup	Metazoa	341	True
P03899	Mus	Metazoa	115	True
P03903	Mus	Metazoa	98	True
P03921	Mus	Metazoa	607	True
P03924	Bos	Metazoa	175	True
P03929	Bos	Metazoa	66	True
P04045	Solanum	Plants	966	False
P04101	Sus	Metazoa	50	False
P04143	Rattus	Metazoa	150	False
P04803	Saccharomyces cerevisiae	Fungi	379	False
P04842	Komagataella phaffii	Fungi	663	False
P04992	Petunia	Plants	477	False
P05022	Zea	Plants	507	False
P05085	Saccharomyces cerevisiae	Fungi	880	False
P05314	Spinacia	Plants	594	False
P05435	Spinacia	Plants	364	False
P05626	Saccharomyces cerevisiae	Fungi	244	False
P05631	Bos	Metazoa	298	False
P05632	Bos	Metazoa	51	False
P06005	Spinacia	Plants	353	True
P06007	Chlamydomonas	Plants	352	True
P06182	Saccharomyces cerevisiae	Fungi	269	False
P06292	Marchantia	Plants	475	False
P06402	Marchantia	Plants	353	True
P06404	Marchantia	Plants	353	True
P06507	Spinacia	Plants	100	False
P06508	Spinacia	Plants	92	False
P06509	Spinacia	Plants	272	False
P06526	Bos	Metazoa	509	False
P06541	Chlamydomonas	Plants	481	False
P06601	melanogaster subgroup	Metazoa	613	False
P06813	Oryctolagus	Metazoa	266	False
P07038	Neurospora crassa	Fungi	920	False
P07253	Saccharomyces cerevisiae	Fungi	162	False
P07266	Saccharomyces cerevisiae	Fungi	363	False
P07275	Saccharomyces cerevisiae	Fungi	575	False
P07378	Trypanosoma brucei	Other	440	False
P07436	Badhamia	Other	467	False
P07665	melanogaster subgroup	Metazoa	356	False
P07752	Trypanosoma brucei	Other	372	False
P07806	Saccharomyces cerevisiae	Fungi	1104	False
P07839	Chlamydomonas	Plants	126	False
P07854	Spinacia	Plants	138	False
P07891	Chlamydomonas	Plants	141	False
P08048	Homo	Metazoa	801	False
P08196	Solanum subgen. Lycopersicon	Plants	412	False
P08284	Gallus	Metazoa	219	False
P08286	Gallus	Metazoa	220	False
P08287	Gallus	Metazoa	225	False
P08703	Penicillium chrysogenum species complex	Fungi	331	False
P08993	Tetrahymena thermophila	Other	122	False
P08994	Tetrahymena thermophila	Other	122	False
P09001	Homo	Metazoa	348	False
P09023	Mus	Metazoa	224	False
P09089	melanogaster subgroup	Metazoa	353	False
P09108	Tetronarce	Metazoa	412	False
P09114	Nicotiana	Plants	664	False
P09342	Nicotiana	Plants	667	False
P09368	Saccharomyces cerevisiae	Fungi	476	False
P09457	Saccharomyces cerevisiae	Fungi	212	False
P09559	Spinacia	Plants	402	False
P09594	Spinacia	Plants	199	False
P09595	Spinacia	Plants	218	False
P09630	Homo	Metazoa	235	False
P09911	Lathyrus	Plants	149	False
P09925	Mus	Metazoa	306	True
P09956	melanogaster subgroup	Metazoa	575	False
P09987	Gallus	Metazoa	218	False
P0C016	Schizosaccharomyces pombe	Fungi	150	False
P0C1H6	Homo	Metazoa	154	False
P0C219	Rattus	Metazoa	858	False
P0C2X8	Xenopus	Metazoa	363	False
P0C510	Oryza	Plants	477	False
P0C511	Oryza sativa	Plants	477	False
P0C522	Oryza sativa	Plants	509	False
P0C5Y7	Schizosaccharomyces pombe	Fungi	102	False
P0C7R2	Arabidopsis	Plants	280	False
P0C8R3	Schizosaccharomyces pombe	Fungi	150	False
P0CB49	Rattus	Metazoa	1376	False
P0CG13	Homo	Metazoa	121	False
P0CG29	Homo	Metazoa	244	False
P0CJ43	Arabidopsis	Plants	589	False
P0CP68	Cryptococcus deneoformans	Fungi	365	False
P0CT57	Schizosaccharomyces pombe	Fungi	139	False
P0CT69	Schizosaccharomyces pombe	Fungi	176	False
P0CT72	Schizosaccharomyces pombe	Fungi	253	False
P0CT75	Schizosaccharomyces pombe	Fungi	143	False
P0CT76	Schizosaccharomyces pombe	Fungi	143	False
P0CU08	Schizosaccharomyces pombe	Fungi	235	False
P0CU17	Schizosaccharomyces pombe	Fungi	443	False
P0CU18	Schizosaccharomyces pombe	Fungi	443	False
P0CV94	Fragaria	Plants	519	False
P0CV95	Fragaria	Plants	578	False
P0CY15	Schizosaccharomyces pombe	Fungi	42	False
P0DH95	Arabidopsis	Plants	149	False
P0DJ07	Homo	Metazoa	73	True
P0DJD4	Homo	Metazoa	496	False
P0DJH7	Gallus	Metazoa	80	False
P0DKB6	Homo	Metazoa	136	True
P0DKB7	Arabidopsis	Plants	326	False
P0DKB8	Arabidopsis	Plants	326	False
P0DKB9	Arabidopsis	Plants	326	False
P0DKJ7	Arabidopsis	Plants	813	False
P0DN34	Mus	Metazoa	57	True
P0DO01	Oryza sativa	Plants	447	False
P0DO02	Oryza sativa	Plants	447	False
P0DO03	Oryza sativa	Plants	447	False
P0DO12	Arabidopsis	Plants	126	False
P0DO23	Arabidopsis	Plants	394	False
P0DO24	Arabidopsis	Plants	649	False
P0DP88	Danio	Metazoa	75	True
P0DPI2	Homo	Metazoa	268	False
P0DPK0	Xenopus	Metazoa	237	False
P0DW16	Sus	Metazoa	1223	False
P10118	Rattus	Metazoa	51	False
P10156	Tetrahymena thermophila	Other	164	False
P10255	Neurospora crassa	Fungi	223	False
P10355	Saccharomyces cerevisiae	Fungi	254	False
P10566	Saccharomyces cerevisiae	Fungi	314	True
P10662	Saccharomyces cerevisiae	Fungi	321	False
P10735	melanogaster subgroup	Metazoa	140	False
P10803	Secale	Plants	353	True
P10834	Saccharomyces cerevisiae	Fungi	293	False
P10849	Saccharomyces cerevisiae	Fungi	440	False
P10898	Chlamydomonas	Plants	461	True
P11009	Gallus	Metazoa	419	False
P11084	Oryctolagus	Metazoa	307	False
P11448	Bryopsis	Plants	88	False
P11490	Arabidopsis	Plants	171	False
P11596	melanogaster subgroup	Metazoa	197	False
P11608	Rattus	Metazoa	67	True
P11796	Nicotiana	Plants	228	False
P11943	Neurospora crassa	Fungi	134	False
P12113	Chlamydomonas	Plants	358	False
P12163	Spinacia	Plants	59	True
P12297	melanogaster subgroup	Metazoa	963	False
P12333	Spinacia	Plants	267	False
P12359	Spinacia	Plants	332	False
P12617	Anser anser	Metazoa	504	False
P12629	Spinacia	Plants	250	False
P12686	Saccharomyces cerevisiae	Fungi	339	False
P12687	Saccharomyces cerevisiae	Fungi	371	False
P12787	Mus	Metazoa	146	False
P12887	Saccharomyces cerevisiae	Fungi	359	False
P13350	Xenopus	Metazoa	397	False
P13433	Saccharomyces cerevisiae	Fungi	1351	False
P13619	Bos	Metazoa	256	False
P13620	Bos	Metazoa	161	False
P13621	Bos	Metazoa	213	False
P13711	Saccharomyces cerevisiae	Fungi	748	False
P13788	Spinacia	Plants	201	False
P14063	Saccharomyces cerevisiae	Fungi	131	False
P14066	Saccharomyces cerevisiae	Fungi	229	False
P14292	Ogataea/Candida clade	Fungi	167	False
P14293	Ogataea/Candida clade	Fungi	167	False
P14893	Bos	Metazoa	373	False
P15308	Xenopus	Metazoa	273	False
P15340	Gallus	Metazoa	62	False
P15341	Equus	Metazoa	50	False
P15619	melanogaster subgroup	Metazoa	869	False
P15720	Gallus	Metazoa	174	False
P15796	Caenorhabditis	Metazoa	191	False
P16036	Rattus	Metazoa	356	True
P16048	Lathyrus	Plants	165	False
P16163	melanogaster subgroup	Metazoa	352	False
P16443	Rattus	Metazoa	325	False
P16458	Sterkiella	Other	385	False
P16886	Strongylocentrotus	Metazoa	126	False
P16888	Strongylocentrotus	Metazoa	123	False
P16889	Strongylocentrotus	Metazoa	123	False
P16965	Saccharomyces cerevisiae	Fungi	84	False
P17032	Homo	Metazoa	561	False
P17070	Oryza sativa	Plants	263	False
P17353	Spinacia	Plants	135	False
P17481	Homo	Metazoa	243	False
P17545	Trypanosoma brucei	Other	1766	False
P17546	Trypanosoma brucei	Other	1766	False
P17614	Nicotiana	Plants	560	False
P17923	Gallus	Metazoa	522	False
P17926	Gallus	Metazoa	439	False
P18263	Chlamydomonas	Plants	46	True
P18494	Saccharomyces cerevisiae	Fungi	730	False
P18544	Saccharomyces cerevisiae	Fungi	423	False
P18870	Gallus	Metazoa	314	False
P18900	Saccharomyces cerevisiae	Fungi	473	False
P19446	Citrullus	Plants	356	False
P19476	Entamoeba histolytica	Other	233	False
P19511	Rattus	Metazoa	256	False
P19536	Mus	Metazoa	128	False
P19735	Saccharomyces cerevisiae	Fungi	899	False
P19954	Spinacia	Plants	302	False
P19975	Lathyrus	Plants	253	False
P20069	Rattus	Metazoa	524	False
P20084	Saccharomyces cerevisiae	Fungi	86	False
P20285	Neurospora crassa	Fungi	458	False
P20609	Dictyostelium	Other	53	False
P20610	Dictyostelium	Other	55	True
P20821	Bos	Metazoa	173	False
P21138	Entamoeba histolytica	Other	233	False
P21306	Saccharomyces cerevisiae	Fungi	62	False
P21357	Solanum	Plants	538	False
P21506	Homo	Metazoa	573	False
P21620	Leishmania donovani species complex	Other	514	False
P21657	Saccharomyces cerevisiae	Fungi	970	False
P21665	Varanus	Metazoa	105	False
P21771	Saccharomyces cerevisiae	Fungi	286	False
P21839	Bos	Metazoa	392	False
P22009	Candida	Fungi	127	False
P22035	Saccharomyces cerevisiae	Fungi	811	False
P22058	melanogaster subgroup	Metazoa	355	False
P22134	Saccharomyces cerevisiae	Fungi	296	False
P22135	Saccharomyces cerevisiae	Fungi	325	False
P22136	Saccharomyces cerevisiae	Fungi	580	False
P22142	Neurospora crassa	Fungi	478	False
P22243	Carthamus	Plants	396	False
P22353	Saccharomyces cerevisiae	Fungi	238	False
P22354	Saccharomyces cerevisiae	Fungi	195	False
P22418	Spinacia	Plants	415	False
P22438	Saccharomyces cerevisiae	Fungi	575	False
P22439	Bos	Metazoa	501	False
P22512	Trypanosoma brucei	Other	359	False
P22513	Schizotrypanum	Other	359	False
P22798	Spinacia	Plants	271	False
P23225	Zea	Plants	1616	False
P23294	Canis lupus	Metazoa	277	True
P23369	Saccharomyces cerevisiae	Fungi	157	False
P23586	Arabidopsis	Plants	522	True
P23641	Saccharomyces cerevisiae	Fungi	311	True
P23709	Bos	Metazoa	266	False
P23902	Hordeum	Plants	462	False
P23955	Neurospora crassa	Fungi	577	False
P24118	Tetrahymena	Other	462	False
P24343	Gallus	Metazoa	266	False
P24493	Spinacia	Plants	433	False
P24613	Spinacia	Plants	256	False
P24846	Triticum	Plants	388	False
P24847	Triticum	Plants	377	False
P24918	Neurospora crassa	Fungi	744	False
P24993	Zea	Plants	73	True
P25038	Saccharomyces cerevisiae	Fungi	676	False
P25039	Saccharomyces cerevisiae	Fungi	761	False
P25079	Solanum	Plants	477	False
P25270	Saccharomyces cerevisiae	Fungi	412	False
P25274	Oryctolagus	Metazoa	168	False
P25332	Saccharomyces cerevisiae	Fungi	333	False
P25367	Saccharomyces cerevisiae	Fungi	405	False
P25379	Saccharomyces cerevisiae	Fungi	360	False
P25578	Saccharomyces cerevisiae	Fungi	521	False
P25596	Saccharomyces cerevisiae	Fungi	615	True
P25621	Saccharomyces cerevisiae	Fungi	512	True
P25626	Saccharomyces cerevisiae	Fungi	169	False
P25632	Saccharomyces cerevisiae	Fungi	483	False
P25638	Saccharomyces cerevisiae	Fungi	111	False
P25649	Saccharomyces cerevisiae	Fungi	128	False
P25701	Arabidopsis	Plants	136	False
P25702	Arabidopsis	Plants	136	False
P25711	Neurospora crassa	Fungi	218	False
P25873	Arabidopsis	Plants	277	False
P26259	Zea	Plants	380	False
P26267	Ascaris	Metazoa	396	False
P26370	Saccharomyces cerevisiae	Fungi	528	False
P26569	Arabidopsis	Plants	273	False
P26884	Bos	Metazoa	224	False
P27065	Solanum subgen. Lycopersicon	Plants	477	False
P27066	Glycine subgen. Soja	Plants	475	False
P27198	unclassified Rhodomonas	Other	177	False
P27344	Saccharomyces cerevisiae	Fungi	201	False
P27489	Solanum subgen. Lycopersicon	Plants	265	False
P27490	Lathyrus	Plants	268	False
P27520	Lathyrus	Plants	265	False
P27683	Spinacia	Plants	192	False
P27684	Spinacia	Plants	142	False
P27788	Zea	Plants	152	False
P27793	Capnoides	Plants	447	False
P27807	Triticum	Plants	152	False
P27929	Saccharomyces cerevisiae	Fungi	486	False
P28147	Arabidopsis	Plants	200	False
P28186	Arabidopsis	Plants	216	False
P28235	Mus	Metazoa	333	True
P28239	Saccharomyces cerevisiae	Fungi	310	False
P28297	Arabidopsis	Plants	576	False
P28350	Neurospora crassa	Fungi	1093	False
P28748	Schizosaccharomyces pombe	Fungi	216	False
P28817	Saccharomyces cerevisiae	Fungi	500	False
P28877	Candida	Fungi	895	False
P29266	Rattus	Metazoa	335	False
P29344	Spinacia	Plants	411	False
P29384	Arabidopsis	Plants	250	False
P29386	Arabidopsis	Plants	252	False
P29418	Rattus	Metazoa	51	False
P29419	Rattus	Metazoa	71	False
P29467	Saccharomyces cerevisiae	Fungi	408	False
P29677	Solanum	Plants	504	False
P29804	Sus	Metazoa	390	False
P30606	Saccharomyces cerevisiae	Fungi	609	False
P30775	Saccharomyces cerevisiae	Fungi	413	False
P30943	unclassified Rhodomonas	Other	104	False
P31161	Caenorhabditis	Metazoa	221	False
P31164	Spinacia	Plants	224	False
P31267	Homo	Metazoa	233	False
P31277	Homo	Metazoa	338	False
P31334	Saccharomyces cerevisiae	Fungi	269	False
P31399	Rattus	Metazoa	161	False
P32048	Saccharomyces cerevisiae	Fungi	576	False
P32191	Saccharomyces cerevisiae	Fungi	649	False
P32314	Homo	Metazoa	431	False
P32331	Saccharomyces cerevisiae	Fungi	307	True
P32342	Saccharomyces cerevisiae	Fungi	167	False
P32378	Saccharomyces cerevisiae	Fungi	372	False
P32387	Saccharomyces cerevisiae	Fungi	263	False
P32445	Saccharomyces cerevisiae	Fungi	135	False
P32463	Saccharomyces cerevisiae	Fungi	125	False
P32473	Saccharomyces cerevisiae	Fungi	366	False
P32489	Saccharomyces cerevisiae	Fungi	222	False
P32559	Saccharomyces cerevisiae	Fungi	526	False
P32611	Saccharomyces cerevisiae	Fungi	393	False
P32617	Saccharomyces cerevisiae	Fungi	166	False
P32626	Saccharomyces cerevisiae	Fungi	227	False
P32656	Saccharomyces cerevisiae	Fungi	232	False
P32761	Chlamydomonas	Plants	218	False
P32785	Saccharomyces cerevisiae	Fungi	401	False
P32786	Saccharomyces cerevisiae	Fungi	894	False
P32787	Saccharomyces cerevisiae	Fungi	269	False
P32836	Saccharomyces cerevisiae	Fungi	220	False
P32841	Saccharomyces cerevisiae	Fungi	428	False
P32843	Saccharomyces cerevisiae	Fungi	850	False
P32875	Saccharomyces cerevisiae	Fungi	414	False
P32891	Saccharomyces cerevisiae	Fungi	587	False
P32903	Saccharomyces cerevisiae	Fungi	40	True
P32904	Saccharomyces cerevisiae	Fungi	214	False
P32907	Saccharomyces cerevisiae	Fungi	282	True
P32962	Arabidopsis	Plants	339	False
P33075	Schizosaccharomyces pombe	Fungi	220	False
P33282	Emericella nidulans	Fungi	301	False
P33311	Saccharomyces cerevisiae	Fungi	773	False
P33411	Saccharomyces cerevisiae	Fungi	251	False
P33412	Saccharomyces cerevisiae	Fungi	323	False
P33417	Saccharomyces cerevisiae	Fungi	597	False
P33447	Schizotrypanum	Other	416	False
P33750	Saccharomyces cerevisiae	Fungi	489	False
P33759	Saccharomyces cerevisiae	Fungi	307	False
P34072	Saccharomyces cerevisiae	Fungi	584	False
P34122	Dictyostelium	Other	287	False
P34219	Saccharomyces cerevisiae	Fungi	525	False
P34232	Saccharomyces cerevisiae	Fungi	184	False
P34253	Saccharomyces cerevisiae	Fungi	313	False
P34418	Caenorhabditis	Metazoa	943	False
P34427	Caenorhabditis	Metazoa	962	False
P34567	Caenorhabditis	Metazoa	376	False
P34893	Arabidopsis	Plants	98	False
P34915	Physcomitrium	Plants	475	False
P35062	Gallus	Metazoa	129	False
P35065	Tetrahymena thermophila	Other	133	False
P35191	Saccharomyces cerevisiae	Fungi	511	False
P35381	melanogaster subgroup	Metazoa	552	False
P35435	Rattus	Metazoa	273	False
P35571	Rattus	Metazoa	727	False
P35731	Saccharomyces cerevisiae	Fungi	278	False
P35996	Saccharomyces cerevisiae	Fungi	138	False
P36013	Saccharomyces cerevisiae	Fungi	669	False
P36023	Saccharomyces cerevisiae	Fungi	863	False
P36036	Saccharomyces cerevisiae	Fungi	203	False
P36053	Saccharomyces cerevisiae	Fungi	145	False
P36064	Saccharomyces cerevisiae	Fungi	111	False
P36093	Saccharomyces cerevisiae	Fungi	366	False
P36118	Saccharomyces cerevisiae	Fungi	322	False
P36121	Saccharomyces cerevisiae	Fungi	282	False
P36144	Saccharomyces cerevisiae	Fungi	274	False
P36159	Saccharomyces cerevisiae	Fungi	838	False
P36168	Saccharomyces cerevisiae	Fungi	1195	False
P36169	Saccharomyces cerevisiae	Fungi	355	True
P36173	Saccharomyces cerevisiae	Fungi	615	True
P36394	Rattus	Metazoa	169	False
P36413	Dictyostelium	Other	635	False
P36516	Saccharomyces cerevisiae	Fungi	390	False
P36519	Saccharomyces cerevisiae	Fungi	292	False
P36520	Saccharomyces cerevisiae	Fungi	322	False
P36521	Saccharomyces cerevisiae	Fungi	249	False
P36523	Saccharomyces cerevisiae	Fungi	253	False
P36525	Saccharomyces cerevisiae	Fungi	258	False
P36526	Saccharomyces cerevisiae	Fungi	146	False
P36527	Saccharomyces cerevisiae	Fungi	147	False
P36528	Saccharomyces cerevisiae	Fungi	281	False
P36532	Saccharomyces cerevisiae	Fungi	105	False
P36533	Saccharomyces cerevisiae	Fungi	70	False
P36613	Schizosaccharomyces pombe	Fungi	322	False
P36632	Schizosaccharomyces pombe	Fungi	614	False
P37208	Porphyridium	Other	172	False
P37210	Neurospora crassa	Fungi	137	False
P37229	Sorghum	Plants	432	False
P37232	Xenopus	Metazoa	474	False
P37261	Saccharomyces cerevisiae	Fungi	193	False
P37382	Schizosaccharomyces pombe	Fungi	297	False
P37398	Oryza sativa	Plants	727	False
P38064	Saccharomyces cerevisiae	Fungi	232	False
P38065	Saccharomyces cerevisiae	Fungi	1025	False
P38114	Saccharomyces cerevisiae	Fungi	1094	False
P38126	Saccharomyces cerevisiae	Fungi	564	False
P38162	Saccharomyces cerevisiae	Fungi	196	False
P38175	Saccharomyces cerevisiae	Fungi	177	False
P38193	Saccharomyces cerevisiae	Fungi	441	False
P38204	Saccharomyces cerevisiae	Fungi	145	False
P38210	Saccharomyces cerevisiae	Fungi	180	False
P38222	Saccharomyces cerevisiae	Fungi	552	False
P38228	Saccharomyces cerevisiae	Fungi	572	False
P38241	Saccharomyces cerevisiae	Fungi	364	False
P38278	Saccharomyces cerevisiae	Fungi	337	False
P38282	Saccharomyces cerevisiae	Fungi	291	False
P38300	Saccharomyces cerevisiae	Fungi	278	False
P38302	Saccharomyces cerevisiae	Fungi	140	False
P38324	Saccharomyces cerevisiae	Fungi	304	False
P38326	Saccharomyces cerevisiae	Fungi	303	False
P38365	Spinacia	Plants	174	False
P38637	Saccharomyces cerevisiae	Fungi	319	False
P38687	Saccharomyces cerevisiae	Fungi	599	False
P38705	Saccharomyces cerevisiae	Fungi	446	False
P38727	Saccharomyces cerevisiae	Fungi	235	True
P38737	Saccharomyces cerevisiae	Fungi	1868	False
P38749	Saccharomyces cerevisiae	Fungi	330	False
P38751	Saccharomyces cerevisiae	Fungi	150	False
P38769	Saccharomyces cerevisiae	Fungi	630	False
P38772	Saccharomyces cerevisiae	Fungi	366	False
P38777	Saccharomyces cerevisiae	Fungi	243	False
P38783	Saccharomyces cerevisiae	Fungi	130	False
P38789	Saccharomyces cerevisiae	Fungi	453	False
P38812	Saccharomyces cerevisiae	Fungi	185	False
P38816	Saccharomyces cerevisiae	Fungi	342	False
P38818	Saccharomyces cerevisiae	Fungi	585	False
P38824	Saccharomyces cerevisiae	Fungi	151	False
P38860	Saccharomyces cerevisiae	Fungi	518	False
P38876	Saccharomyces cerevisiae	Fungi	190	False
P38877	Saccharomyces cerevisiae	Fungi	133	False
P38880	Saccharomyces cerevisiae	Fungi	579	False
P38909	Saccharomyces cerevisiae	Fungi	366	False
P38913	Saccharomyces cerevisiae	Fungi	306	False
P38921	Saccharomyces cerevisiae	Fungi	284	True
P38985	Saccharomyces cerevisiae	Fungi	146	False
P38988	Saccharomyces cerevisiae	Fungi	300	True
P39011	Saccharomyces cerevisiae	Fungi	633	False
P39103	Saccharomyces cerevisiae	Fungi	70	True
P39113	Saccharomyces cerevisiae	Fungi	1433	False
P39535	Saccharomyces cerevisiae	Fungi	881	False
P39677	Saccharomyces cerevisiae	Fungi	819	False
P39713	Saccharomyces cerevisiae	Fungi	417	False
P39724	Saccharomyces cerevisiae	Fungi	118	False
P39736	melanogaster subgroup	Metazoa	547	False
P39927	Saccharomyces cerevisiae	Fungi	425	False
P39933	Saccharomyces cerevisiae	Fungi	429	False
P39994	Saccharomyces cerevisiae	Fungi	560	False
P40007	Saccharomyces cerevisiae	Fungi	231	False
P40012	Saccharomyces cerevisiae	Fungi	539	False
P40019	Saccharomyces cerevisiae	Fungi	153	False
P40023	Saccharomyces cerevisiae	Fungi	145	False
P40026	Saccharomyces cerevisiae	Fungi	464	False
P40033	Saccharomyces cerevisiae	Fungi	138	False
P40035	Saccharomyces cerevisiae	Fungi	300	True
P40038	Saccharomyces cerevisiae	Fungi	420	False
P40043	Saccharomyces cerevisiae	Fungi	161	False
P40051	Saccharomyces cerevisiae	Fungi	511	False
P40079	Saccharomyces cerevisiae	Fungi	357	False
P40085	Saccharomyces cerevisiae	Fungi	556	True
P40099	Saccharomyces cerevisiae	Fungi	211	False
P40154	Saccharomyces cerevisiae	Fungi	320	False
P40155	Saccharomyces cerevisiae	Fungi	199	True
P40165	Saccharomyces cerevisiae	Fungi	246	False
P40169	Saccharomyces cerevisiae	Fungi	301	True
P40185	Saccharomyces cerevisiae	Fungi	145	False
P40215	Saccharomyces cerevisiae	Fungi	560	False
P40229	Arabidopsis	Plants	282	False
P40366	Saccharomyces cerevisiae	Fungi	167	False
P40382	Schizosaccharomyces pombe	Fungi	422	False
P40459	Saccharomyces cerevisiae	Fungi	309	False
P40473	Saccharomyces cerevisiae	Fungi	351	False
P40474	Saccharomyces cerevisiae	Fungi	542	True
P40475	Saccharomyces cerevisiae	Fungi	563	True
P40481	Saccharomyces cerevisiae	Fungi	377	False
P40486	Saccharomyces cerevisiae	Fungi	507	False
P40493	Saccharomyces cerevisiae	Fungi	336	False
P40513	Saccharomyces cerevisiae	Fungi	266	False
P40517	Saccharomyces cerevisiae	Fungi	327	False
P40522	Saccharomyces cerevisiae	Fungi	640	False
P40528	Saccharomyces cerevisiae	Fungi	902	False
P40532	Saccharomyces cerevisiae	Fungi	138	True
P40546	Saccharomyces cerevisiae	Fungi	346	False
P40567	Saccharomyces cerevisiae	Fungi	111	False
P40574	Saccharomyces cerevisiae	Fungi	245	False
P40576	Saccharomyces cerevisiae	Fungi	216	True
P40798	melanogaster subgroup	Metazoa	1106	False
P40858	Saccharomyces cerevisiae	Fungi	161	False
P40897	Saccharomyces cerevisiae	Fungi	799	False
P40971	Saccharomyces cerevisiae	Fungi	790	False
P40975	Saccharomyces cerevisiae	Fungi	43	True
P40997	Schizosaccharomyces pombe	Fungi	402	False
P41005	Schizosaccharomyces pombe	Fungi	101	False
P41353	Tetrahymena thermophila	Other	136	False
P41563	Bos	Metazoa	366	False
P41765	Aspergillus flavus	Fungi	444	False
P41814	Saccharomyces cerevisiae	Fungi	478	False
P41819	Saccharomyces cerevisiae	Fungi	318	False
P41838	Schizosaccharomyces pombe	Fungi	352	False
P41891	Schizosaccharomyces pombe	Fungi	500	False
P41910	Saccharomyces cerevisiae	Fungi	395	False
P41917	Arabidopsis	Plants	221	False
P41930	Saccharomyces cerevisiae	Fungi	458	True
P41977	Caenorhabditis	Metazoa	218	False
P42776	Arabidopsis	Plants	382	False
P42777	Arabidopsis	Plants	270	False
P42841	Saccharomyces cerevisiae	Fungi	465	False
P42842	Saccharomyces cerevisiae	Fungi	904	False
P42846	Saccharomyces cerevisiae	Fungi	591	False
P42847	Saccharomyces cerevisiae	Fungi	217	False
P42900	Saccharomyces cerevisiae	Fungi	643	False
P42937	Saccharomyces cerevisiae	Fungi	148	False
P42938	Saccharomyces cerevisiae	Fungi	290	False
P42948	Saccharomyces cerevisiae	Fungi	560	False
P43116	Homo	Metazoa	358	True
P43124	Saccharomyces cerevisiae	Fungi	402	False
P43165	Rattus	Metazoa	304	False
P43188	Zea	Plants	222	False
P43244	Rattus	Metazoa	845	False
P43311	Vitis	Plants	607	False
P43363	Homo	Metazoa	369	False
P43449	Gallus	Metazoa	395	False
P43554	Saccharomyces cerevisiae	Fungi	623	False
P43569	Saccharomyces cerevisiae	Fungi	289	False
P43579	Saccharomyces cerevisiae	Fungi	692	False
P43582	Saccharomyces cerevisiae	Fungi	211	False
P43589	Saccharomyces cerevisiae	Fungi	448	False
P43596	Saccharomyces cerevisiae	Fungi	787	False
P43606	Saccharomyces cerevisiae	Fungi	678	False
P43619	Saccharomyces cerevisiae	Fungi	295	False
P43692	Gallus	Metazoa	391	False
P45890	melanogaster subgroup	Metazoa	398	False
P45968	Caenorhabditis	Metazoa	339	False
P45976	Saccharomyces cerevisiae	Fungi	327	False
P46010	Arabidopsis	Plants	346	False
P46225	Secale	Plants	298	False
P46275	Lathyrus	Plants	407	False
P46312	Arabidopsis	Plants	448	False
P46408	Oryctolagus	Metazoa	486	True
P46604	Arabidopsis	Plants	278	False
P46970	Saccharomyces cerevisiae	Fungi	1048	False
P46974	Saccharomyces cerevisiae	Fungi	1380	False
P47019	Saccharomyces cerevisiae	Fungi	175	False
P47031	Saccharomyces cerevisiae	Fungi	731	False
P47045	Saccharomyces cerevisiae	Fungi	478	True
P47108	Saccharomyces cerevisiae	Fungi	1174	False
P47118	Saccharomyces cerevisiae	Fungi	141	False
P47123	Saccharomyces cerevisiae	Fungi	218	False
P47128	Saccharomyces cerevisiae	Fungi	113	False
P47138	Saccharomyces cerevisiae	Fungi	172	False
P47150	Saccharomyces cerevisiae	Fungi	247	False
P47158	Saccharomyces cerevisiae	Fungi	497	False
P47167	Saccharomyces cerevisiae	Fungi	239	False
P47792	Danio	Metazoa	297	False
P47802	Mus	Metazoa	317	False
P47910	Spinacia	Plants	101	False
P47988	Saccharomyces cerevisiae	Fungi	759	False
P48015	Saccharomyces cerevisiae	Fungi	400	False
P48234	Saccharomyces cerevisiae	Fungi	707	False
P48239	Saccharomyces cerevisiae	Fungi	356	False
P48268	Chlamydomonas	Plants	82	True
P48329	Cyanophora	Other	180	False
P48485	Arabidopsis	Plants	312	False
P48499	Leishmania mexicana species complex	Other	251	False
P48503	Neurospora crassa	Fungi	107	True
P48525	Saccharomyces cerevisiae	Fungi	536	False
P48527	Saccharomyces cerevisiae	Fungi	492	False
P48529	Arabidopsis	Plants	305	False
P48732	Arabidopsis	Plants	543	False
P48746	Oryctolagus	Metazoa	1237	False
P48771	Mus	Metazoa	83	True
P49027	Oryza sativa	Plants	334	False
P49085	Zea	Plants	410	False
P49133	Zea	Plants	409	False
P49140	Gallus	Metazoa	750	False
P49364	Lathyrus	Plants	408	False
P49367	Saccharomyces cerevisiae	Fungi	693	False
P49380	Kluyveromyces lactis	Fungi	899	False
P49406	Homo	Metazoa	292	False
P49428	Komagataella	Fungi	204	False
P49640	Homo	Metazoa	407	False
P49660	Mus	Metazoa	385	True
P49750	Homo	Metazoa	2146	False
P49846	melanogaster subgroup	Metazoa	704	False
P50161	Aspergillus parasiticus	Fungi	262	False
P50278	Saccharomyces cerevisiae	Fungi	321	False
P50480	Rattus	Metazoa	360	False
P50896	Saccharomyces cerevisiae	Fungi	841	False
P51122	Bos	Metazoa	249	False
P51177	Bos	Metazoa	204	False
P51998	Saccharomyces cerevisiae	Fungi	286	False
P52410	Arabidopsis	Plants	473	False
P52868	Saccharomyces cerevisiae	Fungi	283	False
P52892	Saccharomyces cerevisiae	Fungi	507	False
P52901	Arabidopsis	Plants	389	False
P52903	Solanum	Plants	391	False
P53072	Saccharomyces cerevisiae	Fungi	289	False
P53101	Saccharomyces cerevisiae	Fungi	465	False
P53102	Saccharomyces cerevisiae	Fungi	219	False
P53107	Saccharomyces cerevisiae	Fungi	440	False
P53111	Saccharomyces cerevisiae	Fungi	347	False
P53123	Saccharomyces cerevisiae	Fungi	320	False
P53125	Saccharomyces cerevisiae	Fungi	1264	False
P53136	Saccharomyces cerevisiae	Fungi	463	False
P53187	Saccharomyces cerevisiae	Fungi	214	False
P53188	Saccharomyces cerevisiae	Fungi	120	False
P53203	Saccharomyces cerevisiae	Fungi	462	False
P53220	Saccharomyces cerevisiae	Fungi	239	True
P53233	Saccharomyces cerevisiae	Fungi	369	False
P53239	Saccharomyces cerevisiae	Fungi	316	False
P53246	Saccharomyces cerevisiae	Fungi	860	False
P53260	Saccharomyces cerevisiae	Fungi	183	False
P53266	Saccharomyces cerevisiae	Fungi	389	True
P53283	Saccharomyces cerevisiae	Fungi	614	False
P53289	Saccharomyces cerevisiae	Fungi	263	False
P53312	Saccharomyces cerevisiae	Fungi	427	False
P53313	Saccharomyces cerevisiae	Fungi	767	False
P53331	Saccharomyces cerevisiae	Fungi	553	False
P53332	Saccharomyces cerevisiae	Fungi	305	False
P53333	Saccharomyces cerevisiae	Fungi	577	False
P53437	Saccharomyces cerevisiae	Fungi	365	False
P53535	Solanum	Plants	974	False
P53569	Mus	Metazoa	1052	False
P53718	Saccharomyces cerevisiae	Fungi	249	False
P53727	Saccharomyces cerevisiae	Fungi	317	False
P53732	Saccharomyces cerevisiae	Fungi	153	False
P53763	Phaseolus	Plants	308	False
P53808	Mus	Metazoa	214	False
P53834	Saccharomyces cerevisiae	Fungi	153	False
P53835	Saccharomyces cerevisiae	Fungi	661	True
P53836	Saccharomyces cerevisiae	Fungi	1060	False
P53854	Saccharomyces cerevisiae	Fungi	179	False
P53875	Saccharomyces cerevisiae	Fungi	158	False
P53881	Saccharomyces cerevisiae	Fungi	309	False
P53889	Saccharomyces cerevisiae	Fungi	259	False
P53903	Saccharomyces cerevisiae	Fungi	129	True
P53921	Saccharomyces cerevisiae	Fungi	115	False
P53937	Saccharomyces cerevisiae	Fungi	143	False
P53944	Saccharomyces cerevisiae	Fungi	314	False
P53991	Chlamydomonas	Plants	354	False
P54003	Saccharomyces cerevisiae	Fungi	302	True
P54730	Saccharomyces cerevisiae	Fungi	416	False
P54898	Neurospora crassa	Fungi	871	False
P54964	Saccharomyces cerevisiae	Fungi	269	False
P56277	Homo	Metazoa	68	False
P56286	Schizosaccharomyces pombe	Fungi	306	False
P56288	Schizosaccharomyces pombe	Fungi	458	False
P56391	Mus	Metazoa	86	False
P56471	Sus	Metazoa	366	False
P56785	Arabidopsis	Plants	1786	True
P57728	Schizosaccharomyces pombe	Fungi	148	False
P57736	Tetradesmus	Plants	89	False
P57744	Saccharomyces cerevisiae	Fungi	87	False
P58234	Schizosaccharomyces pombe	Fungi	144	False
P58557	Homo	Metazoa	167	False
P59540	Homo	Metazoa	309	True
P59856	Pyropia	Other	161	False
P59857	Pyropia	Other	161	False
P61759	Mus	Metazoa	196	False
P61841	Arabidopsis	Plants	155	False
P62128	Spinacia	Plants	123	False
P62684	Homo	Metazoa	666	False
P62787	Zea	Plants	103	False
P62895	Sus	Metazoa	105	False
P63126	Homo	Metazoa	666	False
P63145	Homo	Metazoa	666	False
P67882	Meleagris	Metazoa	105	False
P68096	Equus quagga	Metazoa	105	False
P68097	Equus	Metazoa	105	False
P68098	Lama	Metazoa	105	False
P68099	Camelus	Metazoa	105	False
P68100	Eschrichtius	Metazoa	105	False
P68209	Arabidopsis	Plants	347	False
P68350	Arabidopsis	Plants	175	False
P68427	Lathyrus	Plants	136	False
P68428	Triticum	Plants	136	False
P68517	Crotalus	Metazoa	105	False
P68518	Crotalus	Metazoa	105	False
P68519	Crotalus viridis	Metazoa	105	False
P69069	Oncorhynchus	Metazoa	124	False
P69070	Salmo	Metazoa	124	False
P69139	Psammechinus	Metazoa	126	False
P69140	Parechinus	Metazoa	126	False
P69141	Strongylocentrotus	Metazoa	124	False
P69149	Tetrahymena	Other	136	False
P69447	Spinacia	Plants	81	True
P69555	Triticum	Plants	73	True
P69571	Pseudotsuga	Plants	475	False
P69682	Rattus	Metazoa	277	False
P70079	Gallus	Metazoa	417	False
P70121	Mus	Metazoa	873	False
P70426	Mus	Metazoa	219	False
P78714	Neurospora crassa	Fungi	530	False
P78753	Schizosaccharomyces pombe	Fungi	557	False
P78780	Schizosaccharomyces pombe	Fungi	357	False
P78811	Schizosaccharomyces pombe	Fungi	506	False
P78946	Schizosaccharomyces pombe	Fungi	126	False
P79015	Schizosaccharomyces pombe	Fungi	127	False
P79071	Schizosaccharomyces pombe	Fungi	195	False
P80235	Saccharomyces cerevisiae	Fungi	687	False
P81280	Alligator	Metazoa	105	False
P81451	Saccharomyces cerevisiae	Fungi	68	True
P81558	Sus	Metazoa	171	False
P81760	Arabidopsis	Plants	236	False
P81766	Spinacia	Plants	153	False
P82024	Spinacia	Plants	180	False
P82129	Spinacia	Plants	155	False
P82130	Spinacia	Plants	183	False
P82139	Spinacia	Plants	232	False
P82163	Spinacia	Plants	172	False
P82180	Spinacia	Plants	196	False
P82190	Spinacia	Plants	194	False
P82248	Spinacia	Plants	168	False
P82264	Chaenocephalus	Metazoa	504	False
P82277	Spinacia	Plants	260	False
P82278	Spinacia	Plants	208	False
P82403	Spinacia	Plants	211	False
P82413	Spinacia	Plants	233	False
P82611	Candida albicans	Fungi	777	False
P82663	Homo	Metazoa	173	False
P82673	Homo	Metazoa	323	False
P82675	Homo	Metazoa	430	False
P82869	Arabidopsis	Plants	466	False
P82887	Olisthodiscus	Other	114	False
P82908	Bos	Metazoa	103	False
P82911	Bos	Metazoa	197	False
P82912	Homo	Metazoa	194	False
P82913	Bos	Metazoa	256	False
P82914	Homo	Metazoa	257	False
P82918	Bos	Metazoa	258	False
P82921	Homo	Metazoa	87	False
P82922	Bos	Metazoa	397	False
P82931	Bos	Metazoa	124	False
P82933	Homo	Metazoa	396	False
P82970	Homo	Metazoa	282	False
P83211	Bolinus	Metazoa	107	False
P83266	Hydrolagus	Metazoa	48	False
P83267	Hydrolagus	Metazoa	48	False
P83456	Gadus	Metazoa	477	False
P83487	Equus	Metazoa	172	False
P83758	Danio	Metazoa	448	False
P86937	Trypanosoma brucei	Other	839	False
P87112	Schizosaccharomyces pombe	Fungi	2100	False
P87152	Schizosaccharomyces pombe	Fungi	992	False
P87310	Schizosaccharomyces pombe	Fungi	144	False
P87315	Schizosaccharomyces pombe	Fungi	1630	False
P87889	Homo	Metazoa	666	False
P89114	Saccharomyces cerevisiae	Fungi	91	False
P90551	Leishmania mexicana species complex	Other	366	False
P91027	Caenorhabditis	Metazoa	338	False
P91853	Caenorhabditis	Metazoa	356	False
P92504	Ascaris	Metazoa	112	False
P93009	Arabidopsis	Plants	182	False
P93032	Arabidopsis	Plants	367	False
P93045	Arabidopsis	Plants	240	False
P93286	Arabidopsis	Plants	442	True
P93303	Arabidopsis	Plants	158	True
P93306	Arabidopsis	Plants	394	False
P93313	Arabidopsis	Plants	495	True
P93407	Oryza sativa	Plants	211	False
P93648	Zea	Plants	964	False
P93664	Chlamydomonas	Plants	253	True
P97376	Mus	Metazoa	258	False
P97450	Mus	Metazoa	108	False
P97576	Rattus	Metazoa	217	False
P99998	Pan	Metazoa	105	False
P9WEU3	Cryptococcus deuterogattii	Fungi	1529	False
P9WEU4	Cryptococcus deuterogattii	Fungi	1542	False
P9WEY3	Penicillium	Fungi	707	False
Q00361	Bos	Metazoa	71	False
Q00433	unclassified Rhodomonas	Other	128	False
Q00471	Chlamydomonas	Plants	215	True
Q00723	Saccharomyces cerevisiae	Fungi	242	False
Q00873	Saccharomyces cerevisiae	Fungi	224	False
Q00922	Ogataea/Candida clade	Fungi	663	False
Q00IB6	Arabidopsis	Plants	440	False
Q01163	Saccharomyces cerevisiae	Fungi	450	False
Q01329	Saccharomyces cerevisiae	Fungi	785	False
Q01613	Xenopus	Metazoa	1420	False
Q01750	Rattus	Metazoa	249	False
Q01802	Saccharomyces cerevisiae	Fungi	451	False
Q01859	Oryza sativa	Plants	552	False
Q02204	Saccharomyces cerevisiae	Fungi	264	False
Q02360	melanogaster subgroup	Metazoa	365	False
Q02386	Homo	Metazoa	682	False
Q02516	Saccharomyces cerevisiae	Fungi	242	False
Q02614	Mus	Metazoa	308	False
Q02721	Saccharomyces cerevisiae	Fungi	264	False
Q02770	Saccharomyces cerevisiae	Fungi	301	False
Q02783	Saccharomyces cerevisiae	Fungi	413	False
Q02825	Saccharomyces cerevisiae	Fungi	467	False
Q02932	Saccharomyces cerevisiae	Fungi	1032	False
Q02969	Saccharomyces cerevisiae	Fungi	394	False
Q02983	Saccharomyces cerevisiae	Fungi	363	False
Q03028	Saccharomyces cerevisiae	Fungi	310	True
Q03079	Saccharomyces cerevisiae	Fungi	207	False
Q03151	Saccharomyces cerevisiae	Fungi	367	False
Q03214	Saccharomyces cerevisiae	Fungi	1411	False
Q03220	Saccharomyces cerevisiae	Fungi	320	False
Q03254	Saccharomyces cerevisiae	Fungi	732	False
Q03281	Saccharomyces cerevisiae	Fungi	663	False
Q03323	Saccharomyces cerevisiae	Fungi	175	False
Q03327	Saccharomyces cerevisiae	Fungi	502	False
Q03338	Saccharomyces cerevisiae	Fungi	469	False
Q03365	Sus	Metazoa	559	False
Q03370	Saccharomyces cerevisiae	Fungi	554	False
Q03375	Saccharomyces cerevisiae	Fungi	135	False
Q03385	Mus	Metazoa	852	False
Q03413	Xenopus	Metazoa	498	False
Q03429	Saccharomyces cerevisiae	Fungi	123	False
Q03430	Saccharomyces cerevisiae	Fungi	361	False
Q03661	Saccharomyces cerevisiae	Fungi	1658	False
Q03694	Saccharomyces cerevisiae	Fungi	420	False
Q03701	Homo	Metazoa	1054	False
Q03707	Saccharomyces cerevisiae	Fungi	834	False
Q03718	Saccharomyces cerevisiae	Fungi	556	False
Q03750	Saccharomyces cerevisiae	Fungi	510	False
Q03776	Saccharomyces cerevisiae	Fungi	544	False
Q03782	Saccharomyces cerevisiae	Fungi	492	False
Q03824	Saccharomyces cerevisiae	Fungi	705	False
Q03828	Homo	Metazoa	476	False
Q03829	Saccharomyces cerevisiae	Fungi	368	True
Q03935	Saccharomyces cerevisiae	Fungi	383	False
Q03937	Saccharomyces cerevisiae	Fungi	162	False
Q04006	Saccharomyces cerevisiae	Fungi	179	False
Q04031	Saccharomyces cerevisiae	Fungi	235	False
Q04116	Saccharomyces cerevisiae	Fungi	353	False
Q04170	Saccharomyces cerevisiae	Fungi	232	False
Q04172	Saccharomyces cerevisiae	Fungi	456	False
Q04213	Saccharomyces cerevisiae	Fungi	475	False
Q04279	Saccharomyces cerevisiae	Fungi	960	False
Q04347	Saccharomyces cerevisiae	Fungi	519	False
Q04545	Saccharomyces cerevisiae	Fungi	1251	False
Q04613	Arabidopsis	Plants	192	True
Q04675	Saccharomyces cerevisiae	Fungi	128	False
Q04712	Saccharomyces cerevisiae	Fungi	507	False
Q04751	Saccharomyces cerevisiae	Fungi	285	False
Q04952	Saccharomyces cerevisiae	Fungi	1785	False
Q04996	Arabidopsis	Plants	723	False
Q05024	Saccharomyces cerevisiae	Fungi	226	False
Q05043	Saccharomyces cerevisiae	Fungi	376	False
Q05050	Saccharomyces cerevisiae	Fungi	843	False
Q05131	Saccharomyces cerevisiae	Fungi	434	True
Q05518	Saccharomyces cerevisiae	Fungi	499	False
Q05541	Saccharomyces cerevisiae	Fungi	303	False
Q05543	Saccharomyces cerevisiae	Fungi	409	False
Q05635	Saccharomyces cerevisiae	Fungi	350	False
Q05728	Arabidopsis	Plants	389	False
Q05779	Saccharomyces cerevisiae	Fungi	260	False
Q05809	Saccharomyces cerevisiae	Fungi	96	False
Q05825	melanogaster subgroup	Metazoa	505	False
Q05831	Mytilus	Metazoa	203	False
Q05892	Saccharomyces cerevisiae	Fungi	277	False
Q05942	Saccharomyces cerevisiae	Fungi	220	False
Q06090	Saccharomyces cerevisiae	Fungi	140	False
Q06091	Saccharomyces cerevisiae	Fungi	175	False
Q06116	Saccharomyces cerevisiae	Fungi	2489	True
Q06149	Saccharomyces cerevisiae	Fungi	701	False
Q06162	Saccharomyces cerevisiae	Fungi	153	False
Q06236	Saccharomyces cerevisiae	Fungi	168	True
Q06244	Saccharomyces cerevisiae	Fungi	254	False
Q06315	Saccharomyces cerevisiae	Fungi	1026	False
Q06338	Saccharomyces cerevisiae	Fungi	283	False
Q06344	Saccharomyces cerevisiae	Fungi	628	False
Q06405	Saccharomyces cerevisiae	Fungi	101	False
Q06451	Saccharomyces cerevisiae	Fungi	622	False
Q06489	Saccharomyces cerevisiae	Fungi	411	False
Q06497	Saccharomyces cerevisiae	Fungi	328	True
Q06511	Saccharomyces cerevisiae	Fungi	250	False
Q06525	Saccharomyces cerevisiae	Fungi	465	False
Q06567	Saccharomyces cerevisiae	Fungi	569	True
Q06568	Saccharomyces cerevisiae	Fungi	189	False
Q06631	Saccharomyces cerevisiae	Fungi	534	False
Q06632	Saccharomyces cerevisiae	Fungi	1357	False
Q06667	Saccharomyces cerevisiae	Fungi	281	False
Q06668	Saccharomyces cerevisiae	Fungi	471	False
Q06672	Saccharomyces cerevisiae	Fungi	205	False
Q06678	Saccharomyces cerevisiae	Fungi	367	False
Q06682	Saccharomyces cerevisiae	Fungi	500	False
Q06683	Saccharomyces cerevisiae	Fungi	689	False
Q06707	Saccharomyces cerevisiae	Fungi	132	False
Q06819	Saccharomyces cerevisiae	Fungi	143	False
Q06835	Saccharomyces cerevisiae	Fungi	107	False
Q06892	Saccharomyces cerevisiae	Fungi	414	False
Q06967	Oryza sativa	Plants	260	False
Q06991	Saccharomyces cerevisiae	Fungi	263	True
Q07053	Crithidia	Other	128	False
Q07066	Rattus	Metazoa	194	True
Q07141	Rattus	Metazoa	748	False
Q07395	Saccharomyces cerevisiae	Fungi	620	False
Q07500	Saccharomyces cerevisiae	Fungi	545	False
Q07511	Solanum	Plants	381	False
Q07534	Saccharomyces cerevisiae	Fungi	307	True
Q07623	Saccharomyces cerevisiae	Fungi	225	False
Q07799	Saccharomyces cerevisiae	Fungi	665	False
Q07803	Rattus	Metazoa	751	False
Q07844	Saccharomyces cerevisiae	Fungi	837	False
Q07979	Saccharomyces cerevisiae	Fungi	502	False
Q07980	Saccharomyces cerevisiae	Fungi	695	False
Q08047	Zea	Plants	799	False
Q08058	Saccharomyces cerevisiae	Fungi	207	False
Q08062	Zea	Plants	332	False
Q08119	Saccharomyces cerevisiae	Fungi	714	False
Q08157	Saccharomyces cerevisiae	Fungi	551	True
Q08176	Saccharomyces cerevisiae	Fungi	113	True
Q08237	Saccharomyces cerevisiae	Fungi	289	False
Q08274	Mus	Metazoa	665	False
Q08287	Saccharomyces cerevisiae	Fungi	484	False
Q08436	Nicotiana	Plants	956	True
Q08457	Saccharomyces cerevisiae	Fungi	257	False
Q08470	Drosophila pseudoobscura	Metazoa	1166	False
Q08561	Saccharomyces cerevisiae	Fungi	116	False
Q08580	Saccharomyces cerevisiae	Fungi	376	False
Q08622	Saccharomyces cerevisiae	Fungi	556	False
Q08742	Saccharomyces cerevisiae	Fungi	149	False
Q08822	Saccharomyces cerevisiae	Fungi	631	False
Q08902	Saccharomyces cerevisiae	Fungi	515	True
Q08913	Saccharomyces cerevisiae	Fungi	375	True
Q08932	Saccharomyces cerevisiae	Fungi	381	False
Q08961	Saccharomyces cerevisiae	Fungi	583	False
Q08963	Saccharomyces cerevisiae	Fungi	238	False
Q08966	Saccharomyces cerevisiae	Fungi	492	False
Q08977	Saccharomyces cerevisiae	Fungi	551	False
Q08985	Saccharomyces cerevisiae	Fungi	325	False
Q08991	Saccharomyces cerevisiae	Fungi	375	True
Q08GK9	Mullus	Metazoa	178	False
Q09099	Chlorolobion	Plants	89	False
Q09130	Schizosaccharomyces pombe	Fungi	446	False
Q09171	Schizosaccharomyces pombe	Fungi	366	False
Q09330	Schizosaccharomyces pombe	Fungi	199	False
Q09527	Caenorhabditis	Metazoa	182	False
Q09669	Schizosaccharomyces pombe	Fungi	379	False
Q09675	Schizosaccharomyces pombe	Fungi	240	False
Q09687	Schizosaccharomyces pombe	Fungi	518	False
Q09719	Schizosaccharomyces pombe	Fungi	848	False
Q09739	Schizosaccharomyces pombe	Fungi	210	False
Q09747	Schizosaccharomyces pombe	Fungi	503	False
Q09761	Schizosaccharomyces pombe	Fungi	699	False
Q09770	Schizosaccharomyces pombe	Fungi	542	False
Q09776	Schizosaccharomyces pombe	Fungi	174	False
Q09793	Schizosaccharomyces pombe	Fungi	425	False
Q09847	Schizosaccharomyces pombe	Fungi	1325	False
Q09849	Schizosaccharomyces pombe	Fungi	424	False
Q09852	Schizosaccharomyces pombe	Fungi	559	True
Q09856	Schizosaccharomyces pombe	Fungi	542	False
Q09858	Schizosaccharomyces pombe	Fungi	205	False
Q09904	Schizosaccharomyces pombe	Fungi	1159	False
Q0D7I3	Oryza sativa	Plants	509	False
Q0D9C7	Oryza sativa	Plants	419	False
Q0DC89	Oryza sativa	Plants	214	False
Q0DI31	Oryza sativa	Plants	112	False
Q0DIQ5	Oryza sativa	Plants	1510	False
Q0DUR2	Oryza sativa	Plants	92	False
Q0E3V2	Oryza sativa	Plants	165	False
Q0E7J7	Schizosaccharomyces pombe	Fungi	325	False
Q0EEE2	Mus	Metazoa	906	False
Q0GA42	Mus	Metazoa	951	True
Q0J8M2	Oryza sativa	Plants	139	False
Q0J9Y2	Oryza sativa	Plants	425	False
Q0JD85	Oryza sativa	Plants	278	False
Q0JEE2	Oryza sativa	Plants	326	False
Q0JHU5	Oryza sativa	Plants	159	False
Q0JL44	Oryza sativa	Plants	367	False
Q0JNB6	Oryza sativa	Plants	554	True
Q0JNI9	Oryza sativa	Plants	637	False
Q0VD32	Bos	Metazoa	120	False
Q0WLC6	Arabidopsis	Plants	1089	False
Q0WMY5	Arabidopsis	Plants	952	False
Q0WNB1	Arabidopsis	Plants	243	False
Q0WNZ5	Arabidopsis	Plants	812	False
Q0WR66	Arabidopsis	Plants	793	False
Q0WT24	Arabidopsis	Plants	373	False
Q0WVF8	Arabidopsis	Plants	1134	False
Q0ZCJ7	Mus	Metazoa	421	False
Q10067	Schizosaccharomyces pombe	Fungi	690	False
Q10101	Schizosaccharomyces pombe	Fungi	195	False
Q10154	Schizosaccharomyces pombe	Fungi	240	False
Q10167	Schizosaccharomyces pombe	Fungi	73	False
Q10204	Schizosaccharomyces pombe	Fungi	250	False
Q10210	Schizosaccharomyces pombe	Fungi	391	False
Q10252	Schizosaccharomyces pombe	Fungi	358	True
Q10271	Schizosaccharomyces pombe	Fungi	321	False
Q10272	Schizosaccharomyces pombe	Fungi	446	False
Q10290	Schizosaccharomyces pombe	Fungi	303	False
Q10302	Schizosaccharomyces pombe	Fungi	646	False
Q10340	Schizosaccharomyces pombe	Fungi	515	False
Q10412	Schizosaccharomyces pombe	Fungi	403	False
Q10414	Schizosaccharomyces pombe	Fungi	561	False
Q10424	Schizosaccharomyces pombe	Fungi	330	False
Q10430	Schizosaccharomyces pombe	Fungi	238	False
Q10437	Schizosaccharomyces pombe	Fungi	543	False
Q10474	Schizosaccharomyces pombe	Fungi	258	False
Q10573	Caenorhabditis	Metazoa	1139	False
Q10J20	Oryza sativa	Plants	271	False
Q10LF7	Oryza sativa	Plants	535	False
Q10LI1	Oryza sativa	Plants	260	False
Q10M74	Oryza sativa	Plants	285	False
Q10MC0	Oryza sativa	Plants	628	False
Q10Q07	Oryza sativa	Plants	401	False
Q10SU5	Oryza sativa	Plants	598	False
Q12029	Saccharomyces cerevisiae	Fungi	327	False
Q12031	Saccharomyces cerevisiae	Fungi	575	False
Q12035	Saccharomyces cerevisiae	Fungi	217	False
Q12040	Saccharomyces cerevisiae	Fungi	230	False
Q12049	Saccharomyces cerevisiae	Fungi	470	False
Q12056	Saccharomyces cerevisiae	Fungi	156	False
Q12066	Saccharomyces cerevisiae	Fungi	484	False
Q12072	Saccharomyces cerevisiae	Fungi	812	False
Q12084	Saccharomyces cerevisiae	Fungi	232	False
Q12090	Saccharomyces cerevisiae	Fungi	404	False
Q12102	Saccharomyces cerevisiae	Fungi	859	False
Q12104	Saccharomyces cerevisiae	Fungi	458	False
Q12107	Saccharomyces cerevisiae	Fungi	265	False
Q12132	Saccharomyces cerevisiae	Fungi	391	False
Q12143	Saccharomyces cerevisiae	Fungi	216	False
Q12153	Saccharomyces cerevisiae	Fungi	453	False
Q12156	Saccharomyces cerevisiae	Fungi	149	False
Q12165	Saccharomyces cerevisiae	Fungi	160	False
Q12172	Saccharomyces cerevisiae	Fungi	810	False
Q12180	Saccharomyces cerevisiae	Fungi	1030	False
Q12192	Saccharomyces cerevisiae	Fungi	310	False
Q12199	Saccharomyces cerevisiae	Fungi	356	False
Q12204	Saccharomyces cerevisiae	Fungi	715	False
Q12219	Saccharomyces cerevisiae	Fungi	294	False
Q12235	Saccharomyces cerevisiae	Fungi	531	True
Q12242	Saccharomyces cerevisiae	Fungi	671	False
Q12256	Saccharomyces cerevisiae	Fungi	659	False
Q12283	Saccharomyces cerevisiae	Fungi	360	False
Q12291	Saccharomyces cerevisiae	Fungi	365	False
Q12308	Saccharomyces cerevisiae	Fungi	588	False
Q12338	Saccharomyces cerevisiae	Fungi	110	False
Q12345	Saccharomyces cerevisiae	Fungi	250	False
Q12349	Saccharomyces cerevisiae	Fungi	124	False
Q12354	Saccharomyces cerevisiae	Fungi	227	False
Q12359	Saccharomyces cerevisiae	Fungi	275	True
Q12375	Saccharomyces cerevisiae	Fungi	292	True
Q12381	Schizosaccharomyces pombe	Fungi	906	False
Q12405	Saccharomyces cerevisiae	Fungi	387	False
Q12415	Saccharomyces cerevisiae	Fungi	435	False
Q12420	Saccharomyces cerevisiae	Fungi	587	False
Q12433	Saccharomyces cerevisiae	Fungi	566	False
Q12467	Saccharomyces cerevisiae	Fungi	430	False
Q12487	Saccharomyces cerevisiae	Fungi	163	False
Q12493	Saccharomyces cerevisiae	Fungi	238	False
Q12507	Saccharomyces cerevisiae	Fungi	346	False
Q12510	Saccharomyces cerevisiae	Fungi	522	False
Q12753	Saccharomyces cerevisiae	Fungi	694	False
Q12950	Homo	Metazoa	439	False
Q12988	Homo	Metazoa	150	False
Q13304	Homo	Metazoa	367	True
Q14094	Homo	Metazoa	377	False
Q14330	Homo	Metazoa	331	True
Q149B8	Mus	Metazoa	807	False
Q14AF1	Mus	Metazoa	189	True
Q14CX5	Homo	Metazoa	517	True
Q15391	Homo	Metazoa	338	True
Q15651	Homo	Metazoa	99	False
Q15760	Homo	Metazoa	415	True
Q15847	Homo	Metazoa	76	False
Q17577	Caenorhabditis	Metazoa	540	False
Q17602	Caenorhabditis	Metazoa	1390	False
Q17632	Caenorhabditis	Metazoa	961	False
Q17784	Caenorhabditis	Metazoa	830	False
Q17895	Caenorhabditis	Metazoa	249	False
Q17RH7	Homo	Metazoa	139	False
Q18171	Caenorhabditis	Metazoa	424	False
Q18250	Caenorhabditis	Metazoa	461	False
Q18412	Caenorhabditis	Metazoa	309	False
Q18919	Caenorhabditis	Metazoa	558	False
Q18PF6	Takifugu	Metazoa	458	True
Q19537	Caenorhabditis	Metazoa	655	False
Q197W8	Arabidopsis	Plants	473	False
Q19872	Caenorhabditis	Metazoa	268	False
Q1EBV6	Arabidopsis	Plants	410	False
Q1EHW4	Mus	Metazoa	186	False
Q1G3K8	Arabidopsis	Plants	216	False
Q1K528	Neurospora crassa	Fungi	82	True
Q1K602	Neurospora crassa	Fungi	367	False
Q1K8F6	Neurospora crassa	Fungi	712	False
Q1MTN3	Schizosaccharomyces pombe	Fungi	1018	False
Q1MTR4	Schizosaccharomyces pombe	Fungi	424	False
Q1PCQ8	Toxoplasma gondii	Other	427	True
Q1PDI2	Arabidopsis	Plants	487	False
Q1PDV2	Arabidopsis	Plants	236	False
Q1PEP5	Arabidopsis	Plants	636	False
Q1PEX8	Arabidopsis	Plants	75	True
Q1RMW2	Bos	Metazoa	414	True
Q1W1G1	Xenopus	Metazoa	525	False
Q1ZXQ0	Dictyostelium	Other	1019	False
Q20481	Caenorhabditis	Metazoa	287	False
Q20716	Caenorhabditis	Metazoa	267	False
Q20733	Caenorhabditis	Metazoa	900	False
Q21773	Caenorhabditis	Metazoa	489	False
Q21986	Caenorhabditis	Metazoa	958	False
Q21988	Caenorhabditis	Metazoa	824	False
Q22037	Caenorhabditis	Metazoa	346	False
Q22100	Caenorhabditis	Metazoa	407	False
Q22829	Caenorhabditis	Metazoa	470	False
Q23229	Caenorhabditis	Metazoa	417	False
Q23500	Caenorhabditis	Metazoa	887	False
Q24169	melanogaster subgroup	Metazoa	460	False
Q24320	melanogaster subgroup	Metazoa	131	False
Q24400	melanogaster subgroup	Metazoa	495	False
Q24492	melanogaster subgroup	Metazoa	603	False
Q26635	Boettcherisca	Metazoa	354	False
Q283Q6	Xenopus	Metazoa	784	False
Q28851	Bos	Metazoa	88	True
Q28852	Bos	Metazoa	103	False
Q2KIR7	Bos	Metazoa	295	False
Q2PEG7	Lotus	Plants	499	False
Q2QL34	Homo	Metazoa	196	True
Q2QLV9	Oryza sativa	Plants	398	False
Q2R3F5	Oryza sativa	Plants	853	False
Q2RAK2	Oryza sativa	Plants	527	False
Q2RBP2	Oryza sativa	Plants	1131	False
Q2TAP0	Homo	Metazoa	167	False
Q2TPA8	Mus	Metazoa	490	False
Q2V2P4	Saccharomyces cerevisiae	Fungi	73	False
Q2V2P9	Saccharomyces cerevisiae	Fungi	66	True
Q2Z1W2	Gallus	Metazoa	345	False
Q31795	Anthoceros	Plants	475	False
Q32PI8	Bos	Metazoa	415	False
Q32Q92	Mus	Metazoa	419	False
Q32SG6	Zea	Plants	964	False
Q336R9	Oryza sativa	Plants	263	False
Q35128	Neurospora crassa	Fungi	385	True
Q37304	Chlamydomonas	Plants	82	True
Q386F1	Trypanosoma brucei	Other	435	True
Q38799	Arabidopsis	Plants	363	False
Q38859	Arabidopsis	Plants	116	False
Q38885	Arabidopsis	Plants	551	False
Q388N2	Trypanosoma brucei	Other	472	False
Q38942	Arabidopsis	Plants	349	False
Q38946	Arabidopsis	Plants	411	False
Q38950	Arabidopsis	Plants	587	False
Q38953	Arabidopsis	Plants	1168	False
Q38FI2	Trypanosoma brucei	Other	143	False
Q39056	Arabidopsis	Plants	270	False
Q39134	Arabidopsis	Plants	476	True
Q39194	Arabidopsis	Plants	133	False
Q39222	Arabidopsis	Plants	216	False
Q39228	Arabidopsis	Plants	514	True
Q39548	Cucurbita	Plants	789	False
Q3C1E9	Gallus	Metazoa	204	False
Q3E705	Saccharomyces cerevisiae	Fungi	233	False
Q3E785	Saccharomyces cerevisiae	Fungi	79	False
Q3E7B2	Saccharomyces cerevisiae	Fungi	85	True
Q3E7Y6	Saccharomyces cerevisiae	Fungi	73	False
Q3E906	Arabidopsis	Plants	450	False
Q3EBQ3	Arabidopsis	Plants	807	False
Q3ED65	Arabidopsis	Plants	261	False
Q3KPK4	Xenopus	Metazoa	280	False
Q3MHY7	Bos	Metazoa	262	False
Q3MKQ1	Rattus	Metazoa	129	False
Q3TY86	Mus	Metazoa	605	False
Q3UB74	Mus	Metazoa	406	False
Q3UIU2	Mus	Metazoa	128	True
Q3URQ0	Mus	Metazoa	928	False
Q3USZ2	Mus	Metazoa	394	False
Q3UVY1	Mus	Metazoa	732	True
Q3ZBU2	Bos	Metazoa	106	True
Q3ZCG2	Bos	Metazoa	109	True
Q3ZCT1	Homo	Metazoa	412	False
Q402E1	Lilium	Plants	136	False
Q40477	Nicotiana	Plants	225	False
Q40687	Oryza sativa	Plants	380	False
Q41062	Lathyrus	Plants	1011	False
Q41387	Spinacia	Plants	137	False
Q41651	Vicia	Plants	248	False
Q41811	Zea	Plants	103	False
Q41932	Arabidopsis	Plants	230	False
Q42496	Chlamydomonas	Plants	99	True
Q42577	Arabidopsis	Plants	218	False
Q42592	Arabidopsis	Plants	372	False
Q42599	Arabidopsis	Plants	222	False
Q42736	Flaveria	Plants	956	False
Q42777	Glycine subgen. Soja	Plants	731	False
Q42843	Hordeum	Plants	527	False
Q42968	Oryza	Plants	609	False
Q43092	Lathyrus	Plants	603	False
Q43117	Ricinus	Plants	583	False
Q43307	Arabidopsis	Plants	459	False
Q43503	Solanum subgen. Lycopersicon	Plants	500	False
Q45FA5	Badhamia	Other	426	False
Q497V6	Mus	Metazoa	772	False
Q4E657	Trypanosoma cruzi	Other	485	False
Q4FZU9	Rattus	Metazoa	463	True
Q4KLP8	Xenopus	Metazoa	663	False
Q4PSU4	Arabidopsis	Plants	264	False
Q4QQS1	Rattus	Metazoa	425	True
Q4QQW3	Rattus	Metazoa	467	False
Q4U0S5	Danio	Metazoa	503	False
Q4U2R6	Homo	Metazoa	128	False
Q4V7H8	Xenopus	Metazoa	296	False
Q4VBE8	Mus	Metazoa	431	False
Q4WE89	Aspergillus fumigatus	Fungi	613	False
Q4WF54	Aspergillus fumigatus	Fungi	270	False
Q4WGS5	Aspergillus fumigatus	Fungi	577	True
Q4WLA8	Aspergillus fumigatus	Fungi	433	False
Q4WSD1	Aspergillus fumigatus	Fungi	523	False
Q4WW97	Aspergillus fumigatus	Fungi	292	False
Q4WXF4	Aspergillus fumigatus	Fungi	471	False
Q4X024	Aspergillus fumigatus	Fungi	271	False
Q4X095	Aspergillus fumigatus	Fungi	247	False
Q4ZGE1	Schizosaccharomyces pombe	Fungi	61	True
Q500X4	melanogaster subgroup	Metazoa	527	False
Q50EK2	Pinus subgen. Pinus	Plants	850	False
Q53KK6	Oryza sativa	Plants	784	False
Q53NF7	Oryza sativa	Plants	329	False
Q54PN9	Dictyostelium	Other	324	False
Q54RD6	Dictyostelium	Other	312	False
Q54SM3	Dictyostelium	Other	179	False
Q550D5	Dictyostelium	Other	872	False
Q562A2	Rattus	Metazoa	1073	False
Q562E2	Mus	Metazoa	927	False
Q563C3	Xenopus	Metazoa	269	False
Q567V2	Homo	Metazoa	206	True
Q56XE8	Arabidopsis	Plants	502	True
Q57W97	Trypanosoma brucei	Other	361	False
Q584U2	Trypanosoma brucei	Other	267	False
Q587E3	Trypanosoma brucei	Other	735	False
Q59NP1	Candida albicans	Fungi	251	True
Q5ANE3	Candida albicans	Fungi	170	True
Q5BAH2	Emericella nidulans	Fungi	1041	False
Q5DT37	Rattus	Metazoa	247	True
Q5DT39	Rattus	Metazoa	243	True
Q5DTW7	Mus	Metazoa	1521	False
Q5E915	Arabidopsis	Plants	547	False
Q5EAW4	Xenopus	Metazoa	860	False
Q5F2E7	Mus	Metazoa	692	False
Q5F4K8	Pinus subgen. Pinus	Plants	492	False
Q5FWP4	Xenopus	Metazoa	625	False
Q5FWP7	Xenopus	Metazoa	625	False
Q5H8A5	Lotus	Plants	917	False
Q5HYI7	Homo	Metazoa	312	False
Q5I0X4	Homo	Metazoa	101	False
Q5I2A0	Mus	Metazoa	440	False
Q5I7G2	Lymnaea	Metazoa	436	False
Q5JK84	Oryza sativa	Plants	432	False
Q5JNS0	Oryza sativa	Plants	379	False
Q5KKP4	Cryptococcus deneoformans	Fungi	640	False
Q5KMX8	Cryptococcus deneoformans	Fungi	783	False
Q5NCM1	Mus	Metazoa	492	False
Q5NCS9	Mus	Metazoa	454	True
Q5ND52	Mus	Metazoa	418	False
Q5NE24	Medicago	Plants	508	False
Q5PT50	Rattus	Metazoa	340	True
Q5QGS0	Homo	Metazoa	1516	False
Q5SFM8	Mus	Metazoa	1060	False
Q5SS91	Mus	Metazoa	320	True
Q5SV85	Mus	Metazoa	1306	False
Q5SWT3	Mus	Metazoa	300	True
Q5SWY8	Mus	Metazoa	596	True
Q5SZA1	Mus	Metazoa	478	False
Q5SZT7	Mus	Metazoa	395	False
Q5T653	Homo	Metazoa	305	False
Q5TYM5	Homo	Metazoa	149	False
Q5U249	Xenopus	Metazoa	2408	False
Q5U458	Mus	Metazoa	559	False
Q5U623	Homo	Metazoa	682	False
Q5VRD7	Oryza sativa	Plants	53	True
Q5XEN5	Arabidopsis	Plants	204	False
Q5XF06	Arabidopsis	Plants	469	False
Q5XG73	Mus	Metazoa	508	False
Q5XIQ3	Rattus	Metazoa	316	False
Q5Z5B7	Oryza sativa	Plants	420	False
Q5ZEF1	Oryza sativa	Plants	127	False
Q5ZIS0	Gallus	Metazoa	157	True
Q60465	Cricetulus	Metazoa	590	False
Q60547	Mesocricetus	Metazoa	234	False
Q60925	Mus	Metazoa	325	False
Q60948	Mus	Metazoa	209	False
Q60EC2	Oryza sativa	Plants	261	True
Q60EN8	Oryza sativa	Plants	151	True
Q60EW9	Oryza sativa	Plants	774	False
Q60EX7	Oryza sativa	Plants	1128	False
Q61133	Mus	Metazoa	244	False
Q61467	Mus	Metazoa	341	False
Q62908	Rattus	Metazoa	193	False
Q62981	Rattus	Metazoa	407	False
Q640Z6	Xenopus	Metazoa	1605	False
Q64152	Mus	Metazoa	204	False
Q641G7	Xenopus	Metazoa	168	False
Q64J17	Arabidopsis	Plants	309	False
Q652K1	Oryza sativa	Plants	274	False
Q653T6	Oryza sativa	Plants	430	False
Q655V5	Oryza sativa	Plants	250	False
Q66HF9	Rattus	Metazoa	738	False
Q66KV4	Xenopus	Metazoa	90	False
Q67UR2	Oryza sativa	Plants	419	False
Q688T8	Oryza sativa	Plants	519	False
Q68DU8	Homo	Metazoa	428	False
Q68FR2	Rattus	Metazoa	507	False
Q68FX6	Rattus	Metazoa	390	False
Q68FY1	Rattus	Metazoa	325	False
Q69IL4	Oryza sativa	Plants	380	False
Q69P94	Oryza sativa	Plants	232	False
Q69T99	Oryza sativa	Plants	500	False
Q69V10	Oryza sativa	Plants	265	False
Q69WS3	Oryza sativa	Plants	256	False
Q69YU5	Homo	Metazoa	71	True
Q6ASS9	Oryza sativa	Plants	123	False
Q6AT90	Oryza sativa	Plants	505	False
Q6ATB4	Oryza sativa	Plants	583	False
Q6ATR0	Oryza sativa	Plants	197	False
Q6AVT2	Oryza sativa	Plants	511	False
Q6AXT7	Rattus	Metazoa	478	False
Q6CE48	Yarrowia lipolytica	Fungi	312	False
Q6DBQ1	Arabidopsis	Plants	299	False
Q6DE18	Xenopus	Metazoa	152	False
Q6DFQ7	Silurana	Metazoa	342	True
Q6DQL1	Solanum subgen. Lycopersicon	Plants	337	False
Q6DRC5	Danio	Metazoa	1014	False
Q6DWJ6	Homo	Metazoa	353	True
Q6ECI4	Homo	Metazoa	717	False
Q6EI12	Zea	Plants	402	False
Q6EPN6	Oryza sativa	Plants	222	False
Q6F2Y7	Oryza sativa	Plants	912	False
Q6F3B4	Oryza sativa	Plants	330	False
Q6GKV1	Arabidopsis	Plants	324	False
Q6IMB1	Mus	Metazoa	242	False
Q6INH0	Xenopus	Metazoa	425	False
Q6IPR1	Homo	Metazoa	90	False
Q6IV72	Homo	Metazoa	752	False
Q6K1E7	Mus	Metazoa	370	False
Q6K498	Oryza sativa	Plants	277	False
Q6K8D9	Oryza sativa	Plants	607	False
Q6K9U2	Oryza sativa	Plants	279	False
Q6NL34	melanogaster subgroup	Metazoa	543	False
Q6NLC1	Arabidopsis	Plants	706	True
Q6NLQ7	Arabidopsis	Plants	476	False
Q6NN03	Arabidopsis	Plants	63	True
Q6NNI3	Arabidopsis	Plants	190	False
Q6NPF9	Arabidopsis	Plants	172	False
Q6NPL9	Arabidopsis	Plants	230	False
Q6NPN9	Arabidopsis	Plants	350	False
Q6NTS2	Xenopus	Metazoa	90	False
Q6NUD0	Xenopus	Metazoa	333	False
Q6NZF1	Mus	Metazoa	792	False
Q6NZN1	Mus	Metazoa	1644	False
Q6P1L8	Homo	Metazoa	145	False
Q6P4A7	Homo	Metazoa	337	False
Q6P8Z1	Mus	Metazoa	170	False
Q6P9H5	Homo	Metazoa	292	False
Q6PB70	Mus	Metazoa	1060	False
Q6PCP7	Mus	Metazoa	798	True
Q6PCZ4	Mus	Metazoa	918	False
Q6PDY0	Mus	Metazoa	202	False
Q6PFQ7	Mus	Metazoa	802	False
Q6PFX2	Mus	Metazoa	281	False
Q6PG16	Mus	Metazoa	667	False
Q6PII3	Homo	Metazoa	467	False
Q6Q4H1	Hydra	Metazoa	385	False
Q6Q560	Saccharomyces cerevisiae	Fungi	94	False
Q6RHR6	Medicago	Plants	882	False
Q6SJ95	Mus	Metazoa	350	False
Q6TAS3	Solanum subgen. Lycopersicon	Plants	902	False
Q6U6G5	Rattus	Metazoa	426	False
Q6U6H1	Halocynthia	Metazoa	259	False
Q6UEG8	Aspergillus parasiticus	Fungi	444	False
Q6UFS5	Danio	Metazoa	563	False
Q6UPE0	Rattus	Metazoa	599	False
Q6VUP9	Mus	Metazoa	442	False
Q6VWJ6	Hordeum	Plants	573	False
Q6X632	Mus	Metazoa	540	True
Q6XXM1	Gallus	Metazoa	131	False
Q6YSY5	Oryza sativa	Plants	357	False
Q6Z1Z3	Oryza sativa	Plants	362	False
Q6Z2T3	Oryza sativa	Plants	298	True
Q6Z2Z4	Oryza sativa	Plants	414	False
Q6Z6M4	Oryza sativa	Plants	572	False
Q6Z6S1	Oryza sativa	Plants	537	False
Q6Z6W2	Oryza sativa	Plants	241	False
Q6Z955	Oryza sativa	Plants	518	False
Q6ZBH6	Oryza sativa	Plants	373	False
Q6ZJM9	Oryza sativa	Plants	563	False
Q6ZN28	Homo	Metazoa	852	False
Q6ZPK7	Mus	Metazoa	905	False
Q6ZVX9	Homo	Metazoa	377	True
Q70Z19	Nicotiana	Plants	374	False
Q717R9	Homo	Metazoa	158	False
Q75KU4	Oryza sativa	Plants	210	False
Q75LL6	Oryza sativa	Plants	567	False
Q75N62	Mus	Metazoa	688	False
Q75RY2	Oryza sativa	Plants	492	False
Q75W17	Viburnum	Plants	538	False
Q76B40	Cricetulus	Metazoa	513	False
Q76I90	Gallus	Metazoa	469	False
Q76LB1	Triticum	Plants	459	True
Q76M99	Rattus	Metazoa	551	True
Q76MT4	Rattus	Metazoa	842	False
Q76NW2	Dictyostelium	Other	108	False
Q78ZA7	Mus	Metazoa	375	False
Q78ZR5	Rattus	Metazoa	73	False
Q794E4	Rattus	Metazoa	415	False
Q7FAD5	Oryza sativa	Plants	869	False
Q7JVL3	melanogaster subgroup	Metazoa	330	False
Q7JVP4	melanogaster subgroup	Metazoa	1430	False
Q7K003	melanogaster subgroup	Metazoa	201	False
Q7K556	melanogaster subgroup	Metazoa	475	False
Q7K5K3	melanogaster subgroup	Metazoa	365	False
Q7K5K9	melanogaster subgroup	Metazoa	534	False
Q7LDI9	Homo	Metazoa	666	False
Q7M400	Tetrahymena	Other	121	False
Q7PIR5	gambiae species complex	Metazoa	793	False
Q7PLS8	melanogaster subgroup	Metazoa	1068	False
Q7RTU5	Homo	Metazoa	206	False
Q7RTV3	Homo	Metazoa	350	False
Q7RY61	Neurospora crassa	Fungi	424	False
Q7S5M7	Neurospora crassa	Fungi	64	True
Q7SBA0	Neurospora crassa	Fungi	257	False
Q7SG02	Neurospora crassa	Fungi	457	False
Q7SIF9	Agarophyton	Other	177	False
Q7T0L4	Gallus	Metazoa	329	False
Q7TMD5	Rattus	Metazoa	736	False
Q7TMF3	Mus	Metazoa	145	False
Q7TQP3	Mus	Metazoa	335	True
Q7TSY2	Rattus	Metazoa	247	True
Q7X7A4	Oryza sativa	Plants	475	False
Q7XA78	Arabidopsis	Plants	264	False
Q7XA83	Arabidopsis	Plants	423	False
Q7XBS0	Oryza sativa	Plants	721	True
Q7XBY6	Oryza sativa	Plants	212	False
Q7XEY9	Oryza sativa	Plants	277	False
Q7XII4	Oryza sativa	Plants	316	False
Q7XP65	Oryza sativa	Plants	358	False
Q7XR46	Oryza sativa	Plants	487	False
Q7XR83	Oryza sativa	Plants	333	False
Q7XWV4	Oryza sativa	Plants	483	False
Q7XYS8	Artemisia	Plants	394	False
Q7Y0F6	Oryza sativa	Plants	247	False
Q7YR75	Bos	Metazoa	198	False
Q7YRU6	Oryctolagus	Metazoa	1106	False
Q7YUD6	Laverania	Other	669	True
Q7Z2W9	Homo	Metazoa	205	False
Q7Z7F7	Homo	Metazoa	128	False
Q7Z7J5	Homo	Metazoa	298	False
Q7Z7K0	Homo	Metazoa	106	False
Q7ZT01	Xenopus	Metazoa	210	False
Q7ZT47	Xenopus	Metazoa	196	False
Q7ZT48	Xenopus	Metazoa	221	False
Q7ZTP2	Xenopus	Metazoa	394	False
Q7ZZH7	Xenopus	Metazoa	661	False
Q801E2	Xenopus	Metazoa	1116	False
Q805F9	Gallus	Metazoa	1140	False
Q80T22	Rattus	Metazoa	484	True
Q80T79	Mus	Metazoa	3707	True
Q80VC6	Mus	Metazoa	287	False
Q80VL0	Rattus	Metazoa	406	False
Q80VL3	Mus	Metazoa	624	False
Q80XX4	Rattus	Metazoa	82	False
Q80Z96	Mus	Metazoa	526	False
Q80ZI2	Mus	Metazoa	223	False
Q80ZW0	Mus	Metazoa	539	False
Q810F1	Cavia	Metazoa	705	True
Q810W6	Mus	Metazoa	351	True
Q810Y4	Rattus	Metazoa	532	True
Q811I0	Mus	Metazoa	324	False
Q84J70	Arabidopsis	Plants	223	False
Q84JL2	Arabidopsis	Plants	472	False
Q84JL7	Arabidopsis	Plants	330	False
Q84K35	Arabidopsis	Plants	330	False
Q84K52	Arabidopsis	Plants	246	False
Q84LB6	Solanum subgen. Lycopersicon	Plants	417	False
Q84LG2	Arabidopsis	Plants	389	False
Q84M97	Arabidopsis	Plants	742	False
Q84N48	Zea	Plants	611	False
Q84P52	Solanum subgen. Lycopersicon	Plants	520	False
Q84P54	Solanum subgen. Lycopersicon	Plants	515	False
Q84T94	Oryza sativa	Plants	639	False
Q84TE6	Arabidopsis	Plants	324	False
Q84U09	Brassica	Plants	215	False
Q84V18	Chlamydomonas	Plants	754	False
Q84WU8	Arabidopsis	Plants	809	False
Q84Y18	Arabidopsis	Plants	332	False
Q86LG1	melanogaster subgroup	Metazoa	606	True
Q86SP6	Homo	Metazoa	731	True
Q86TM3	Homo	Metazoa	631	False
Q86UP8	Homo	Metazoa	949	False
Q86YL5	Homo	Metazoa	185	False
Q871K1	Neurospora crassa	Fungi	123	False
Q8AVN9	Xenopus	Metazoa	524	False
Q8AWF4	Xenopus	Metazoa	462	False
Q8AYI2	Rana	Metazoa	711	False
Q8BFX3	Mus	Metazoa	815	False
Q8BG17	Mus	Metazoa	217	False
Q8BG67	Mus	Metazoa	819	False
Q8BGC3	Mus	Metazoa	486	True
Q8BGW8	Mus	Metazoa	322	False
Q8BH70	Mus	Metazoa	621	False
Q8BH86	Mus	Metazoa	617	False
Q8BHK1	Mus	Metazoa	323	True
Q8BJ63	Mus	Metazoa	490	False
Q8BJ64	Mus	Metazoa	596	False
Q8BK30	Mus	Metazoa	104	False
Q8BKF1	Mus	Metazoa	1207	False
Q8BM47	Mus	Metazoa	761	False
Q8BMB0	Mus	Metazoa	1264	False
Q8BMC0	Mus	Metazoa	344	True
Q8BN59	Mus	Metazoa	492	False
Q8BP40	Mus	Metazoa	418	False
Q8BRN9	Mus	Metazoa	848	False
Q8BW66	Mus	Metazoa	306	True
Q8BXP5	Mus	Metazoa	385	False
Q8C206	Mus	Metazoa	330	True
Q8C5P7	Mus	Metazoa	182	False
Q8C6B9	Mus	Metazoa	143	False
Q8C7E9	Mus	Metazoa	632	False
Q8C8C1	Mus	Metazoa	263	False
Q8C8M1	Mus	Metazoa	221	False
Q8CC21	Mus	Metazoa	365	False
Q8CCG4	Mus	Metazoa	296	False
Q8CDY7	Mus	Metazoa	219	False
Q8CFD0	Rattus	Metazoa	342	False
Q8CGY6	Mus	Metazoa	931	False
Q8CH25	Mus	Metazoa	1031	False
Q8GRN0	Arabidopsis	Plants	222	False
Q8GSM2	Hordeum	Plants	896	False
Q8GSM3	Hordeum	Plants	932	False
Q8GT66	Lathyrus	Plants	436	False
Q8GT74	Arabidopsis	Plants	241	True
Q8GTQ9	Solanum subgen. Lycopersicon	Plants	332	False
Q8GUL2	Arabidopsis	Plants	958	False
Q8GUU3	Arabidopsis	Plants	613	False
Q8GVZ6	Oryza sativa	Plants	276	False
Q8GW32	Arabidopsis	Plants	94	False
Q8GWJ6	Arabidopsis	Plants	119	False
Q8GWP5	Arabidopsis	Plants	426	False
Q8GWQ6	Arabidopsis	Plants	232	False
Q8GYN9	Arabidopsis	Plants	337	False
Q8GYU3	Arabidopsis	Plants	1465	False
Q8GYX2	Arabidopsis	Plants	248	False
Q8GZ79	Arabidopsis	Plants	274	False
Q8H0V4	Arabidopsis	Plants	722	False
Q8H1E5	Arabidopsis	Plants	783	False
Q8H1E8	Arabidopsis	Plants	710	False
Q8H1F7	Arabidopsis	Plants	332	False
Q8H1Q1	Arabidopsis	Plants	280	False
Q8H1S6	Arabidopsis	Plants	229	False
Q8I1X7	Plasmodium falciparum	Other	579	False
Q8IAX8	Plasmodium falciparum	Other	248	False
Q8IBI5	Plasmodium falciparum	Other	553	False
Q8IBN8	Plasmodium falciparum	Other	899	False
Q8IDN4	Plasmodium falciparum	Other	211	False
Q8IEF6	Plasmodium falciparum	Other	414	False
Q8IFW4	melanogaster subgroup	Metazoa	157	False
Q8IIS5	Plasmodium falciparum	Other	643	False
Q8INM3	melanogaster subgroup	Metazoa	1420	False
Q8IPA1	melanogaster subgroup	Metazoa	308	False
Q8IW03	Homo	Metazoa	269	False
Q8IY42	Homo	Metazoa	314	False
Q8IZS7	Homo	Metazoa	167	True
Q8IZT9	Homo	Metazoa	166	False
Q8IZV2	Homo	Metazoa	173	True
Q8JIR0	Danio	Metazoa	320	False
Q8JZU0	Mus	Metazoa	352	False
Q8K083	Mus	Metazoa	1302	False
Q8K0D5	Mus	Metazoa	751	False
Q8K0U3	Mus	Metazoa	198	True
Q8K0U4	Mus	Metazoa	675	False
Q8K363	Mus	Metazoa	660	False
Q8K3D3	Mus	Metazoa	89	False
Q8K3P4	Rattus	Metazoa	362	False
Q8K3W2	Mus	Metazoa	274	False
Q8K4P0	Mus	Metazoa	1330	False
Q8L467	Arabidopsis	Plants	283	False
Q8L4Y5	Arabidopsis	Plants	363	False
Q8L557	Arabidopsis	Plants	202	False
Q8L5Z4	Arabidopsis	Plants	584	False
Q8L719	Arabidopsis	Plants	292	False
Q8L735	Arabidopsis	Plants	882	False
Q8L773	Arabidopsis	Plants	244	False
Q8L7B5	Arabidopsis	Plants	585	False
Q8L7E5	Arabidopsis	Plants	703	False
Q8L7W1	Arabidopsis	Plants	678	False
Q8L7Z0	Arabidopsis	Plants	720	True
Q8L9X2	Arabidopsis	Plants	203	False
Q8LAD2	Arabidopsis	Plants	341	False
Q8LBB2	Arabidopsis	Plants	424	False
Q8LBH4	Arabidopsis	Plants	256	False
Q8LBK6	Arabidopsis	Plants	169	False
Q8LCS8	Arabidopsis	Plants	124	False
Q8LCU7	Arabidopsis	Plants	375	False
Q8LDD3	Arabidopsis	Plants	193	False
Q8LEE8	Arabidopsis	Plants	394	False
Q8LEK4	Arabidopsis	Plants	221	False
Q8LFW5	Arabidopsis	Plants	277	False
Q8LG05	Arabidopsis	Plants	345	False
Q8LG77	Arabidopsis	Plants	374	False
Q8LGD5	Arabidopsis	Plants	222	False
Q8LJT8	Arabidopsis	Plants	743	False
Q8LPJ5	Arabidopsis	Plants	485	False
Q8LPL2	Arabidopsis	Plants	591	True
Q8MIR0	Sus	Metazoa	373	False
Q8N0T1	Homo	Metazoa	100	False
Q8N292	Homo	Metazoa	157	True
Q8N2H3	Homo	Metazoa	581	False
Q8N4T4	Homo	Metazoa	335	False
Q8N5C7	Homo	Metazoa	304	False
Q8N7A1	Homo	Metazoa	406	False
Q8N7B1	Homo	Metazoa	307	False
Q8N7R7	Homo	Metazoa	359	False
Q8N8Q9	Homo	Metazoa	360	True
Q8NBV4	Homo	Metazoa	271	False
Q8NCN2	Homo	Metazoa	500	False
Q8ND71	Homo	Metazoa	665	False
Q8NDV2	Homo	Metazoa	337	True
Q8NEG4	Homo	Metazoa	500	False
Q8NEP9	Homo	Metazoa	628	False
Q8NEY3	Homo	Metazoa	305	False
Q8NGH7	Homo	Metazoa	329	True
Q8NGN3	Homo	Metazoa	311	True
Q8NH19	Homo	Metazoa	301	True
Q8QFR2	Xenopus	Metazoa	1013	False
Q8R0N6	Mus	Metazoa	465	False
Q8R0S9	Mus	Metazoa	554	True
Q8R1Q0	Mus	Metazoa	292	False
Q8R3H9	Mus	Metazoa	386	False
Q8R4I4	Mus	Metazoa	468	False
Q8R515	Rattus	Metazoa	873	False
Q8RUN2	Arabidopsis	Plants	213	False
Q8RWD5	Arabidopsis	Plants	577	False
Q8RXA8	Spinacia	Plants	235	False
Q8RXE9	Arabidopsis	Plants	408	False
Q8RXH2	Arabidopsis	Plants	716	False
Q8RYD6	Arabidopsis	Plants	331	False
Q8S8E7	Arabidopsis	Plants	218	False
Q8S8M9	Arabidopsis	Plants	256	False
Q8S9M1	Arabidopsis	Plants	299	False
Q8SKU2	Lathyrus	Plants	534	False
Q8SWR3	melanogaster subgroup	Metazoa	435	False
Q8SXD4	melanogaster subgroup	Metazoa	1122	False
Q8T5C6	Biomphalaria	Metazoa	436	False
Q8TBZ0	Homo	Metazoa	833	False
Q8TC56	Homo	Metazoa	605	False
Q8TC90	Homo	Metazoa	406	False
Q8TCB6	Homo	Metazoa	318	True
Q8TCC3	Homo	Metazoa	161	False
Q8TCW9	Homo	Metazoa	393	True
Q8TD86	Homo	Metazoa	181	False
Q8TDN6	Homo	Metazoa	353	False
Q8TDU9	Homo	Metazoa	374	True
Q8TDV2	Homo	Metazoa	347	True
Q8TDV5	Homo	Metazoa	335	True
Q8TF45	Homo	Metazoa	676	False
Q8VED8	Mus	Metazoa	361	False
Q8VWH2	Oryza sativa	Plants	178	False
Q8VXQ2	Craterostigma	Plants	479	False
Q8VY11	Arabidopsis	Plants	546	False
Q8VYD2	Arabidopsis	Plants	386	False
Q8VYD8	Arabidopsis	Plants	315	False
Q8VYE2	Arabidopsis	Plants	376	True
Q8VYI3	Arabidopsis	Plants	309	False
Q8VYN6	Arabidopsis	Plants	537	False
Q8VZE7	Arabidopsis	Plants	671	False
Q8VZI8	Arabidopsis	Plants	813	False
Q8VZL6	Arabidopsis	Plants	441	False
Q8VZR0	Arabidopsis	Plants	367	False
Q8VZS6	Arabidopsis	Plants	567	False
Q8W034	Arabidopsis	Plants	411	False
Q8W2N5	Nicotiana	Plants	478	False
Q8W3L1	Arabidopsis	Plants	483	False
Q8WSR2	Ascaris	Metazoa	141	True
Q8WUX2	Homo	Metazoa	184	False
Q8WV37	Homo	Metazoa	535	False
Q8WV60	Homo	Metazoa	388	False
Q8WVH0	Homo	Metazoa	158	False
Q8WVI0	Homo	Metazoa	70	True
Q8WXB4	Homo	Metazoa	792	False
Q8WZJ8	Schizosaccharomyces pombe	Fungi	210	False
Q8WZK0	Schizosaccharomyces pombe	Fungi	695	False
Q8WZK3	Schizosaccharomyces pombe	Fungi	138	False
Q8WZM4	Candida	Fungi	386	False
Q90632	Gallus	Metazoa	542	True
Q90ZB6	Xenopus	Metazoa	551	False
Q90ZF9	Gallus	Metazoa	235	False
Q90ZS6	Xenopus	Metazoa	1271	False
Q91836	Xenopus	Metazoa	298	False
Q91904	Xenopus	Metazoa	370	False
Q91V81	Mus	Metazoa	478	False
Q91VE6	Mus	Metazoa	317	False
Q91W39	Mus	Metazoa	579	False
Q91WE2	Mus	Metazoa	254	False
Q92021	Xenopus	Metazoa	609	False
Q920G9	Mus	Metazoa	524	False
Q921G6	Mus	Metazoa	680	False
Q92262	Komagataella	Fungi	455	False
Q922Q1	Mus	Metazoa	338	False
Q92349	Schizosaccharomyces pombe	Fungi	1318	False
Q92353	Schizosaccharomyces pombe	Fungi	468	False
Q92361	Schizosaccharomyces pombe	Fungi	264	False
Q92374	Schizosaccharomyces pombe	Fungi	104	False
Q923A2	Mus	Metazoa	608	False
Q923Q2	Mus	Metazoa	1113	False
Q925N0	Mus	Metazoa	342	False
Q92664	Homo	Metazoa	365	False
Q92665	Homo	Metazoa	395	False
Q93170	Caenorhabditis	Metazoa	421	False
Q93442	Caenorhabditis	Metazoa	2862	False
Q93712	Caenorhabditis	Metazoa	466	False
Q93899	Caenorhabditis	Metazoa	247	False
Q93VC7	Arabidopsis	Plants	416	False
Q93VI4	Arabidopsis	Plants	227	False
Q93VR9	Arabidopsis	Plants	326	False
Q93WD2	Chlamydomonas	Plants	280	False
Q93WG3	Arabidopsis	Plants	294	False
Q93XM7	Arabidopsis	Plants	300	True
Q93Y32	Arabidopsis	Plants	384	False
Q93Y52	Chlamydomonas	Plants	280	False
Q93YQ3	Arabidopsis	Plants	323	False
Q93YU8	Arabidopsis	Plants	796	False
Q93YW0	Arabidopsis	Plants	684	False
Q93ZE5	Arabidopsis	Plants	223	False
Q93ZW0	Arabidopsis	Plants	625	False
Q940M2	Arabidopsis	Plants	476	False
Q941Q3	Arabidopsis	Plants	524	False
Q944L7	Arabidopsis	Plants	391	False
Q944M5	Arabidopsis	Plants	251	True
Q947C4	Ginkgo	Plants	873	False
Q948U0	Solanum	Plants	963	False
Q949G3	Nicotiana	Plants	1436	False
Q949J1	Chlamydomonas	Plants	192	False
Q94AL8	Arabidopsis	Plants	225	True
Q94AQ9	Arabidopsis	Plants	260	False
Q94AU7	Arabidopsis	Plants	258	False
Q94AV5	Arabidopsis	Plants	459	False
Q94BV2	Arabidopsis	Plants	181	False
Q94BY9	Arabidopsis	Plants	550	False
Q94CD4	Arabidopsis	Plants	134	False
Q94CK3	Arabidopsis	Plants	167	False
Q94CV1	Oryza sativa	Plants	228	False
Q94F00	Arabidopsis	Plants	371	False
Q94IC4	Glycine subgen. Soja	Plants	257	False
Q94JG1	Oryza sativa	Plants	516	True
Q94JZ8	Arabidopsis	Plants	468	False
Q94K73	Arabidopsis	Plants	429	False
Q95748	Arabidopsis	Plants	190	False
Q95PA1	Doryteuthis	Metazoa	152	False
Q95PZ0	Caenorhabditis	Metazoa	426	False
Q95T19	melanogaster subgroup	Metazoa	464	False
Q95X44	Caenorhabditis	Metazoa	226	False
Q95ZS0	Caenorhabditis	Metazoa	179	False
Q96250	Arabidopsis	Plants	325	False
Q96251	Arabidopsis	Plants	238	False
Q96252	Arabidopsis	Plants	203	False
Q96326	Arabidopsis	Plants	256	True
Q96375	Capsicum	Plants	660	False
Q965W2	Caenorhabditis	Metazoa	407	False
Q967U1	Dictyostelium	Other	225	False
Q96A35	Homo	Metazoa	216	False
Q96AB3	Homo	Metazoa	205	False
Q96BU1	Homo	Metazoa	408	False
Q96CX3	Homo	Metazoa	271	False
Q96DT0	Homo	Metazoa	336	False
Q96DU9	Homo	Metazoa	382	False
Q96ER3	Homo	Metazoa	474	False
Q96G75	Homo	Metazoa	393	False
Q96GC5	Homo	Metazoa	212	False
Q96GE9	Homo	Metazoa	116	True
Q96HE9	Homo	Metazoa	360	False
Q96HJ9	Homo	Metazoa	113	False
Q96LB0	Homo	Metazoa	322	True
Q96MB7	Homo	Metazoa	349	False
Q96P69	Homo	Metazoa	363	True
Q96RA2	Homo	Metazoa	312	True
Q96RK1	Homo	Metazoa	184	False
Q96UP3	Schizosaccharomyces pombe	Fungi	1400	False
Q99177	Saccharomyces cerevisiae	Fungi	341	False
Q99188	Saccharomyces cerevisiae	Fungi	309	False
Q99288	Saccharomyces cerevisiae	Fungi	334	False
Q99297	Saccharomyces cerevisiae	Fungi	307	True
Q99359	Saccharomyces cerevisiae	Fungi	647	False
Q99457	Homo	Metazoa	506	False
Q99JG3	Mus	Metazoa	317	False
Q99JT1	Mus	Metazoa	557	False
Q99LD8	Mus	Metazoa	285	False
Q99LT0	Mus	Metazoa	99	False
Q99LW6	Mus	Metazoa	179	False
Q99LZ3	Mus	Metazoa	223	False
Q99MI9	Cricetulus	Metazoa	692	False
Q9BDK6	Sus	Metazoa	355	False
Q9BE64	Macaca	Metazoa	695	False
Q9BJ36	Toxoplasma	Other	318	False
Q9BKU8	Caenorhabditis	Metazoa	82	False
Q9BPV8	Homo	Metazoa	354	True
Q9BPY3	Homo	Metazoa	351	False
Q9BPZ2	Homo	Metazoa	258	False
Q9BQC6	Homo	Metazoa	102	False
Q9BRP1	Homo	Metazoa	358	False
Q9BS31	Homo	Metazoa	505	False
Q9BSF8	Homo	Metazoa	475	False
Q9BSH3	Homo	Metazoa	213	False
Q9BSN7	Homo	Metazoa	226	True
Q9BUT9	Homo	Metazoa	160	False
Q9BW72	Homo	Metazoa	106	True
Q9BWU0	Homo	Metazoa	742	False
Q9BXL5	Homo	Metazoa	484	False
Q9BYC2	Homo	Metazoa	517	False
Q9BYC9	Homo	Metazoa	149	False
Q9BYD1	Homo	Metazoa	178	False
Q9BYD2	Homo	Metazoa	267	False
Q9BYD3	Homo	Metazoa	311	False
Q9BZE1	Homo	Metazoa	423	False
Q9BZJ6	Homo	Metazoa	419	True
Q9C0W0	Schizosaccharomyces pombe	Fungi	409	False
Q9C0Z8	Schizosaccharomyces pombe	Fungi	319	False
Q9C0Z9	Schizosaccharomyces pombe	Fungi	129	False
Q9C500	Arabidopsis	Plants	180	False
Q9C519	Arabidopsis	Plants	553	False
Q9C552	Arabidopsis	Plants	753	False
Q9C565	Arabidopsis	Plants	373	False
Q9C682	Arabidopsis	Plants	226	False
Q9C685	Arabidopsis	Plants	211	False
Q9C6T1	Arabidopsis	Plants	505	False
Q9C7A2	Arabidopsis	Plants	590	False
Q9C7G0	Arabidopsis	Plants	562	False
Q9C8L2	Arabidopsis	Plants	287	False
Q9C932	Arabidopsis	Plants	317	False
Q9C950	Arabidopsis	Plants	643	False
Q9C952	Arabidopsis	Plants	693	False
Q9CA69	Arabidopsis	Plants	397	False
Q9CAH0	Arabidopsis	Plants	188	False
Q9CAH5	Arabidopsis	Plants	320	True
Q9CAI5	Arabidopsis	Plants	465	False
Q9CAN3	Arabidopsis	Plants	658	False
Q9CAP8	Arabidopsis	Plants	691	False
Q9CAX3	Arabidopsis	Plants	204	True
Q9CAY1	Arabidopsis	Plants	623	False
Q9CPU2	Mus	Metazoa	105	False
Q9CPY0	Mus	Metazoa	246	False
Q9CPZ1	Mus	Metazoa	294	False
Q9CQ29	Mus	Metazoa	239	False
Q9CQ54	Mus	Metazoa	120	True
Q9CQ79	Mus	Metazoa	226	False
Q9CQ86	Mus	Metazoa	115	False
Q9CQ91	Mus	Metazoa	84	True
Q9CQC7	Mus	Metazoa	129	True
Q9CQH3	Mus	Metazoa	189	True
Q9CQJ8	Mus	Metazoa	179	False
Q9CQT6	Mus	Metazoa	229	False
Q9CQT9	Mus	Metazoa	129	True
Q9CQX8	Mus	Metazoa	102	False
Q9CQY9	Mus	Metazoa	76	True
Q9CQZ5	Mus	Metazoa	131	False
Q9CQZ6	Mus	Metazoa	104	True
Q9CW46	Mus	Metazoa	748	False
Q9CWR7	Mus	Metazoa	339	True
Q9CX83	Mus	Metazoa	456	True
Q9CX97	Mus	Metazoa	388	False
Q9CYF5	Mus	Metazoa	461	False
Q9CYR0	Mus	Metazoa	152	False
Q9CZN8	Mus	Metazoa	525	False
Q9D115	Mus	Metazoa	76	False
Q9D2V8	Mus	Metazoa	456	True
Q9D2Y6	Mus	Metazoa	357	False
Q9D385	Mus	Metazoa	163	False
Q9D3D9	Mus	Metazoa	168	False
Q9D495	Mus	Metazoa	329	False
Q9D4J1	Mus	Metazoa	240	False
Q9D4W2	Mus	Metazoa	315	False
Q9D563	Mus	Metazoa	222	True
Q9D5P4	Mus	Metazoa	561	False
Q9D6J5	Mus	Metazoa	186	False
Q9D7K2	Mus	Metazoa	161	False
Q9D855	Mus	Metazoa	111	False
Q9DAA6	Mus	Metazoa	195	False
Q9DAM1	Mus	Metazoa	415	False
Q9DAT5	Mus	Metazoa	417	False
Q9DB41	Mus	Metazoa	320	True
Q9DBA9	Mus	Metazoa	547	False
Q9DBN1	Mus	Metazoa	621	True
Q9DCS9	Mus	Metazoa	176	False
Q9DCX2	Mus	Metazoa	161	False
Q9DCX7	Mus	Metazoa	243	True
Q9DEE9	Gallus	Metazoa	396	False
Q9DGN0	Xenopus	Metazoa	1194	False
Q9DGN1	Xenopus	Metazoa	1265	False
Q9EP86	Rattus	Metazoa	432	True
Q9EPB5	Mus	Metazoa	311	False
Q9EQ10	Rattus	Metazoa	573	False
Q9EQ16	Mus	Metazoa	351	True
Q9ERZ0	Mus	Metazoa	503	False
Q9ESX4	Mus	Metazoa	241	False
Q9FFD2	Arabidopsis	Plants	348	False
Q9FFF5	Arabidopsis	Plants	241	False
Q9FFG0	Arabidopsis	Plants	248	False
Q9FFJ8	Arabidopsis	Plants	449	False
Q9FFS4	Arabidopsis	Plants	101	False
Q9FFZ7	Arabidopsis	Plants	202	True
Q9FGN7	Arabidopsis	Plants	726	False
Q9FGN8	Arabidopsis	Plants	639	False
Q9FGS0	Arabidopsis	Plants	289	False
Q9FGX1	Arabidopsis	Plants	608	False
Q9FHM5	Arabidopsis	Plants	419	False
Q9FHR8	Arabidopsis	Plants	278	False
Q9FIT1	Arabidopsis	Plants	403	False
Q9FJG1	Arabidopsis	Plants	90	False
Q9FJJ3	Arabidopsis	Plants	309	False
Q9FJK3	Arabidopsis	Plants	321	False
Q9FJW6	Arabidopsis	Plants	798	False
Q9FJY5	Arabidopsis	Plants	524	False
Q9FK02	Arabidopsis	Plants	380	False
Q9FK23	Arabidopsis	Plants	500	False
Q9FKB5	Arabidopsis	Plants	222	False
Q9FKK2	Arabidopsis	Plants	299	False
Q9FKM2	Arabidopsis	Plants	274	False
Q9FL44	Arabidopsis	Plants	235	False
Q9FM19	Arabidopsis	Plants	286	False
Q9FMG4	Arabidopsis	Plants	303	False
Q9FMW8	Arabidopsis	Plants	354	False
Q9FN89	Arabidopsis	Plants	509	False
Q9FNC9	Arabidopsis	Plants	99	True
Q9FNH4	Arabidopsis	Plants	227	False
Q9FNJ8	Arabidopsis	Plants	425	False
Q9FNM5	Arabidopsis	Plants	681	False
Q9FPW4	Arabidopsis	Plants	614	False
Q9FUQ7	Arabidopsis	Plants	214	False
Q9FV50	Arabidopsis	Plants	350	False
Q9FVQ5	Arabidopsis	Plants	806	True
Q9FWR5	Arabidopsis	Plants	275	False
Q9FWS3	Arabidopsis	Plants	435	False
Q9FX45	Arabidopsis	Plants	181	False
Q9FX64	Arabidopsis	Plants	226	False
Q9FX83	Arabidopsis	Plants	222	False
Q9FXH7	Arabidopsis	Plants	345	False
Q9FYA6	Arabidopsis	Plants	415	False
Q9FYG2	Arabidopsis	Plants	1016	False
Q9FYT6	Zea	Plants	715	False
Q9FZ45	Arabidopsis	Plants	474	False
Q9FZ47	Arabidopsis	Plants	290	False
Q9FZ96	Arabidopsis	Plants	356	True
Q9GPE9	Trypanosoma brucei	Other	519	False
Q9GS00	Caenorhabditis	Metazoa	601	False
Q9GSF8	Euplotes	Other	437	False
Q9GTP5	Crithidia	Other	497	True
Q9GZT6	Homo	Metazoa	254	False
Q9GZY4	Homo	Metazoa	146	True
Q9GZZ0	Homo	Metazoa	328	False
Q9H0C3	Homo	Metazoa	514	True
Q9H0U9	Homo	Metazoa	437	False
Q9H0V1	Homo	Metazoa	697	True
Q9H1C0	Homo	Metazoa	372	True
Q9H205	Homo	Metazoa	316	True
Q9H2W6	Homo	Metazoa	279	False
Q9H2X8	Homo	Metazoa	130	True
Q9H2Y9	Homo	Metazoa	848	False
Q9H9Y2	Homo	Metazoa	349	False
Q9HD33	Homo	Metazoa	250	False
Q9HDB9	Homo	Metazoa	667	False
Q9HDW8	Schizosaccharomyces pombe	Fungi	146	False
Q9HE02	Schizosaccharomyces pombe	Fungi	1185	False
Q9HEQ9	Schizosaccharomyces pombe	Fungi	349	False
Q9HFR0	Schizosaccharomyces pombe	Fungi	437	False
Q9HG09	Komagataella	Fungi	425	False
Q9HGN5	Schizosaccharomyces pombe	Fungi	279	False
Q9JIK9	Mus	Metazoa	218	False
Q9JJ89	Mus	Metazoa	426	False
Q9JJC8	Mus	Metazoa	359	True
Q9JJL0	Mus	Metazoa	238	False
Q9JKD3	Mus	Metazoa	235	True
Q9JKL7	Rattus	Metazoa	494	False
Q9JKM5	Rattus	Metazoa	400	True
Q9JKT3	Mus	Metazoa	297	True
Q9JLM4	Mus	Metazoa	1370	False
Q9JMC2	Mus	Metazoa	493	False
Q9LDD5	Arabidopsis	Plants	373	False
Q9LE95	Spinacia	Plants	352	False
Q9LEB3	Nicotiana	Plants	428	False
Q9LEB4	Nicotiana	Plants	409	False
Q9LEF5	Zea	Plants	639	False
Q9LEK8	Digitalis	Plants	118	False
Q9LES4	Arabidopsis	Plants	483	False
Q9LEW0	Arabidopsis	Plants	557	False
Q9LF24	Arabidopsis	Plants	927	False
Q9LF27	Arabidopsis	Plants	433	False
Q9LFA3	Arabidopsis	Plants	434	False
Q9LFH3	Arabidopsis	Plants	215	False
Q9LHJ3	Arabidopsis	Plants	72	True
Q9LIK9	Arabidopsis	Plants	463	False
Q9LJ04	Oryza sativa	Plants	490	False
Q9LJ87	Arabidopsis	Plants	415	False
Q9LJD7	Arabidopsis	Plants	182	False
Q9LK25	Arabidopsis	Plants	279	True
Q9LK29	Arabidopsis	Plants	307	False
Q9LK88	Arabidopsis	Plants	196	False
Q9LKX9	Zea	Plants	867	False
Q9LLB0	Solanum subgen. Lycopersicon	Plants	510	False
Q9LLY4	Brassica	Plants	344	False
Q9LM71	Arabidopsis	Plants	232	False
Q9LMK5	Arabidopsis	Plants	160	False
Q9LMX5	Arabidopsis	Plants	348	False
Q9LPV5	Arabidopsis	Plants	502	True
Q9LQ98	Arabidopsis	Plants	345	False
Q9LQC0	Arabidopsis	Plants	283	False
Q9LQK7	Arabidopsis	Plants	475	False
Q9LQL0	Arabidopsis	Plants	166	False
Q9LQU4	Arabidopsis	Plants	152	True
Q9LRI8	Spinacia	Plants	562	False
Q9LRY0	Arabidopsis	Plants	189	False
Q9LS02	Arabidopsis	Plants	253	False
Q9LS03	Arabidopsis	Plants	254	False
Q9LSB9	Arabidopsis	Plants	755	False
Q9LTF7	Arabidopsis	Plants	201	False
Q9LTQ0	Arabidopsis	Plants	391	False
Q9LTS6	Arabidopsis	Plants	135	False
Q9LU21	Arabidopsis	Plants	204	False
Q9LU68	Arabidopsis	Plants	435	False
Q9LU85	Arabidopsis	Plants	242	False
Q9LUA3	Arabidopsis	Plants	122	False
Q9LUE6	Arabidopsis	Plants	364	False
Q9LUJ5	Arabidopsis	Plants	293	False
Q9LUR3	Arabidopsis	Plants	224	False
Q9LV10	Arabidopsis	Plants	616	True
Q9LV14	Arabidopsis	Plants	520	False
Q9LV40	Arabidopsis	Plants	523	False
Q9LV91	Arabidopsis	Plants	576	False
Q9LW68	Arabidopsis	Plants	195	False
Q9LWB5	Spinacia	Plants	198	False
Q9LX31	Arabidopsis	Plants	265	False
Q9LX34	Arabidopsis	Plants	95	False
Q9LX90	Arabidopsis	Plants	217	False
Q9LXF3	Arabidopsis	Plants	187	True
Q9LXT3	Arabidopsis	Plants	142	False
Q9LY14	Arabidopsis	Plants	202	False
Q9LY66	Arabidopsis	Plants	346	False
Q9LYB4	Arabidopsis	Plants	173	False
Q9LYB9	Arabidopsis	Plants	186	False
Q9LYG9	Arabidopsis	Plants	734	False
Q9LYK7	Arabidopsis	Plants	590	False
Q9LYR5	Arabidopsis	Plants	256	False
Q9LZE4	Arabidopsis	Plants	497	False
Q9LZN0	Arabidopsis	Plants	546	False
Q9LZX6	Arabidopsis	Plants	365	False
Q9M0A5	Arabidopsis	Plants	249	False
Q9M0S5	Arabidopsis	Plants	764	False
Q9M0V0	Arabidopsis	Plants	197	False
Q9M1J2	Arabidopsis	Plants	222	False
Q9M1X2	Arabidopsis	Plants	279	False
Q9M219	Arabidopsis	Plants	558	False
Q9M2D9	Arabidopsis	Plants	299	False
Q9M2K4	Arabidopsis	Plants	329	False
Q9M2Q6	Arabidopsis	Plants	354	False
Q9M315	Arabidopsis	Plants	354	False
Q9M365	Arabidopsis	Plants	359	False
Q9M390	Arabidopsis	Plants	570	False
Q9M3B8	Arabidopsis	Plants	597	False
Q9M3K7	Spinacia	Plants	101	False
Q9M424	Solanum	Plants	498	False
Q9M5P2	Arabidopsis	Plants	289	False
Q9M5P3	Arabidopsis	Plants	354	False
Q9M5P4	Zea	Plants	256	False
Q9M6N7	Arabidopsis	Plants	475	True
Q9M7I7	Arabidopsis	Plants	318	False
Q9M7J4	Nicotiana	Plants	722	False
Q9M7N6	Solanum subgen. Lycopersicon	Plants	152	False
Q9M812	Arabidopsis	Plants	156	True
Q9M817	Arabidopsis	Plants	607	True
Q9M879	Arabidopsis	Plants	396	False
Q9M8J9	Arabidopsis	Plants	406	False
Q9M9F0	Arabidopsis	Plants	311	False
Q9M9T4	Arabidopsis	Plants	442	False
Q9M9V6	Arabidopsis	Plants	562	False
Q9M9V7	Arabidopsis	Plants	587	True
Q9M9V9	Arabidopsis	Plants	156	False
Q9MV14	Citrus	Plants	329	False
Q9N359	Caenorhabditis	Metazoa	412	False
Q9N425	Caenorhabditis	Metazoa	501	False
Q9NI62	Dictyostelium	Other	156	False
Q9NP92	Homo	Metazoa	439	False
Q9NQN1	Homo	Metazoa	319	True
Q9NR77	Homo	Metazoa	195	True
Q9NS25	Homo	Metazoa	103	False
Q9NS26	Homo	Metazoa	97	False
Q9NSD7	Homo	Metazoa	469	True
Q9NTI7	Homo	Metazoa	297	False
Q9NTK1	Homo	Metazoa	212	False
Q9NTU4	Homo	Metazoa	200	False
Q9NTZ6	Homo	Metazoa	932	False
Q9NUQ6	Homo	Metazoa	558	False
Q9NUV9	Homo	Metazoa	329	False
Q9NVS2	Homo	Metazoa	196	False
Q9NVU7	Homo	Metazoa	687	False
Q9NWW0	Homo	Metazoa	138	False
Q9NX20	Homo	Metazoa	251	False
Q9NXF7	Homo	Metazoa	216	False
Q9NYJ1	Homo	Metazoa	87	False
Q9P015	Homo	Metazoa	296	False
Q9P0J6	Homo	Metazoa	103	False
Q9P0M9	Homo	Metazoa	148	False
Q9P2G3	Homo	Metazoa	628	False
Q9P2N5	Homo	Metazoa	1060	False
Q9P305	Saccharomyces cerevisiae	Fungi	131	False
Q9P6I7	Schizosaccharomyces pombe	Fungi	367	False
Q9P6M0	Schizosaccharomyces pombe	Fungi	419	False
Q9P6M3	Schizosaccharomyces pombe	Fungi	210	False
Q9P6N2	Schizosaccharomyces pombe	Fungi	229	False
Q9P6R0	Schizosaccharomyces pombe	Fungi	492	False
Q9P790	Schizosaccharomyces pombe	Fungi	316	False
Q9P794	Schizosaccharomyces pombe	Fungi	182	False
Q9P797	Schizosaccharomyces pombe	Fungi	1142	False
Q9P7B8	Schizosaccharomyces pombe	Fungi	399	False
Q9P7C9	Schizosaccharomyces pombe	Fungi	304	False
Q9P7H0	Schizosaccharomyces pombe	Fungi	154	False
Q9P7J2	Schizosaccharomyces pombe	Fungi	203	False
Q9P7K5	Schizosaccharomyces pombe	Fungi	1098	False
Q9P7M1	Schizosaccharomyces pombe	Fungi	491	False
Q9P7N4	Schizosaccharomyces pombe	Fungi	315	False
Q9P7S3	Schizosaccharomyces pombe	Fungi	425	False
Q9P7S6	Schizosaccharomyces pombe	Fungi	274	False
Q9P7S9	Schizosaccharomyces pombe	Fungi	194	False
Q9P7V3	Schizosaccharomyces pombe	Fungi	220	False
Q9P7W8	Schizosaccharomyces pombe	Fungi	780	False
Q9P7X2	Schizosaccharomyces pombe	Fungi	533	False
Q9P7Y0	Schizosaccharomyces pombe	Fungi	395	False
Q9P805	Schizosaccharomyces pombe	Fungi	127	False
Q9PTD5	Gallus	Metazoa	335	False
Q9QXA5	Mus	Metazoa	137	False
Q9QYK9	Mus	Metazoa	343	False
Q9QZA0	Mus	Metazoa	317	False
Q9QZV9	Mus	Metazoa	140	False
Q9R0L4	Rattus	Metazoa	1273	False
Q9R0Q2	Rattus	Metazoa	351	True
Q9R1A0	Rattus	Metazoa	323	False
Q9S758	Arabidopsis	Plants	181	False
Q9S7A9	Arabidopsis	Plants	174	False
Q9S7B2	Zea	Plants	370	False
Q9S7D8	Arabidopsis	Plants	469	False
Q9S7G6	Arabidopsis	Plants	991	False
Q9S7R7	Arabidopsis	Plants	460	False
Q9S7W1	Arabidopsis	Plants	276	False
Q9S9K9	Arabidopsis	Plants	257	False
Q9SAR1	Oryza sativa	Plants	248	False
Q9SB31	Arabidopsis	Plants	404	False
Q9SCN8	Arabidopsis	Plants	815	False
Q9SCR0	Arabidopsis	Plants	542	False
Q9SCX9	Arabidopsis	Plants	400	False
Q9SEH3	Arabidopsis	Plants	202	False
Q9SGD6	Arabidopsis	Plants	413	False
Q9SHE8	Arabidopsis	Plants	221	False
Q9SHJ6	Arabidopsis	Plants	323	False
Q9SHS7	Arabidopsis	Plants	1006	False
Q9SII9	Arabidopsis	Plants	538	False
Q9SIJ0	Arabidopsis	Plants	270	False
Q9SJ12	Arabidopsis	Plants	240	False
Q9SJH7	Arabidopsis	Plants	509	False
Q9SJM4	Arabidopsis	Plants	414	False
Q9SK71	Arabidopsis	Plants	430	False
Q9SKB6	Arabidopsis	Plants	350	False
Q9SKX9	Arabidopsis	Plants	71	True
Q9SKZ1	Arabidopsis	Plants	296	False
Q9SKZ5	Arabidopsis	Plants	560	False
Q9SL94	Arabidopsis	Plants	324	False
Q9SM57	Lathyrus	Plants	177	True
Q9SMH4	Chlamydomonas	Plants	410	False
Q9SMJ3	Capsicum	Plants	588	False
Q9SMR4	Arabidopsis	Plants	214	False
Q9SNC0	Arabidopsis	Plants	182	False
Q9SNX8	Apium	Plants	496	False
Q9SQH9	Arabidopsis	Plants	498	True
Q9SQK3	Arabidopsis	Plants	315	False
Q9SQR2	Arabidopsis	Plants	272	False
Q9SQR5	Arabidopsis	Plants	554	False
Q9SR13	Arabidopsis	Plants	577	False
Q9SR43	Arabidopsis	Plants	329	False
Q9SRH6	Arabidopsis	Plants	285	False
Q9SRH9	Arabidopsis	Plants	1372	False
Q9SRL4	Arabidopsis	Plants	701	False
Q9SRN4	Arabidopsis	Plants	117	False
Q9SRY4	Arabidopsis	Plants	453	False
Q9SSW0	Arabidopsis	Plants	193	False
Q9ST62	Solanum	Plants	577	False
Q9ST63	Solanum	Plants	495	False
Q9ST69	Spinacia	Plants	308	False
Q9STL9	Arabidopsis	Plants	633	False
Q9SU25	Arabidopsis	Plants	649	False
Q9SU71	Arabidopsis	Plants	629	False
Q9SUE3	Arabidopsis	Plants	335	False
Q9SVC4	Arabidopsis	Plants	64	True
Q9SW27	Arabidopsis	Plants	118	False
Q9SY69	Arabidopsis	Plants	913	False
Q9SY88	Arabidopsis	Plants	310	False
Q9SZL8	Arabidopsis	Plants	788	False
Q9T014	Arabidopsis	Plants	1036	False
Q9T6H8	Arabidopsis	Plants	382	True
Q9TYY7	Caenorhabditis	Metazoa	478	True
Q9U1N0	Camptochironomus	Metazoa	535	False
Q9U213	Caenorhabditis	Metazoa	425	False
Q9U263	Caenorhabditis	Metazoa	1645	False
Q9U5W9	melanogaster subgroup	Metazoa	167	False
Q9UHA3	Homo	Metazoa	163	False
Q9UJ42	Homo	Metazoa	338	True
Q9UNX4	Homo	Metazoa	943	False
Q9UPC5	Homo	Metazoa	381	True
Q9URQ5	Saccharomyces cerevisiae	Fungi	78	False
Q9URT8	Schizosaccharomyces pombe	Fungi	111	False
Q9URV9	Schizosaccharomyces pombe	Fungi	124	False
Q9URX7	Schizosaccharomyces pombe	Fungi	340	False
Q9US14	Schizosaccharomyces pombe	Fungi	268	False
Q9US22	Schizosaccharomyces pombe	Fungi	201	False
Q9US26	Schizosaccharomyces pombe	Fungi	351	False
Q9USH6	Schizosaccharomyces pombe	Fungi	190	False
Q9USJ8	Schizosaccharomyces pombe	Fungi	218	False
Q9USL4	Schizosaccharomyces pombe	Fungi	549	False
Q9USM1	Schizosaccharomyces pombe	Fungi	388	False
Q9USM4	Schizosaccharomyces pombe	Fungi	264	False
Q9USP8	Schizosaccharomyces pombe	Fungi	379	False
Q9USP9	Schizosaccharomyces pombe	Fungi	589	False
Q9USQ1	Schizosaccharomyces pombe	Fungi	960	False
Q9USQ4	Schizosaccharomyces pombe	Fungi	396	False
Q9UST7	Schizosaccharomyces pombe	Fungi	1339	False
Q9USU8	Schizosaccharomyces pombe	Fungi	551	False
Q9USW5	Schizosaccharomyces pombe	Fungi	262	False
Q9USW9	Schizosaccharomyces pombe	Fungi	244	False
Q9USX3	Schizosaccharomyces pombe	Fungi	406	False
Q9USX8	Schizosaccharomyces pombe	Fungi	237	False
Q9UT03	Schizosaccharomyces pombe	Fungi	677	False
Q9UT12	Schizosaccharomyces pombe	Fungi	225	False
Q9UT46	Schizosaccharomyces pombe	Fungi	508	False
Q9UT48	Schizosaccharomyces pombe	Fungi	357	False
Q9UT50	Schizosaccharomyces pombe	Fungi	485	False
Q9UT53	Schizosaccharomyces pombe	Fungi	368	False
Q9UT55	Schizosaccharomyces pombe	Fungi	438	False
Q9UT72	Schizosaccharomyces pombe	Fungi	205	False
Q9UT91	Schizosaccharomyces pombe	Fungi	211	True
Q9UTC6	Schizosaccharomyces pombe	Fungi	192	False
Q9UTH3	Schizosaccharomyces pombe	Fungi	775	False
Q9UTM0	Schizosaccharomyces pombe	Fungi	249	False
Q9UTP3	Schizosaccharomyces pombe	Fungi	59	False
Q9UTT2	Schizosaccharomyces pombe	Fungi	1206	False
Q9UU83	Schizosaccharomyces pombe	Fungi	425	False
Q9UUB5	Schizosaccharomyces pombe	Fungi	329	False
Q9UUC7	Schizosaccharomyces pombe	Fungi	366	False
Q9UUE4	Schizosaccharomyces pombe	Fungi	432	False
Q9UUG1	Schizosaccharomyces pombe	Fungi	317	False
Q9UUG8	Schizosaccharomyces pombe	Fungi	570	False
Q9UUI2	Schizosaccharomyces pombe	Fungi	165	False
Q9UUI3	Schizosaccharomyces pombe	Fungi	585	False
Q9UUI6	Schizosaccharomyces pombe	Fungi	466	False
Q9V3Y0	melanogaster subgroup	Metazoa	215	False
Q9V6B9	melanogaster subgroup	Metazoa	610	False
Q9VAM5	melanogaster subgroup	Metazoa	872	False
Q9VB74	melanogaster subgroup	Metazoa	463	False
Q9VCP1	melanogaster subgroup	Metazoa	424	False
Q9VDV3	melanogaster subgroup	Metazoa	546	False
Q9VE04	melanogaster subgroup	Metazoa	107	False
Q9VEB4	melanogaster subgroup	Metazoa	560	False
Q9VEC3	melanogaster subgroup	Metazoa	648	False
Q9VGE2	melanogaster subgroup	Metazoa	384	False
Q9VHI4	melanogaster subgroup	Metazoa	85	False
Q9VHY5	melanogaster subgroup	Metazoa	479	False
Q9VIV2	melanogaster subgroup	Metazoa	1062	False
Q9VKC9	melanogaster subgroup	Metazoa	496	True
Q9VKY1	melanogaster subgroup	Metazoa	268	False
Q9VL25	melanogaster subgroup	Metazoa	694	False
Q9VLN1	melanogaster subgroup	Metazoa	317	False
Q9VM71	melanogaster subgroup	Metazoa	908	False
Q9VNA8	melanogaster subgroup	Metazoa	568	False
Q9VPH8	melanogaster subgroup	Metazoa	489	False
Q9VPT8	melanogaster subgroup	Metazoa	296	False
Q9VPY0	melanogaster subgroup	Metazoa	587	False
Q9VRN3	melanogaster subgroup	Metazoa	225	False
Q9VSK8	melanogaster subgroup	Metazoa	597	False
Q9VSM6	melanogaster subgroup	Metazoa	555	False
Q9VU86	melanogaster subgroup	Metazoa	1873	False
Q9VW87	melanogaster subgroup	Metazoa	162	True
Q9VWY6	melanogaster subgroup	Metazoa	328	False
Q9VX09	melanogaster subgroup	Metazoa	607	False
Q9VYQ0	melanogaster subgroup	Metazoa	172	False
Q9VYS5	melanogaster subgroup	Metazoa	334	False
Q9VYY4	melanogaster subgroup	Metazoa	574	True
Q9VZL5	melanogaster subgroup	Metazoa	485	False
Q9VZM7	melanogaster subgroup	Metazoa	631	False
Q9VZU4	melanogaster subgroup	Metazoa	265	False
Q9W0I5	melanogaster subgroup	Metazoa	251	False
Q9W0M7	melanogaster subgroup	Metazoa	1227	False
Q9W1R4	melanogaster subgroup	Metazoa	1395	False
Q9W1V7	melanogaster subgroup	Metazoa	452	False
Q9W352	melanogaster subgroup	Metazoa	663	False
Q9W3T5	melanogaster subgroup	Metazoa	79	True
Q9W603	Xenopus	Metazoa	1035	False
Q9W701	Xenopus	Metazoa	689	True
Q9WTJ4	Mus	Metazoa	500	False
Q9WTQ8	Mus	Metazoa	209	True
Q9WTX7	Mus	Metazoa	284	False
Q9WUB9	Mesocricetus	Metazoa	483	True
Q9XE58	Arabidopsis	Plants	769	False
Q9XFH9	Arabidopsis	Plants	185	False
Q9XH37	Oryza sativa	Plants	277	False
Q9XI36	Arabidopsis	Plants	384	False
Q9XIB5	Arabidopsis	Plants	226	False
Q9XID5	Arabidopsis	Plants	657	False
Q9XIK0	Arabidopsis	Plants	179	False
Q9XUK2	Caenorhabditis	Metazoa	307	False
Q9XVS7	Caenorhabditis	Metazoa	609	False
Q9XWL9	Caenorhabditis	Metazoa	895	False
Q9Y113	melanogaster subgroup	Metazoa	594	False
Q9Y2Q9	Homo	Metazoa	187	False
Q9Y2R5	Homo	Metazoa	130	False
Q9Y2R9	Homo	Metazoa	242	False
Q9Y2T5	Homo	Metazoa	361	True
Q9Y3D3	Homo	Metazoa	137	False
Q9Y3D5	Homo	Metazoa	142	False
Q9Y3D9	Homo	Metazoa	190	False
Q9Y3E1	Homo	Metazoa	203	False
Q9Y585	Homo	Metazoa	309	True
Q9Y5P1	Homo	Metazoa	312	True
Q9Y6G3	Homo	Metazoa	142	False
Q9Y7J1	Schizosaccharomyces pombe	Fungi	474	False
Q9Y7X8	Schizosaccharomyces pombe	Fungi	721	False
Q9Y7Y5	Schizosaccharomyces pombe	Fungi	369	False
Q9Y7Y6	Schizosaccharomyces pombe	Fungi	291	False
Q9Y808	Schizosaccharomyces pombe	Fungi	1063	False
Q9YGY3	Xenopus	Metazoa	330	False
Q9YHZ6	Xenopus	Metazoa	567	False
Q9YNA8	Homo	Metazoa	666	False
Q9Z0W3	Mus	Metazoa	1402	False
Q9Z1P6	Mus	Metazoa	113	False
Q9Z1X9	Mus	Metazoa	566	False
Q9Z2H2	Mus	Metazoa	472	False
Q9Z2N6	Rattus	Metazoa	79	False
Q9Z2Q2	Mus	Metazoa	478	False
Q9ZNT7	Arabidopsis	Plants	286	True
Q9ZP27	Avena	Plants	578	False
Q9ZPQ3	Arabidopsis	Plants	317	False
Q9ZPV5	Arabidopsis	Plants	764	False
Q9ZQC5	Arabidopsis	Plants	583	False
Q9ZQH0	Arabidopsis	Plants	232	False
Q9ZQZ6	Arabidopsis	Plants	263	False
Q9ZT91	Arabidopsis	Plants	454	False
Q9ZTX9	Arabidopsis	Plants	788	False
Q9ZU32	Arabidopsis	Plants	348	False
Q9ZUL5	Arabidopsis	Plants	763	False
Q9ZUR7	Arabidopsis	Plants	468	False
Q9ZUT3	Arabidopsis	Plants	273	True
Q9ZV06	Arabidopsis	Plants	236	False
Q9ZVA7	Arabidopsis	Plants	468	False
Q9ZVL6	Arabidopsis	Plants	285	False
Q9ZVP8	Arabidopsis	Plants	414	False
Q9ZVU5	Arabidopsis	Plants	411	False
Q9ZVZ9	Arabidopsis	Plants	199	False
Q9ZW34	Arabidopsis	Plants	475	False
Q9ZW82	Arabidopsis	Plants	321	False
Q9ZWA1	Arabidopsis	Plants	393	False
Q9ZWS6	Arabidopsis	Plants	186	False
R4X244	Tulipa	Plants	374	False
S0DHV6	Fusarium fujikuroi	Fungi	530	False
S0DQI7	Fusarium fujikuroi	Fungi	316	False
S4TF94	Humulus	Plants	527	False
S8ESV1	Toxoplasma gondii	Other	325	False
S8EXD2	Toxoplasma gondii	Other	463	False
S8EXU2	Toxoplasma gondii	Other	1130	False
S8F0G9	Toxoplasma gondii	Other	920	False
S8GBB9	Toxoplasma gondii	Other	500	True
U3H042	Schizosaccharomyces pombe	Fungi	264	False
U4PCM1	Caenorhabditis	Metazoa	809	False
U9W802	Neurospora crassa	Fungi	307	False
V5IM94	Neurospora crassa	Fungi	141	False
V5IRD7	Neurospora crassa	Fungi	136	True
W0RYD3	Oryza sativa	Plants	2135	False
W0SKS3	Petroselinum	Plants	400	False
W7MAT5	Gibberella moniliformis	Fungi	574	True
A0A0D1CRC9	Mycosarcoma	Fungi	534	False
A0A0D1CRD0	Mycosarcoma	Fungi	550	False
A0A0D1DMJ6	Mycosarcoma	Fungi	757	False
A0A0D1E6B3	Mycosarcoma	Fungi	435	True
A0A0K2GUJ4	Dermatophagoides	Metazoa	118	False
A0A0P0XB70	Oryza sativa	Plants	158	False
A0A0R0IHP4	Glycine subgen. Soja	Plants	248	False
A0A0U2X0E4	Mycosarcoma	Fungi	443	False
A0A0U4CDK4	Salvia incertae sedis	Plants	806	False
A0A120KVW2	Trypanosoma brucei	Other	1136	False
A0A125S9M5	Hypsibius	Metazoa	614	False
A0A125YYB5	Toxoplasma gondii	Other	509	False
A0A143ZXM2	Plasmodium falciparum	Other	2074	False
A0A166B1A6	Daucus carota	Plants	1119	False
A0A1B0GUW7	Homo	Metazoa	55	True
A0A1P8B0B7	Arabidopsis	Plants	597	False
A0A1P8BH03	Arabidopsis	Plants	404	False
A0A1U8IPT1	Gossypium	Plants	576	False
A0A2H1A5W4	Candidozyma	Fungi	679	False
A0A2I0BUK1	Plasmodium falciparum	Other	893	False
A0A2Z4LIS9	Homo	Metazoa	290	False
A0A3B3IS91	Homo	Metazoa	260	False
A0A3Q1LSX9	Bos	Metazoa	1095	False
A0A455ZAR2	Homo	Metazoa	87	False
A0A509AER3	Plasmodium berghei	Other	247	False
A0A509AFM3	Plasmodium berghei	Other	304	True
A0A509AG11	Plasmodium berghei	Other	124	False
A0A509AKT6	Plasmodium berghei	Other	455	True
A0A509AN56	Plasmodium berghei	Other	365	False
A0A509AQJ1	Plasmodium berghei	Other	1340	False
A0A509ARF0	Plasmodium berghei	Other	403	False
A0A5K1K8Y8	Plasmodium falciparum	Other	372	False
A0A7G5KLV3	Cananga	Plants	586	False
A0A7U2QXY7	Aspergillus flavus	Fungi	438	False
A0A8I5ZT12	Rattus	Metazoa	1484	False
A0A8I6ASZ5	Rattus	Metazoa	666	False
A0T0M9	Thalassiosira	Other	733	True
A1DPK7	Xenopus	Metazoa	178	False
A2A8T7	Mus	Metazoa	201	True
A4FUC0	Bos	Metazoa	423	False
A6NKK0	Homo	Metazoa	313	True
A6QPQ5	Bos	Metazoa	325	False
A7UWX2	Neurospora crassa	Fungi	470	False
A8IEF3	Chlamydomonas	Plants	345	False
A8NN94	Bos	Metazoa	96	False
A8XJ98	Caenorhabditis	Metazoa	432	False
A9ZSY2	Apis mellifera	Metazoa	502	True
A9ZSY3	Bombyx	Metazoa	505	True
B1AUS7	Mus	Metazoa	101	False
B2CW77	Homo	Metazoa	178	False
B2RZD2	Rattus	Metazoa	229	True
B6HJ92	Penicillium rubens	Fungi	552	False
B6HQ74	Penicillium rubens	Fungi	390	False
B6HQN4	Penicillium rubens	Fungi	268	False
B6HU70	Penicillium rubens	Fungi	361	False
B8B0E2	Oryza sativa	Plants	1246	False
C0HLF1	Dictyostelium	Other	154	False
C0HLN0	Rattus	Metazoa	54	True
C0HM83	Homo	Metazoa	58	False
C0HME5	Homo	Metazoa	99	False
C4QM85	Schistosoma	Metazoa	419	True
C4QWS8	Komagataella phaffii	Fungi	363	False
C4QY68	Komagataella phaffii	Fungi	713	False
C6EUD4	Fasciola	Metazoa	478	False
C6KSN4	Plasmodium falciparum	Other	2368	False
C8V329	Emericella nidulans	Fungi	508	True
C8VP82	Emericella nidulans	Fungi	339	False
D3ZXW3	Rattus	Metazoa	298	False
D4A3U0	Rattus	Metazoa	432	True
D4ACN8	Rattus	Metazoa	147	True
E5RP65	Humulus	Plants	411	False
E9BKM3	Leishmania donovani species complex	Other	373	False
E9EWQ4	Metarhizium robertsii	Fungi	1004	False
F2Z699	Yarrowia lipolytica	Fungi	582	False
F4IUJ7	Arabidopsis	Plants	527	False
F4IW10	Arabidopsis	Plants	754	False
F4J284	Arabidopsis	Plants	860	False
F4JHN2	Arabidopsis	Plants	534	False
F4JMV6	Arabidopsis	Plants	399	False
F4JWS8	Arabidopsis	Plants	122	False
F4K1B4	Arabidopsis	Plants	335	False
F4KBW6	Arabidopsis	Plants	1838	False
F5HIJ5	Neurospora crassa	Fungi	249	False
F7VJQ1	Homo	Metazoa	73	True
G2WVY3	Verticillium dahliae	Fungi	224	True
G3UYX5	Mus	Metazoa	1258	False
G5EBR8	Caenorhabditis	Metazoa	247	False
G5EDW1	Caenorhabditis	Metazoa	217	False
G5EGF8	Caenorhabditis	Metazoa	354	False
H9JBU5	Bombyx	Metazoa	157	True
I1CR68	Rhizopus delemar	Fungi	306	True
I1CS06	Rhizopus delemar	Fungi	317	True
I1M2G5	Glycine subgen. Soja	Plants	534	False
I1SSI5	Petunia	Plants	708	False
I1SSI6	Petunia	Plants	723	False
I3W9F6	Rhizophagus	Fungi	276	True
J4UQC2	Beauveria bassiana	Fungi	682	False
J7M799	Ramazzottius	Metazoa	237	False
J9VJ62	Cryptococcus neoformans	Fungi	359	False
J9VQC4	Cryptococcus neoformans	Fungi	366	True
J9VUG5	Cryptococcus neoformans	Fungi	684	False
K4PW38	Oryza sativa	Plants	458	False
K7WCI9	Solanum subgen. Lycopersicon	Plants	290	False
K9NVA6	unclassified Hematodinium	Other	132	False
L0R6Q1	Homo	Metazoa	103	True
M0R3Q7	Rattus	Metazoa	905	False
M0RAU5	Rattus	Metazoa	489	False
M9RZ95	Dermatophagoides	Metazoa	118	False
O00398	Homo	Metazoa	339	True
O00934	Toxoplasma	Other	831	False
O01670	Lymnaea	Metazoa	578	True
O02351	Antheraea	Metazoa	525	True
O02751	Bos	Metazoa	592	False
O04104	Glycine subgen. Soja	Plants	309	False
O04249	Arabidopsis	Plants	513	True
O04259	Arabidopsis	Plants	214	False
O04469	Arabidopsis	Plants	240	False
O13046	Xenopus	Metazoa	1127	False
O13610	Schizosaccharomyces pombe	Fungi	192	False
O13744	Schizosaccharomyces pombe	Fungi	259	False
O13855	Schizosaccharomyces pombe	Fungi	455	False
O13895	Schizosaccharomyces pombe	Fungi	377	False
O13900	Schizosaccharomyces pombe	Fungi	481	False
O13965	Schizosaccharomyces pombe	Fungi	730	False
O13992	Schizosaccharomyces pombe	Fungi	965	False
O13998	Schizosaccharomyces pombe	Fungi	392	False
O14006	Schizosaccharomyces pombe	Fungi	272	False
O14013	Schizosaccharomyces pombe	Fungi	556	False
O14095	Schizosaccharomyces pombe	Fungi	279	False
O14131	Schizosaccharomyces pombe	Fungi	442	False
O14146	Schizosaccharomyces pombe	Fungi	159	False
O14210	Schizosaccharomyces pombe	Fungi	295	False
O14224	Schizosaccharomyces pombe	Fungi	205	False
O14236	Schizosaccharomyces pombe	Fungi	537	False
O14277	Schizosaccharomyces pombe	Fungi	203	False
O14279	Schizosaccharomyces pombe	Fungi	154	False
O14311	Schizosaccharomyces pombe	Fungi	307	False
O14325	Schizosaccharomyces pombe	Fungi	779	False
O14336	Schizosaccharomyces pombe	Fungi	461	False
O14338	Schizosaccharomyces pombe	Fungi	891	False
O14362	Schizosaccharomyces pombe	Fungi	504	False
O14388	Schizosaccharomyces pombe	Fungi	136	False
O14423	Schizosaccharomyces pombe	Fungi	514	False
O14581	Homo	Metazoa	309	True
O22224	Arabidopsis	Plants	861	False
O22802	Arabidopsis	Plants	97	True
O23207	Arabidopsis	Plants	273	False
O23210	Arabidopsis	Plants	486	False
O23875	Oryza sativa	Plants	183	False
O23945	Fragaria	Plants	556	False
O24367	Spirodela	Plants	1441	False
O24463	Zea	Plants	328	False
O35368	Mus	Metazoa	408	False
O36005	Griffithsia	Other	164	False
O42648	Schizosaccharomyces pombe	Fungi	341	False
O42662	Schizosaccharomyces pombe	Fungi	385	False
O42804	Circumdati	Fungi	945	False
O42898	Schizosaccharomyces pombe	Fungi	266	False
O42924	Schizosaccharomyces pombe	Fungi	272	False
O42975	Schizosaccharomyces pombe	Fungi	972	False
O43030	Schizosaccharomyces pombe	Fungi	287	False
O43031	Schizosaccharomyces pombe	Fungi	381	False
O43082	Schizosaccharomyces pombe	Fungi	233	False
O43083	Schizosaccharomyces pombe	Fungi	338	False
O43325	Homo	Metazoa	122	False
O44616	Caenorhabditis	Metazoa	516	True
O49290	Arabidopsis	Plants	339	False
O49460	Arabidopsis	Plants	288	True
O49621	Arabidopsis	Plants	526	True
O49931	Lathyrus	Plants	553	False
O49939	Spinacia	Plants	449	False
O59678	Schizosaccharomyces pombe	Fungi	166	False
O59746	Schizosaccharomyces pombe	Fungi	819	False
O59770	Schizosaccharomyces pombe	Fungi	253	False
O59804	Schizosaccharomyces pombe	Fungi	104	False
O60104	Schizosaccharomyces pombe	Fungi	376	False
O60127	Schizosaccharomyces pombe	Fungi	126	False
O60141	Schizosaccharomyces pombe	Fungi	299	False
O60150	Schizosaccharomyces pombe	Fungi	361	False
O60287	Homo	Metazoa	2271	False
O61016	Crithidia	Other	151	False
O63075	Chlamydomonas	Plants	238	True
O64759	Arabidopsis	Plants	569	True
O65271	Arabidopsis	Plants	360	False
O65435	Arabidopsis	Plants	600	False
O70422	Mus	Metazoa	463	False
O74329	Schizosaccharomyces pombe	Fungi	56	False
O74350	Schizosaccharomyces pombe	Fungi	299	False
O74359	Schizosaccharomyces pombe	Fungi	663	False
O74362	Schizosaccharomyces pombe	Fungi	334	False
O74381	Schizosaccharomyces pombe	Fungi	467	False
O74417	Schizosaccharomyces pombe	Fungi	497	False
O74418	Schizosaccharomyces pombe	Fungi	244	False
O74461	Schizosaccharomyces pombe	Fungi	235	False
O74478	Schizosaccharomyces pombe	Fungi	587	False
O74485	Schizosaccharomyces pombe	Fungi	581	False
O74517	Schizosaccharomyces pombe	Fungi	278	False
O74535	Schizosaccharomyces pombe	Fungi	710	False
O74740	Schizosaccharomyces pombe	Fungi	797	False
O74778	Schizosaccharomyces pombe	Fungi	284	False
O74783	Schizosaccharomyces pombe	Fungi	463	False
O74828	Schizosaccharomyces pombe	Fungi	682	False
O74835	Schizosaccharomyces pombe	Fungi	1690	False
O74879	Schizosaccharomyces pombe	Fungi	634	False
O74889	Schizosaccharomyces pombe	Fungi	1024	False
O74905	Schizosaccharomyces pombe	Fungi	189	False
O74934	Yarrowia lipolytica	Fungi	689	False
O74942	Schizosaccharomyces pombe	Fungi	610	False
O74975	Schizosaccharomyces pombe	Fungi	362	False
O74988	Schizosaccharomyces pombe	Fungi	186	False
O77408	Lymnaea	Metazoa	638	True
O77480	Bos	Metazoa	390	False
O77512	Bos	Metazoa	295	False
O78751	Ovis	Metazoa	66	True
O78752	Ovis	Metazoa	226	True
O81191	Salvia subgen. Salvia	Plants	591	False
O81193	Salvia subgen. Salvia	Plants	590	False
O82210	Arabidopsis	Plants	366	False
O82286	Arabidopsis	Plants	226	False
O88892	Mus	Metazoa	62	False
O93956	Emericella nidulans	Fungi	549	True
O94225	Penicillium rubens	Fungi	474	False
O94238	Schizosaccharomyces pombe	Fungi	134	False
O94259	Schizosaccharomyces pombe	Fungi	327	False
O94288	Schizosaccharomyces pombe	Fungi	747	False
O94301	Schizosaccharomyces pombe	Fungi	339	False
O94311	Schizosaccharomyces pombe	Fungi	180	False
O94355	Schizosaccharomyces pombe	Fungi	240	False
O94411	Schizosaccharomyces pombe	Fungi	509	False
O94417	Schizosaccharomyces pombe	Fungi	301	False
O94418	Schizosaccharomyces pombe	Fungi	851	False
O94450	Schizosaccharomyces pombe	Fungi	501	False
O94473	Schizosaccharomyces pombe	Fungi	256	True
O94478	Schizosaccharomyces pombe	Fungi	420	False
O94519	Schizosaccharomyces pombe	Fungi	311	False
O94585	Schizosaccharomyces pombe	Fungi	187	False
O94606	Schizosaccharomyces pombe	Fungi	473	False
O94617	Schizosaccharomyces pombe	Fungi	475	False
O94621	Schizosaccharomyces pombe	Fungi	365	False
O94664	Schizosaccharomyces pombe	Fungi	234	False
O94670	Schizosaccharomyces pombe	Fungi	273	False
O94704	Schizosaccharomyces pombe	Fungi	168	False
O95221	Homo	Metazoa	314	True
O96161	Plasmodium falciparum	Other	160	False
O97297	Plasmodium falciparum	Other	404	False
O99019	Solanum	Plants	326	False
P00024	Aquarana	Metazoa	105	False
P00029	Asterias	Metazoa	104	False
P00030	Eisenia	Metazoa	108	False
P00032	Cornu	Metazoa	104	False
P00035	Haematobia	Metazoa	108	False
P00036	Lucilia	Metazoa	108	False
P00037	Samia	Metazoa	108	False
P00038	Apis	Metazoa	108	False
P00039	Manduca	Metazoa	108	False
P00040	Schistocerca	Metazoa	108	False
P00041	Pichia	Fungi	109	False
P00042	Wickerhamomyces	Fungi	109	False
P00047	Thermomyces	Fungi	111	False
P00049	Ustilago	Fungi	107	False
P00052	Vigna radiata	Plants	111	False
P00053	Cannabis	Plants	111	False
P00054	Sesamum	Plants	111	False
P00056	Zea	Plants	111	False
P00057	Ricinus	Plants	111	False
P00058	Gossypium	Plants	111	False
P00059	Abutilon	Plants	111	False
P00060	Solanum subgen. Lycopersicon	Plants	111	False
P00062	Sambucus	Plants	111	False
P00063	Acer	Plants	112	False
P00065	Arum	Plants	111	False
P00066	Nigella	Plants	111	False
P00067	Tropaeolum	Plants	111	False
P00069	Guizotia	Plants	111	False
P00071	Pastinaca	Plants	111	False
P00072	Fagopyrum	Plants	111	False
P00073	Spinacia	Plants	111	False
P00074	Ginkgo	Plants	113	False
P00075	Ulva	Plants	111	False
P00076	Euglena	Other	102	False
P00079	Tetrahymena	Other	109	False
P00108	Petalonia	Other	85	False
P00109	Alaria	Other	86	False
P00110	Bumilleriopsis	Other	86	False
P00119	Euglena	Other	87	False
P00223	Arctium	Plants	97	False
P00224	Spinacia	Plants	97	False
P00225	Leucaena	Plants	96	False
P00226	Sambucus	Plants	97	False
P00228	Triticum	Plants	143	False
P00229	Phytolacca	Plants	96	False
P00230	Phytolacca	Plants	96	False
P00231	Phytolacca	Plants	98	False
P00232	Phytolacca	Plants	98	False
P00234	Equisetum	Plants	95	False
P00235	Equisetum	Plants	95	False
P00236	Equisetum	Plants	93	False
P00237	Equisetum	Plants	93	False
P00239	Dunaliella	Plants	95	False
P00240	Dunaliella	Plants	95	False
P00241	Cyanidium	Other	98	False
P00242	Porphyra	Other	98	False
P00287	Phaseolus	Plants	99	False
P00289	Spinacia	Plants	168	False
P00299	Populus	Plants	168	False
P00306	Galdieria	Other	162	False
P00314	Galdieria	Other	161	False
P00319	Galdieria	Other	161	False
P00848	Mus	Metazoa	226	True
P02254	Salmo	Metazoa	194	False
P02256	Parechinus	Metazoa	248	False
P02258	Anser anser	Metazoa	193	False
P02314	Gallus	Metazoa	90	False
P02316	Bos	Metazoa	101	False
P02902	Hordeum	Plants	149	False
P02991	Euglena	Other	409	False
P03874	Saccharomyces cerevisiae	Fungi	630	False
P03930	Mus	Metazoa	67	True
P04160	Spinacia	Plants	508	True
P05504	Rattus	Metazoa	226	True
P06180	Xenopus	Metazoa	590	False
P06267	Marchantia	Plants	289	False
P06269	Nicotiana	Plants	337	False
P06271	Nicotiana	Plants	1070	False
P06414	Marchantia	Plants	473	True
P06451	Spinacia	Plants	247	True
P06505	Spinacia	Plants	335	False
P06506	Spinacia	Plants	138	False
P06511	Spinacia	Plants	750	True
P06512	Spinacia	Plants	734	True
P06809	Neurospora crassa	Fungi	186	False
P06894	Platynereis	Metazoa	121	False
P06895	Platynereis	Metazoa	119	False
P06906	Pan	Metazoa	171	False
P07030	Silene latifolia	Plants	165	False
P07236	Saccharomyces cerevisiae	Fungi	462	False
P07390	Saccharomyces cerevisiae	Fungi	489	False
P07465	Ulva	Plants	98	False
P08212	Lathyrus	Plants	81	True
P08242	Spinacia	Plants	236	False
P08433	Scyliorhinus	Metazoa	51	False
P08468	Saccharomyces cerevisiae	Fungi	800	False
P08529	Zea	Plants	123	False
P08580	Neurospora crassa	Fungi	107	False
P08657	Kluyveromyces lactis	Fungi	865	False
P08659	Photinus	Metazoa	550	False
P08817	Hordeum	Plants	129	False
P08926	Lathyrus	Plants	587	False
P08927	Lathyrus	Plants	595	False
P09007	Saccharomyces cerevisiae	Fungi	221	False
P09562	Zea	Plants	339	False
P09596	Spinacia	Plants	121	False
P09597	Spinacia	Plants	134	False
P09932	Saccharomyces cerevisiae	Fungi	586	False
P09974	Nicotiana	Plants	62	True
P0C2B6	Bos	Metazoa	128	False
P0C2B7	Bos	Metazoa	124	False
P0C2B8	Bos	Metazoa	126	False
P0C2B9	Rattus	Metazoa	141	False
P0C2C0	Rattus	Metazoa	206	False
P0C2C1	Rattus	Metazoa	160	False
P0C2C4	Rattus	Metazoa	263	False
P0CC03	Mus	Metazoa	303	False
P0CG12	Homo	Metazoa	524	False
P0CT58	Schizosaccharomyces pombe	Fungi	130	False
P0CT60	Schizosaccharomyces pombe	Fungi	139	False
P0CT61	Schizosaccharomyces pombe	Fungi	139	False
P0CT67	Schizosaccharomyces pombe	Fungi	152	False
P0CT73	Schizosaccharomyces pombe	Fungi	152	False
P0CU09	Schizosaccharomyces pombe	Fungi	235	False
P0CV96	Fragaria	Plants	580	False
P0CY10	Saccharomyces	Fungi	126	False
P0CY11	Saccharomyces cerevisiae	Fungi	126	False
P0DH90	Arabidopsis	Plants	609	False
P0DKL0	Arabidopsis	Plants	301	False
P0DMU9	Homo	Metazoa	189	False
P0DOW4	Ramazzottius	Metazoa	445	False
P0DPG2	Trypanosoma brucei	Other	182	False
P0DPG3	Trypanosoma brucei	Other	75	False
P0DPG4	Trypanosoma brucei	Other	188	False
P0DW10	Neurospora	Fungi	244	False
P0DXC1	Homo	Metazoa	130	False
P0DYC3	unclassified Talaromyces	Fungi	665	False
P10119	Oryctolagus	Metazoa	50	False
P10663	Saccharomyces cerevisiae	Fungi	115	False
P10804	Secale	Plants	473	True
P10871	Spinacia	Plants	472	False
P11115	Neurospora crassa	Fungi	270	False
P11141	Caenorhabditis	Metazoa	657	False
P11402	Spinacia	Plants	257	False
P11638	Neurospora crassa	Fungi	816	False
P11703	Spinacia	Plants	1070	False
P11829	Arabidopsis	Plants	137	False
P11860	Mytilus	Metazoa	45	False
P11869	Spinacia	Plants	404	False
P11970	Populus	Plants	168	False
P12301	Spinacia	Plants	232	False
P12302	Spinacia	Plants	267	False
P12305	Tetrahymena	Other	165	False
P12329	Zea	Plants	262	False
P12353	Spinacia	Plants	212	False
P12354	Spinacia	Plants	125	False
P12355	Spinacia	Plants	231	False
P12356	Chlamydomonas	Plants	227	False
P12831	Boettcherisca	Metazoa	108	False
P12959	Zea	Plants	453	False
P13106	Bumilleriopsis	Other	98	False
P13192	Hordeum	Plants	235	False
P13377	Trypanosoma brucei	Other	607	False
P13446	Euglena	Other	480	False
P13618	Sus	Metazoa	76	False
P13653	Hordeum	Plants	388	False
P14149	Chlamydomonas	Plants	133	False
P14226	Lathyrus	Plants	329	False
P14232	Nicotiana	Plants	359	False
P14831	Solanum subgen. Lycopersicon	Plants	217	False
P14905	Saccharomyces cerevisiae	Fungi	389	False
P14936	Raphanus	Plants	98	False
P14937	Raphanus	Plants	98	False
P14938	Raphanus	Plants	96	False
P15325	Emericella nidulans	Fungi	533	True
P15512	Tetrahymena	Other	136	False
P15543	Hordeum	Plants	132	False
P15771	Gallus	Metazoa	694	False
P15789	Cyanidium	Other	97	False
P15847	Laverania	Other	184	False
P16016	Spinacia	Plants	319	False
P16059	Lathyrus	Plants	259	False
P16096	Spinacia	Plants	394	False
P16373	Mus	Metazoa	653	False
P16547	Saccharomyces cerevisiae	Fungi	393	True
P17007	Cyanophora	Other	99	False
P17341	Petroselinum	Plants	97	False
P17558	Saccharomyces cerevisiae	Fungi	318	False
P17783	Citrullus	Plants	347	False
P17937	Schizosaccharomyces pombe	Fungi	249	False
P18068	Chlamydomonas	Plants	145	False
P18212	Nicotiana	Plants	265	False
P18492	Hordeum	Plants	469	False
P18496	Saccharomyces cerevisiae	Fungi	279	False
P18625	Gallus	Metazoa	323	False
P19173	Ipomoea	Plants	64	True
P19682	Nicotiana	Plants	276	False
P19683	Nicotiana	Plants	315	False
P19684	Nicotiana	Plants	324	False
P19956	Saccharomyces cerevisiae	Fungi	98	False
P21245	Ogataea/Candida clade	Fungi	423	True
P21360	Ogataea	Fungi	555	False
P21727	Lathyrus	Plants	402	False
P21976	Neurospora crassa	Fungi	183	False
P22342	Euglena	Other	102	False
P22343	Euglena	Other	87	False
P22647	Oncorhynchus	Metazoa	128	False
P22697	Neurospora crassa	Fungi	236	False
P22778	Ipomoea	Plants	244	False
P22974	Mytilus	Metazoa	148	False
P23180	Saccharomyces cerevisiae	Fungi	465	False
P23230	Chlamydomonas	Plants	160	True
P23235	Spinacia	Plants	130	False
P23326	Spinacia	Plants	159	False
P23500	Saccharomyces cerevisiae	Fungi	304	True
P23706	Antirrhinum	Plants	227	False
P24226	Brassica oleracea	Plants	469	False
P24391	Neurospora crassa	Fungi	349	False
P24499	Trypanosoma brucei	Other	229	True
P24641	Bufo	Metazoa	40	False
P24642	Bufo	Metazoa	40	False
P24919	Neurospora crassa	Fungi	273	False
P24929	Nicotiana	Plants	186	False
P25032	Triticum	Plants	354	False
P25188	Cavia	Metazoa	167	False
P25284	Neurospora crassa	Fungi	375	False
P25372	Saccharomyces cerevisiae	Fungi	127	False
P25420	Heliothis	Metazoa	569	False
P25457	Schizosaccharomyces pombe	Fungi	250	False
P25584	Saccharomyces cerevisiae	Fungi	144	True
P25642	Saccharomyces cerevisiae	Fungi	146	False
P26269	Ascaris	Metazoa	361	False
P26360	Ipomoea	Plants	326	False
P26568	Arabidopsis	Plants	274	False
P26956	Tetradesmus	Plants	145	False
P27202	Arabidopsis	Plants	140	False
P27736	Triticum	Plants	615	False
P28625	Saccharomyces cerevisiae	Fungi	365	False
P28778	Saccharomyces cerevisiae	Fungi	131	False
P28803	Spinacia	Plants	128	False
P28804	Spinacia	Plants	57	False
P28805	Spinacia	Plants	66	False
P28807	Spinacia	Plants	88	False
P29185	Zea	Plants	577	False
P29357	Spinacia	Plants	653	False
P30155	Nicotiana	Plants	179	False
P30183	Arabidopsis	Plants	428	False
P30706	Lathyrus	Plants	457	False
P30956	Nicotiana	Plants	151	False
P31275	Homo	Metazoa	282	False
P31853	Spinacia	Plants	222	True
P32063	Coriandrum	Plants	385	False
P32250	Gallus	Metazoa	308	True
P32388	Saccharomyces cerevisiae	Fungi	137	False
P32451	Saccharomyces cerevisiae	Fungi	375	False
P32453	Saccharomyces cerevisiae	Fungi	318	False
P32493	Saccharomyces cerevisiae	Fungi	518	False
P32902	Saccharomyces cerevisiae	Fungi	394	False
P33303	Saccharomyces cerevisiae	Fungi	322	True
P34231	Saccharomyces cerevisiae	Fungi	750	False
P34234	Saccharomyces cerevisiae	Fungi	306	False
P34250	Saccharomyces cerevisiae	Fungi	1132	False
P34474	Caenorhabditis	Metazoa	431	False
P34784	Aglaothamnion	Other	317	False
P34899	Lathyrus	Plants	518	False
P35178	Saccharomyces cerevisiae	Fungi	278	False
P35195	Saccharomyces cerevisiae	Fungi	104	False
P35356	Procambarus	Metazoa	376	True
P35735	Saccharomyces cerevisiae	Fungi	353	True
P36038	Saccharomyces cerevisiae	Fungi	271	False
P36069	Saccharomyces cerevisiae	Fungi	295	False
P36078	Saccharomyces cerevisiae	Fungi	116	False
P36141	Saccharomyces cerevisiae	Fungi	133	False
P36177	Euglena	Other	538	False
P36213	Hordeum	Plants	205	False
P36534	Saccharomyces cerevisiae	Fungi	297	False
P37207	Porphyridium	Other	162	False
P37224	Amaranthus	Plants	623	False
P37225	Solanum	Plants	601	False
P38081	Saccharomyces cerevisiae	Fungi	501	False
P38120	Saccharomyces cerevisiae	Fungi	278	False
P38172	Saccharomyces cerevisiae	Fungi	270	False
P38197	Saccharomyces cerevisiae	Fungi	257	False
P38216	Saccharomyces cerevisiae	Fungi	128	False
P38281	Saccharomyces cerevisiae	Fungi	316	False
P38325	Saccharomyces cerevisiae	Fungi	134	True
P38482	Chlamydomonas	Plants	574	False
P38702	Saccharomyces cerevisiae	Fungi	357	True
P38771	Saccharomyces cerevisiae	Fungi	230	False
P38790	Saccharomyces cerevisiae	Fungi	280	False
P38804	Saccharomyces cerevisiae	Fungi	111	False
P38809	Saccharomyces cerevisiae	Fungi	366	False
P38828	Saccharomyces cerevisiae	Fungi	187	False
P38848	Saccharomyces cerevisiae	Fungi	579	False
P38852	Saccharomyces cerevisiae	Fungi	340	False
P38858	Saccharomyces cerevisiae	Fungi	249	False
P38872	Saccharomyces cerevisiae	Fungi	237	False
P38884	Saccharomyces cerevisiae	Fungi	321	False
P38885	Saccharomyces cerevisiae	Fungi	310	False
P38969	Saccharomyces cerevisiae	Fungi	423	False
P39102	Saccharomyces cerevisiae	Fungi	459	False
P39525	Saccharomyces cerevisiae	Fungi	442	False
P39551	Saccharomyces cerevisiae	Fungi	298	False
P39682	Saccharomyces cerevisiae	Fungi	629	False
P39961	Saccharomyces cerevisiae	Fungi	794	False
P39965	Saccharomyces cerevisiae	Fungi	576	False
P39988	Saccharomyces cerevisiae	Fungi	312	False
P40002	Saccharomyces cerevisiae	Fungi	666	False
P40037	Saccharomyces cerevisiae	Fungi	129	False
P40041	Saccharomyces cerevisiae	Fungi	505	False
P40050	Saccharomyces cerevisiae	Fungi	688	False
P40060	Saccharomyces cerevisiae	Fungi	125	False
P40081	Saccharomyces cerevisiae	Fungi	178	False
P40156	Saccharomyces cerevisiae	Fungi	214	False
P40317	Saccharomyces cerevisiae	Fungi	901	False
P40342	Saccharomyces cerevisiae	Fungi	146	False
P40491	Saccharomyces cerevisiae	Fungi	155	False
P40496	Saccharomyces cerevisiae	Fungi	264	False
P40625	Tetrahymena	Other	99	False
P40626	Tetrahymena	Other	143	False
P40631	Tetrahymena thermophila	Other	633	False
P40757	Aquarana	Metazoa	484	False
P41758	Chlamydomonas	Plants	461	False
P42027	Brassica	Plants	215	False
P42114	Neurospora crassa	Fungi	124	False
P42116	Neurospora crassa	Fungi	186	True
P42117	Neurospora crassa	Fungi	82	True
P42696	Homo	Metazoa	430	False
P42834	Saccharomyces cerevisiae	Fungi	146	False
P42925	Mus	Metazoa	194	True
P42940	Saccharomyces cerevisiae	Fungi	261	False
P43266	Euglena	Other	100	True
P43309	Malus	Plants	593	False
P43557	Saccharomyces cerevisiae	Fungi	207	False
P46435	Schistosoma	Metazoa	259	False
P46483	Euglena	Other	338	False
P46818	Sinapis	Plants	1078	False
P46983	Saccharomyces cerevisiae	Fungi	293	False
P47007	Saccharomyces cerevisiae	Fungi	382	False
P47084	Saccharomyces cerevisiae	Fungi	519	False
P47085	Saccharomyces cerevisiae	Fungi	338	False
P47127	Saccharomyces cerevisiae	Fungi	394	False
P47140	Saccharomyces cerevisiae	Fungi	327	False
P47141	Saccharomyces cerevisiae	Fungi	266	False
P47148	Saccharomyces cerevisiae	Fungi	283	False
P47175	Saccharomyces cerevisiae	Fungi	358	False
P47881	Homo	Metazoa	315	True
P48267	Chlamydomonas	Plants	168	False
P48270	Chlamydomonas	Plants	257	False
P48496	Spinacia	Plants	322	False
P48526	Saccharomyces cerevisiae	Fungi	1002	False
P48629	Spinacia	Plants	447	False
P49030	Oryza sativa	Plants	160	False
P49299	Cucurbita	Plants	516	False
P49375	Kluyveromyces lactis	Fungi	548	False
P49377	Kluyveromyces lactis	Fungi	289	False
P49379	Kluyveromyces lactis	Fungi	359	False
P49679	Lathyrus	Plants	189	False
P49724	ananassae species complex	Metazoa	432	False
P49922	Sus	Metazoa	328	True
P50080	Saccharomyces cerevisiae	Fungi	613	True
P51509	Gallus	Metazoa	549	False
P51873	Amphidinium	Other	369	False
P51874	unclassified Symbiodinium	Other	365	False
P51947	Xenopus	Metazoa	323	False
P51950	Marthasterias	Metazoa	324	False
P52270	Schizotrypanum	Other	251	False
P53060	Saccharomyces cerevisiae	Fungi	241	False
P53070	Saccharomyces cerevisiae	Fungi	669	False
P53139	Saccharomyces cerevisiae	Fungi	140	False
P53142	Saccharomyces cerevisiae	Fungi	486	True
P53153	Saccharomyces cerevisiae	Fungi	274	True
P53155	Saccharomyces cerevisiae	Fungi	381	False
P53172	Saccharomyces cerevisiae	Fungi	527	False
P53206	Saccharomyces cerevisiae	Fungi	393	True
P53241	Saccharomyces cerevisiae	Fungi	593	False
P53292	Saccharomyces cerevisiae	Fungi	345	False
P53305	Saccharomyces cerevisiae	Fungi	110	False
P53724	Saccharomyces cerevisiae	Fungi	139	False
P53733	Saccharomyces cerevisiae	Fungi	91	False
P53850	Saccharomyces cerevisiae	Fungi	401	False
P53883	Saccharomyces cerevisiae	Fungi	403	False
P53885	Saccharomyces cerevisiae	Fungi	366	False
P53913	Saccharomyces cerevisiae	Fungi	173	False
P53958	Saccharomyces cerevisiae	Fungi	396	False
P54705	Dictyostelium	Other	685	False
P54797	Mus	Metazoa	276	False
P56135	Mus	Metazoa	88	True
P56205	Circumdati	Fungi	111	False
P56274	Ulva	Plants	98	False
P56329	Schizosaccharomyces pombe	Fungi	321	False
P56382	Mus	Metazoa	52	False
P56408	Scenedesmus	Plants	94	False
P56749	Homo	Metazoa	244	True
P59287	Ricinus	Plants	601	False
P59382	Rattus	Metazoa	212	False
P59858	Polysiphonia	Other	162	False
P59859	Polysiphonia	Other	172	False
P61236	Homo	Metazoa	119	False
P62127	Nicotiana	Plants	123	False
P62129	Nicotiana	Plants	123	False
P62597	Gallus	Metazoa	778	False
P62683	Homo	Metazoa	666	False
P62685	Homo	Metazoa	647	False
P62772	Brassica	Plants	111	False
P62773	Brassica	Plants	111	False
P62896	Ovis	Metazoa	105	False
P67833	Capra	Metazoa	51	False
P68038	Ovis	Metazoa	51	False
P68163	Datura	Plants	97	False
P68164	Datura	Plants	97	False
P68165	Datura	Plants	97	False
P68166	Datura	Plants	97	False
P78587	Candida	Fungi	449	False
P79348	Bos	Metazoa	374	False
P80001	Sepia	Metazoa	78	False
P80002	Sepia	Metazoa	77	False
P80261	Solanum	Plants	190	False
P80471	Solanum	Plants	326	False
P80483	Amphidinium	Other	323	False
P80484	Amphidinium	Other	370	False
P81372	Alocasia	Plants	97	False
P81459	Thunnus	Metazoa	103	False
P82137	Spinacia	Plants	165	False
P82162	Spinacia	Plants	195	False
P82191	Spinacia	Plants	305	False
P82192	Spinacia	Plants	258	False
P82193	Spinacia	Plants	220	False
P82194	Spinacia	Plants	126	False
P82195	Spinacia	Plants	166	False
P82231	Spinacia	Plants	271	False
P82244	Spinacia	Plants	152	False
P82245	Spinacia	Plants	148	False
P82249	Spinacia	Plants	130	False
P82352	Oryctolagus	Metazoa	238	True
P82411	Spinacia	Plants	116	False
P82412	Spinacia	Plants	179	False
P82649	Bos	Metazoa	359	False
P82658	Arabidopsis	Plants	229	False
P82664	Homo	Metazoa	201	False
P82669	Bos	Metazoa	173	False
P82670	Bos	Metazoa	201	False
P82915	Bos	Metazoa	135	False
P82916	Bos	Metazoa	130	False
P82917	Bos	Metazoa	143	False
P82919	Bos	Metazoa	196	False
P82920	Bos	Metazoa	87	False
P82923	Bos	Metazoa	293	False
P82925	Bos	Metazoa	386	False
P82926	Bos	Metazoa	106	False
P82927	Bos	Metazoa	142	False
P82928	Bos	Metazoa	189	False
P82929	Bos	Metazoa	218	False
P83095	Bos	Metazoa	556	False
P83214	Octopus	Metazoa	56	False
P83291	Arabidopsis	Plants	328	False
P83372	Fragaria	Plants	469	False
P83373	Fragaria	Plants	339	False
P83391	Cladophora	Plants	91	False
P83520	Brugmansia	Plants	97	False
P83523	Lycium	Plants	97	False
P83524	Alkekengi officinarum	Plants	97	False
P83525	Scopolia	Plants	97	False
P83526	Nicotiana	Plants	97	False
P83527	Capsicum annuum	Plants	97	False
P83565	Rattus	Metazoa	206	False
P83582	Solanum	Plants	97	False
P83583	Solanum	Plants	97	False
P83584	Solanum	Plants	97	False
P83585	Solanum	Plants	97	False
P84030	Ceratitis	Metazoa	108	False
P84861	Polysiphonia	Other	164	False
P86173	Rattus	Metazoa	426	False
P87000	Neurospora crassa	Fungi	926	False
P87142	Schizosaccharomyces pombe	Fungi	550	False
P87234	Schizosaccharomyces pombe	Fungi	635	False
P87240	Schizosaccharomyces pombe	Fungi	306	False
P92276	Chlamydomonas	Plants	62	True
P92792	Solanum	Plants	204	False
P92919	Apium	Plants	264	False
P93431	Oryza sativa	Plants	466	False
P93788	Solanum	Plants	198	False
Q00312	Candida	Fungi	527	False
Q00317	Ogataea/Candida clade	Fungi	256	False
Q00453	Saccharomyces cerevisiae	Fungi	211	False
Q00497	Solanum subgen. Lycopersicon	Plants	300	False
Q00598	Cyanophora	Other	363	False
Q00775	Solanum	Plants	607	False
Q00912	Wickerhamomyces	Fungi	342	False
Q00PI9	Mus	Metazoa	745	False
Q01289	Lathyrus	Plants	399	False
Q01355	Neurospora crassa	Fungi	362	False
Q01359	Neurospora crassa	Fungi	148	False
Q01371	Neurospora crassa	Fungi	1167	False
Q01497	Ogataea	Fungi	457	True
Q01962	Komagataella	Fungi	713	False
Q02060	Spinacia	Plants	274	False
Q02084	Pleurodeles	Metazoa	625	False
Q02608	Saccharomyces cerevisiae	Fungi	121	False
Q02758	Lathyrus	Plants	251	False
Q02764	Nicotiana	Plants	187	False
Q02772	Saccharomyces cerevisiae	Fungi	108	False
Q02981	Saccharomyces cerevisiae	Fungi	657	False
Q03153	Saccharomyces cerevisiae	Fungi	612	False
Q03201	Saccharomyces cerevisiae	Fungi	203	False
Q03218	Saccharomyces cerevisiae	Fungi	510	False
Q03237	Gallus	Metazoa	686	False
Q03246	Saccharomyces cerevisiae	Fungi	237	False
Q03482	Saccharomyces cerevisiae	Fungi	75	False
Q03489	Petunia	Plants	241	False
Q03525	Saccharomyces cerevisiae	Fungi	211	False
Q03615	Caenorhabditis	Metazoa	305	False
Q03667	Saccharomyces cerevisiae	Fungi	156	False
Q03671	Candida	Fungi	246	True
Q03673	Saccharomyces cerevisiae	Fungi	198	False
Q03760	Saccharomyces cerevisiae	Fungi	334	False
Q03798	Saccharomyces cerevisiae	Fungi	255	True
Q03799	Saccharomyces cerevisiae	Fungi	155	False
Q03976	Saccharomyces cerevisiae	Fungi	319	False
Q04005	Saccharomyces cerevisiae	Fungi	294	False
Q04052	Saccharomyces cerevisiae	Fungi	950	False
Q04083	Saccharomyces cerevisiae	Fungi	370	True
Q04225	Saccharomyces cerevisiae	Fungi	511	False
Q04341	Saccharomyces cerevisiae	Fungi	121	False
Q04411	Saccharomyces cerevisiae	Fungi	772	False
Q04598	Saccharomyces cerevisiae	Fungi	105	False
Q04599	Saccharomyces cerevisiae	Fungi	285	False
Q04623	Saccharomyces cerevisiae	Fungi	453	False
Q04677	Candida	Fungi	403	False
Q04922	Saccharomyces cerevisiae	Fungi	465	False
Q05045	Cucurbita	Plants	575	False
Q05046	Cucurbita	Plants	575	False
Q05158	Coturnix	Metazoa	194	False
Q05648	Saccharomyces cerevisiae	Fungi	414	False
Q05863	Saccharomyces cerevisiae	Fungi	155	False
Q05905	Saccharomyces cerevisiae	Fungi	244	False
Q06011	Saccharomyces cerevisiae	Fungi	112	True
Q06109	Saccharomyces cerevisiae	Fungi	277	False
Q06177	Saccharomyces cerevisiae	Fungi	86	False
Q06184	Moneuplotes	Other	446	False
Q06185	Mus	Metazoa	71	False
Q06214	Saccharomyces cerevisiae	Fungi	492	False
Q06215	Vicia	Plants	606	False
Q06364	Daucus sect. Daucus	Plants	489	False
Q06450	Ipomoea	Plants	70	False
Q06494	Saccharomyces cerevisiae	Fungi	345	False
Q06563	Saccharomyces cerevisiae	Fungi	197	True
Q06665	Saccharomyces cerevisiae	Fungi	692	False
Q06801	Solanum	Plants	576	False
Q07230	Mus	Metazoa	614	False
Q07335	Neurospora crassa	Fungi	154	True
Q07349	Saccharomyces cerevisiae	Fungi	420	False
Q07351	Saccharomyces cerevisiae	Fungi	490	False
Q07362	Saccharomyces cerevisiae	Fungi	185	False
Q07458	Saccharomyces cerevisiae	Fungi	294	False
Q07510	Spinacia	Plants	405	False
Q07684	Saccharomyces cerevisiae	Fungi	458	False
Q07897	Saccharomyces cerevisiae	Fungi	291	False
Q08182	Saccharomyces cerevisiae	Fungi	245	False
Q08202	Saccharomyces cerevisiae	Fungi	246	False
Q08303	Solanum subgen. Lycopersicon	Plants	630	False
Q08365	Chlamydomonas	Plants	712	False
Q08421	Saccharomyces cerevisiae	Fungi	412	False
Q08422	Saccharomyces cerevisiae	Fungi	150	False
Q08553	Saccharomyces cerevisiae	Fungi	188	False
Q08705	Gallus	Metazoa	728	False
Q08753	Chlamydomonas	Plants	164	False
Q08818	Saccharomyces cerevisiae	Fungi	692	False
Q08926	Saccharomyces cerevisiae	Fungi	304	False
Q09094	Schizosaccharomyces pombe	Fungi	180	False
Q09146	Schizosaccharomyces pombe	Fungi	399	False
Q09184	Schizosaccharomyces pombe	Fungi	381	False
Q09544	Caenorhabditis	Metazoa	163	False
Q09668	Schizosaccharomyces pombe	Fungi	117	False
Q09779	Schizosaccharomyces pombe	Fungi	1628	False
Q09821	Sus	Metazoa	138	False
Q09842	Schizosaccharomyces pombe	Fungi	407	False
Q09873	Schizosaccharomyces pombe	Fungi	420	False
Q0DFC9	Oryza sativa	Plants	154	False
Q0DRX6	Oryza sativa	Plants	902	False
Q0JCC3	Oryza sativa	Plants	560	False
Q0P3K2	Ostreococcus	Plants	733	True
Q0P651	Homo	Metazoa	464	False
Q0VAA5	Homo	Metazoa	305	False
Q0VC21	Bos	Metazoa	297	False
Q10187	Schizosaccharomyces pombe	Fungi	612	False
Q10214	Schizosaccharomyces pombe	Fungi	131	False
Q10222	Schizosaccharomyces pombe	Fungi	721	False
Q10232	Schizosaccharomyces pombe	Fungi	190	False
Q10234	Schizosaccharomyces pombe	Fungi	387	False
Q10317	Schizosaccharomyces pombe	Fungi	193	False
Q10332	Schizosaccharomyces pombe	Fungi	830	False
Q10335	Schizosaccharomyces pombe	Fungi	397	False
Q10360	Schizosaccharomyces pombe	Fungi	97	False
Q10569	Bos	Metazoa	1444	False
Q10PC5	Oryza sativa	Plants	727	False
Q10SY9	Oryza sativa	Plants	472	True
Q12036	Saccharomyces cerevisiae	Fungi	173	False
Q12089	Saccharomyces cerevisiae	Fungi	606	False
Q12117	Saccharomyces cerevisiae	Fungi	320	True
Q12139	Saccharomyces cerevisiae	Fungi	1133	False
Q12144	Saccharomyces cerevisiae	Fungi	273	True
Q12161	Saccharomyces cerevisiae	Fungi	406	False
Q12167	Saccharomyces cerevisiae	Fungi	365	False
Q12247	Saccharomyces cerevisiae	Fungi	151	False
Q12251	Saccharomyces cerevisiae	Fungi	326	True
Q12252	Saccharomyces cerevisiae	Fungi	991	True
Q12340	Saccharomyces cerevisiae	Fungi	786	False
Q12368	Saccharomyces cerevisiae	Fungi	194	False
Q12374	Saccharomyces cerevisiae	Fungi	616	False
Q12393	Saccharomyces cerevisiae	Fungi	293	False
Q12480	Saccharomyces cerevisiae	Fungi	344	False
Q12489	Saccharomyces cerevisiae	Fungi	107	False
Q12504	Saccharomyces cerevisiae	Fungi	494	False
Q12598	Candida	Fungi	403	False
Q14146	Homo	Metazoa	1524	False
Q18616	Caenorhabditis	Metazoa	537	False
Q19LA2	Colocasia	Plants	84	False
Q1HTZ8	Rhinella	Metazoa	198	False
Q1HTZ9	Aquarana	Metazoa	198	False
Q1JQ99	Bos	Metazoa	145	False
Q1K4P1	Neurospora crassa	Fungi	129	False
Q1K548	Neurospora crassa	Fungi	477	False
Q1K5G1	Neurospora crassa	Fungi	320	False
Q1K5Z0	Neurospora crassa	Fungi	382	False
Q1K6P0	Neurospora crassa	Fungi	352	False
Q1K6U7	Neurospora crassa	Fungi	225	False
Q1K730	Neurospora crassa	Fungi	447	False
Q1K7A4	Neurospora crassa	Fungi	508	False
Q1K7L7	Neurospora crassa	Fungi	219	False
Q1K8E0	Neurospora crassa	Fungi	256	False
Q1K8T6	Neurospora crassa	Fungi	384	False
Q1K8U2	Neurospora crassa	Fungi	84	False
Q1K8V2	Neurospora crassa	Fungi	91	False
Q1MTM9	Schizosaccharomyces pombe	Fungi	977	False
Q1MTQ9	Schizosaccharomyces pombe	Fungi	180	False
Q1MTR2	Schizosaccharomyces pombe	Fungi	207	False
Q1MTS0	Schizosaccharomyces pombe	Fungi	597	False
Q1ZXU0	Caenorhabditis	Metazoa	205	False
Q21973	Caenorhabditis	Metazoa	525	True
Q22323	Caenorhabditis	Metazoa	283	False
Q23696	Crithidia	Other	467	False
Q25321	Locusta	Metazoa	484	True
Q25417	lizard Leishmania	Other	498	False
Q25825	Plasmodium falciparum	Other	121	True
Q26457	Stegomyia	Metazoa	383	False
Q29RU1	Bos	Metazoa	139	False
Q2HJJ1	Bos	Metazoa	256	False
Q2KID9	Bos	Metazoa	430	False
Q2M2T7	Bos	Metazoa	167	False
Q2NL27	Bos	Metazoa	190	False
Q2NND9	Arabidopsis	Plants	371	False
Q2NNE0	Arabidopsis	Plants	484	False
Q2TA12	Bos	Metazoa	306	False
Q2TBI6	Bos	Metazoa	188	False
Q2TBK2	Bos	Metazoa	268	False
Q2TBR2	Bos	Metazoa	149	False
Q2V2Q1	Saccharomyces cerevisiae	Fungi	113	False
Q2YDF6	Bos	Metazoa	325	False
Q2YDI0	Bos	Metazoa	192	False
Q2YDI5	Bos	Metazoa	212	False
Q31708	Arabidopsis	Plants	362	False
Q32PC3	Bos	Metazoa	148	False
Q32PI6	Bos	Metazoa	294	False
Q33DK1	Oryza sativa	Plants	203	False
Q35914	Sus	Metazoa	67	True
Q35915	Sus	Metazoa	226	True
Q37708	Artemia	Metazoa	219	True
Q39002	Arabidopsis	Plants	624	False
Q39709	Isochrysis	Other	208	False
Q3E6R5	Saccharomyces cerevisiae	Fungi	114	True
Q3E764	Saccharomyces cerevisiae	Fungi	64	False
Q3E824	Saccharomyces cerevisiae	Fungi	90	True
Q3MHJ5	Bos	Metazoa	138	False
Q3MHL3	Bos	Metazoa	425	False
Q3SYS0	Bos	Metazoa	216	False
Q3SYS1	Bos	Metazoa	178	False
Q3SZ47	Bos	Metazoa	65	False
Q3SZ86	Bos	Metazoa	205	False
Q3SZC1	Bos	Metazoa	217	False
Q3SZX5	Bos	Metazoa	204	False
Q3T040	Bos	Metazoa	242	False
Q3T0J3	Bos	Metazoa	251	False
Q3T0L3	Bos	Metazoa	172	False
Q3UUF8	Mus	Metazoa	508	False
Q3ZBF3	Bos	Metazoa	380	False
Q3ZBX6	Bos	Metazoa	348	False
Q3ZC04	Bos	Metazoa	102	False
Q3ZCI1	Bos	Metazoa	114	True
Q40089	Ipomoea	Plants	200	False
Q40412	Nicotiana	Plants	663	False
Q40460	Nicotiana	Plants	442	False
Q42687	Chlamydomonas	Plants	219	False
Q42690	Chlamydomonas	Plants	377	False
Q42694	Chlamydomonas	Plants	580	False
Q42783	Glycine subgen. Soja	Plants	262	False
Q42850	Hordeum	Plants	395	False
Q42967	Nicotiana	Plants	391	False
Q42972	Oryza sativa	Plants	356	False
Q43082	Lathyrus	Plants	369	False
Q43578	Nicotiana	Plants	500	False
Q43869	Spinacia	Plants	472	False
Q498E2	Rattus	Metazoa	182	False
Q4FX73	Leishmania major species complex	Other	264	False
Q4G3F5	Emiliania	Other	734	True
Q4PSK3	Arabidopsis	Plants	124	False
Q4PT37	Arabidopsis	Plants	336	False
Q4W9R0	Aspergillus fumigatus	Fungi	153	False
Q4WGE2	Aspergillus fumigatus	Fungi	607	True
Q4WN10	Aspergillus fumigatus	Fungi	575	False
Q4WUK4	Aspergillus fumigatus	Fungi	609	False
Q501D2	Arabidopsis	Plants	572	False
Q52M58	Homo	Metazoa	125	False
Q53I77	Xenopus	Metazoa	1135	False
Q53KW9	Oryza sativa	Plants	803	False
Q53S58	Homo	Metazoa	311	True
Q54BF6	Dictyostelium	Other	298	True
Q54EQ8	Dictyostelium	Other	2053	False
Q54TN2	Dictyostelium	Other	580	False
Q55FB8	Dictyostelium	Other	1272	False
Q569N2	Mus	Metazoa	159	False
Q56WM6	Arabidopsis	Plants	576	False
Q58DQ5	Bos	Metazoa	396	False
Q58DV5	Bos	Metazoa	161	False
Q5BJX1	Rattus	Metazoa	134	False
Q5EAJ7	Strongylocentrotus	Metazoa	857	False
Q5EN53	Oryza sativa	Plants	131	False
Q5F3T7	Gallus	Metazoa	489	False
Q5GH77	Homo	Metazoa	459	True
Q5HZV9	Rattus	Metazoa	360	False
Q5MGA9	Oryza sativa	Plants	301	False
Q5T4T1	Homo	Metazoa	132	True
Q5TZ20	Homo	Metazoa	316	True
Q5UBY2	Arabidopsis	Plants	687	False
Q5VRM0	Oryza sativa	Plants	91	False
Q5VZI3	Homo	Metazoa	342	False
Q62100	Mus	Metazoa	101	False
Q63244	Rattus	Metazoa	399	False
Q63430	Rattus	Metazoa	154	False
Q63505	Rattus	Metazoa	2148	False
Q63836	Mus	Metazoa	472	False
Q66HC5	Rattus	Metazoa	819	False
Q66JZ4	Mus	Metazoa	499	False
Q67WJ8	Oryza sativa	Plants	298	True
Q681Y3	Arabidopsis	Plants	432	False
Q682I1	Arabidopsis	Plants	160	False
Q689G9	Oryza sativa	Plants	518	False
Q69J40	Oryza sativa	Plants	224	False
Q6AT41	Oryza sativa	Plants	451	False
Q6AX31	Xenopus	Metazoa	660	True
Q6AXS3	Rattus	Metazoa	378	False
Q6AYR9	Rattus	Metazoa	241	True
Q6B860	Bos	Metazoa	128	False
Q6C7L6	Yarrowia lipolytica	Fungi	237	False
Q6DBN4	Arabidopsis	Plants	253	True
Q6EJ97	Pueraria montana	Plants	608	False
Q6EKJ0	Homo	Metazoa	949	False
Q6FN94	Candida glabrata	Fungi	499	False
Q6IEY1	Homo	Metazoa	312	True
Q6IF63	Homo	Metazoa	320	True
Q6IRB1	Xenopus	Metazoa	300	False
Q6K1S6	Oryza sativa	Plants	258	False
Q6K537	Oryza sativa	Plants	373	False
Q6K678	Oryza sativa	Plants	210	False
Q6LA53	Schizosaccharomyces pombe	Fungi	346	False
Q6LA54	Schizosaccharomyces pombe	Fungi	933	False
Q6NM26	Arabidopsis	Plants	222	False
Q6NQE2	Arabidopsis	Plants	205	False
Q6NRW3	Xenopus	Metazoa	199	False
Q6NS65	Mus	Metazoa	339	True
Q6NV75	Homo	Metazoa	609	True
Q6P161	Homo	Metazoa	138	False
Q6P756	Rattus	Metazoa	263	False
Q6P8W9	Mus	Metazoa	181	False
Q6PD24	Mus	Metazoa	605	False
Q6PDU7	Rattus	Metazoa	103	False
Q6PL11	Oryza sativa	Plants	173	False
Q6PP77	Homo	Metazoa	449	True
Q6Q5X2	Saccharomyces cerevisiae	Fungi	51	False
Q6QJ72	Arabidopsis	Plants	187	False
Q6R3K9	Arabidopsis	Plants	664	True
Q6RVV4	Lathyrus	Plants	316	False
Q6S4P4	Oryza sativa	Plants	329	False
Q6SKR5	Xenopus	Metazoa	228	False
Q6UWS5	Homo	Metazoa	81	False
Q6YXX9	Oryza sativa	Plants	150	False
Q6Z401	Oryza sativa	Plants	530	True
Q6ZI01	Oryza sativa	Plants	213	False
Q6ZKC0	Oryza sativa	Plants	256	False
Q75WB5	Bos	Metazoa	1288	False
Q75WU1	Oryza sativa	Plants	93	False
Q767K8	Sus	Metazoa	258	False
Q76PC4	Schizosaccharomyces pombe	Fungi	562	False
Q7K2S9	melanogaster subgroup	Metazoa	526	False
Q7K6X4	Caenorhabditis	Metazoa	497	False
Q7L0X2	Homo	Metazoa	663	False
Q7M0E7	Rattus	Metazoa	145	False
Q7RWZ7	Neurospora crassa	Fungi	201	False
Q7RX40	Neurospora crassa	Fungi	158	False
Q7RXU7	Neurospora crassa	Fungi	396	False
Q7RYL4	Neurospora crassa	Fungi	268	False
Q7RYM5	Neurospora crassa	Fungi	292	False
Q7RYW8	Neurospora crassa	Fungi	258	False
Q7RZ62	Neurospora crassa	Fungi	347	False
Q7RZF0	Neurospora crassa	Fungi	255	False
Q7S1R6	Neurospora crassa	Fungi	267	False
Q7S1Z3	Neurospora crassa	Fungi	368	False
Q7S2C2	Neurospora crassa	Fungi	119	False
Q7S518	Neurospora crassa	Fungi	165	False
Q7S6M9	Neurospora crassa	Fungi	309	False
Q7S7R6	Neurospora crassa	Fungi	315	False
Q7S7U5	Neurospora crassa	Fungi	71	True
Q7S910	Neurospora crassa	Fungi	263	False
Q7S9I4	Neurospora crassa	Fungi	174	False
Q7SA60	Neurospora crassa	Fungi	228	False
Q7SA88	Neurospora crassa	Fungi	439	False
Q7SA90	Neurospora crassa	Fungi	453	False
Q7SAJ1	Neurospora crassa	Fungi	236	False
Q7SB95	Neurospora crassa	Fungi	117	False
Q7SB98	Neurospora crassa	Fungi	312	False
Q7SBJ8	Neurospora crassa	Fungi	131	False
Q7SBR3	Neurospora crassa	Fungi	86	False
Q7SBV6	Neurospora crassa	Fungi	183	False
Q7SC44	Neurospora crassa	Fungi	274	False
Q7SCX7	Neurospora crassa	Fungi	383	False
Q7SD06	Neurospora crassa	Fungi	469	False
Q7SGE5	Neurospora crassa	Fungi	217	False
Q7SHB2	Neurospora crassa	Fungi	348	False
Q7SHR6	Neurospora crassa	Fungi	344	False
Q7SIB8	Dryopteris	Plants	102	False
Q7SIG0	Agarophyton	Other	164	False
Q7T3R4	Takifugu	Metazoa	481	True
Q7TMR7	Rattus	Metazoa	522	True
Q7TPD6	Mus	Metazoa	673	False
Q7TPF1	Rattus	Metazoa	97	True
Q7TQN8	Rattus	Metazoa	468	True
Q7XB14	Hordeum	Plants	408	False
Q7XTE8	Oryza sativa	Plants	262	False
Q7XTK3	Oryza sativa	Plants	435	False
Q7YZH1	melanogaster subgroup	Metazoa	3241	False
Q7Z713	Homo	Metazoa	158	False
Q7ZW57	Xenopus	Metazoa	334	False
Q7ZYP6	Xenopus	Metazoa	626	False
Q7ZYV9	Xenopus	Metazoa	1202	False
Q801D8	Cynoscion	Metazoa	352	True
Q801P7	Xenopus	Metazoa	418	False
Q80SU7	Mus	Metazoa	2427	False
Q80UP5	Mus	Metazoa	588	False
Q84K96	Crocus	Plants	369	False
Q84N49	Zea	Plants	674	False
Q84Q77	Oryza sativa	Plants	161	False
Q84SC3	Oryza sativa	Plants	91	False
Q84VG7	Arabidopsis	Plants	587	False
Q84VX3	Arabidopsis	Plants	626	False
Q85FY6	Cyanidioschyzon merolae	Other	732	True
Q85FY7	Cyanidioschyzon merolae	Other	748	True
Q86HX0	Dictyostelium	Other	356	False
Q86VZ2	Homo	Metazoa	330	False
Q86WR6	Homo	Metazoa	236	False
Q873E4	Neurospora crassa	Fungi	240	False
Q874C1	Neurospora crassa	Fungi	540	False
Q8AVT9	Xenopus	Metazoa	370	False
Q8AYS7	Gallus	Metazoa	753	False
Q8BGD8	Mus	Metazoa	79	False
Q8BKY8	Mus	Metazoa	385	False
Q8BXF8	Mus	Metazoa	369	False
Q8CBY0	Mus	Metazoa	155	False
Q8CH19	Mus	Metazoa	720	False
Q8GSI0	Oryza sativa	Plants	179	False
Q8GUC3	Hordeum	Plants	350	False
Q8GWK1	Arabidopsis	Plants	221	False
Q8GWR1	Arabidopsis	Plants	447	False
Q8GYF7	Arabidopsis	Plants	377	False
Q8GZ87	Arabidopsis	Plants	664	False
Q8GZR2	Euglena	Other	496	False
Q8HTL5	Chlamydomonas	Plants	175	True
Q8I2S0	Plasmodium falciparum	Other	384	False
Q8I397	Plasmodium falciparum	Other	1199	True
Q8IEK7	Plasmodium falciparum	Other	87	False
Q8II12	Plasmodium falciparum	Other	409	True
Q8IKT4	Plasmodium falciparum	Other	162	False
Q8IM30	Plasmodium falciparum	Other	608	False
Q8IP99	melanogaster subgroup	Metazoa	308	False
Q8IS98	Crithidia	Other	134	False
Q8IYL3	Homo	Metazoa	243	False
Q8IZY5	Homo	Metazoa	108	False
Q8J1Z1	Neurospora crassa	Fungi	88	False
Q8JFQ4	Gallus	Metazoa	277	False
Q8K013	Mus	Metazoa	366	False
Q8K0E1	Mus	Metazoa	283	False
Q8K2T1	Mus	Metazoa	309	False
Q8K459	Mus	Metazoa	51	False
Q8L4D8	Arabidopsis	Plants	587	False
Q8L733	Arabidopsis	Plants	393	False
Q8L748	Arabidopsis	Plants	1101	False
Q8L8Z1	Arabidopsis	Plants	190	True
Q8LAA6	Arabidopsis	Plants	287	True
Q8LAP6	Arabidopsis	Plants	409	False
Q8LDV3	Arabidopsis	Plants	185	False
Q8LFC0	Arabidopsis	Plants	367	False
Q8LG30	Arabidopsis	Plants	76	True
Q8LGI2	Arabidopsis	Plants	454	False
Q8MYM8	Caenorhabditis	Metazoa	263	False
Q8N127	Homo	Metazoa	324	True
Q8N328	Homo	Metazoa	593	False
Q8N567	Homo	Metazoa	271	False
Q8N5N7	Homo	Metazoa	158	False
Q8N699	Homo	Metazoa	235	False
Q8N8R5	Homo	Metazoa	385	False
Q8NDZ0	Homo	Metazoa	799	False
Q8NGC7	Homo	Metazoa	330	True
Q8NGR4	Homo	Metazoa	320	True
Q8NGU9	Homo	Metazoa	434	True
Q8NH93	Homo	Metazoa	324	True
Q8NHB8	Homo	Metazoa	316	True
Q8NHU0	Homo	Metazoa	189	False
Q8QFX1	Gallus	Metazoa	1325	False
Q8R4C2	Mus	Metazoa	606	False
Q8RV04	Arabidopsis	Plants	112	True
Q8RVC7	Chlamydomonas	Plants	411	False
Q8RY46	Arabidopsis	Plants	700	False
Q8SRA2	Encephalitozoon cuniculi	Fungi	559	True
Q8SSG3	Encephalitozoon cuniculi	Fungi	128	False
Q8SUF9	Encephalitozoon cuniculi	Fungi	553	True
Q8SUG7	Encephalitozoon cuniculi	Fungi	536	True
Q8SVA6	Encephalitozoon cuniculi	Fungi	391	False
Q8TBR7	Homo	Metazoa	257	True
Q8VC04	Mus	Metazoa	261	False
Q8VC65	Mus	Metazoa	262	True
Q8VE42	Mus	Metazoa	238	False
Q8VH31	Mus	Metazoa	287	False
Q8VXP3	Chlamydomonas	Plants	1115	False
Q8VY52	Arabidopsis	Plants	232	False
Q8VZQ4	Arabidopsis	Plants	536	False
Q8W127	Hordeum	Plants	618	False
Q8W487	Arabidopsis	Plants	250	False
Q8WZ33	Homo	Metazoa	124	False
Q90257	Danio	Metazoa	270	False
Q90578	Gallus	Metazoa	464	False
Q90941	Gallus	Metazoa	1633	False
Q90WN7	Xenopus	Metazoa	977	False
Q90ZN1	Gallus	Metazoa	177	True
Q91439	Squalus	Metazoa	155	False
Q91VD1	Mus	Metazoa	314	False
Q91VX9	Mus	Metazoa	697	True
Q91XT6	Mus	Metazoa	489	False
Q91YJ3	Mus	Metazoa	226	False
Q920Q3	Rattus	Metazoa	154	False
Q92247	Neurospora crassa	Fungi	412	False
Q92366	Schizosaccharomyces pombe	Fungi	61	False
Q925D4	Rattus	Metazoa	263	True
Q925E0	Mus	Metazoa	539	False
Q93W77	Arabidopsis	Plants	231	False
Q93Z17	Arabidopsis	Plants	173	False
Q93ZM7	Arabidopsis	Plants	572	False
Q941D3	Arabidopsis	Plants	239	False
Q944N1	Solanum subgen. Lycopersicon	Plants	399	False
Q945P0	Nicotiana	Plants	209	False
Q94A68	Arabidopsis	Plants	377	False
Q94BU1	Arabidopsis	Plants	692	False
Q94FY8	Zea	Plants	474	False
Q94FZ9	Brassica	Plants	327	False
Q94JY0	Arabidopsis	Plants	330	False
Q95142	Bos	Metazoa	150	False
Q95339	Sus	Metazoa	88	True
Q95749	Arabidopsis	Plants	556	False
Q95Q39	Caenorhabditis	Metazoa	287	True
Q95R35	melanogaster subgroup	Metazoa	524	False
Q95XQ1	Caenorhabditis	Metazoa	578	False
Q961W5	melanogaster subgroup	Metazoa	535	False
Q96253	Arabidopsis	Plants	70	False
Q96398	Cucumis	Plants	322	False
Q96AM1	Homo	Metazoa	343	True
Q96BQ5	Homo	Metazoa	260	False
Q96EL2	Homo	Metazoa	167	False
Q96P67	Homo	Metazoa	336	True
Q96QA6	Homo	Metazoa	119	False
Q96R27	Homo	Metazoa	311	True
Q96RD1	Homo	Metazoa	312	True
Q96WW2	Schizosaccharomyces pombe	Fungi	383	False
Q98TA5	Xenopus	Metazoa	896	False
Q99679	Homo	Metazoa	349	True
Q99JS0	Mus	Metazoa	100	True
Q99N89	Mus	Metazoa	183	False
Q99N92	Mus	Metazoa	148	False
Q9ASX5	Arabidopsis	Plants	540	False
Q9ASY8	Arabidopsis	Plants	75	True
Q9AYU1	Triphysaria	Plants	329	False
Q9B6C8	Yarrowia lipolytica	Fungi	469	True
Q9BQ48	Homo	Metazoa	92	False
Q9BQS6	Homo	Metazoa	159	False
Q9BRU2	Homo	Metazoa	100	False
Q9BSC4	Homo	Metazoa	688	False
Q9BSK0	Homo	Metazoa	173	True
Q9BXY0	Homo	Metazoa	300	False
Q9BYN8	Homo	Metazoa	205	False
Q9C0N3	Neurospora crassa	Fungi	90	False
Q9C106	Schizosaccharomyces pombe	Fungi	591	False
Q9C469	Schizosaccharomyces pombe	Fungi	648	False
Q9C5D0	Arabidopsis	Plants	238	False
Q9C641	Arabidopsis	Plants	754	False
Q9C6I6	Arabidopsis	Plants	363	False
Q9C6X2	Arabidopsis	Plants	264	False
Q9C7I5	Arabidopsis	Plants	189	False
Q9C829	Arabidopsis	Plants	440	False
Q9C900	Arabidopsis	Plants	193	False
Q9CA19	Arabidopsis	Plants	154	False
Q9CAI2	Arabidopsis	Plants	414	False
Q9CAQ2	Arabidopsis	Plants	114	False
Q9CPQ8	Mus	Metazoa	103	False
Q9CQF0	Mus	Metazoa	192	False
Q9CQQ7	Mus	Metazoa	256	False
Q9CWE0	Mus	Metazoa	289	False
Q9D011	Mus	Metazoa	178	False
Q9D1J1	Mus	Metazoa	266	False
Q9D3P8	Mus	Metazoa	147	True
Q9D5D8	Mus	Metazoa	503	False
Q9D742	Mus	Metazoa	170	False
Q9DAD6	Mus	Metazoa	137	False
Q9DEX1	Xenopus	Metazoa	560	False
Q9EPI8	Rattus	Metazoa	374	False
Q9FDW8	Arabidopsis	Plants	135	False
Q9FEC4	Chlamydomonas	Plants	1783	False
Q9FFH5	Arabidopsis	Plants	278	True
Q9FGK5	Arabidopsis	Plants	221	False
Q9FGR0	Arabidopsis	Plants	1442	False
Q9FIJ4	Arabidopsis	Plants	199	False
Q9FIX1	Arabidopsis	Plants	172	False
Q9FJN9	Arabidopsis	Plants	220	False
Q9FL03	Arabidopsis	Plants	584	False
Q9FMX3	Arabidopsis	Plants	514	True
Q9FNJ9	Arabidopsis	Plants	482	False
Q9FT53	Arabidopsis	Plants	430	False
Q9FVC8	Arabidopsis	Plants	365	False
Q9FVR6	Arabidopsis	Plants	296	False
Q9FXH5	Arabidopsis	Plants	393	True
Q9FXI5	Arabidopsis	Plants	794	False
Q9FYB5	Arabidopsis	Plants	161	False
Q9GMC9	Ovis	Metazoa	169	True
Q9GZP8	Homo	Metazoa	106	False
Q9H1Z4	Homo	Metazoa	485	False
Q9H9L3	Homo	Metazoa	353	False
Q9HBL7	Homo	Metazoa	147	True
Q9HDV9	Schizosaccharomyces pombe	Fungi	169	False
Q9HDZ3	Schizosaccharomyces pombe	Fungi	182	False
Q9HE07	Schizosaccharomyces pombe	Fungi	534	False
Q9HE76	Neurospora crassa	Fungi	278	False
Q9HEV5	Neurospora crassa	Fungi	426	False
Q9HGL6	Schizosaccharomyces pombe	Fungi	295	False
Q9HGL9	Schizosaccharomyces pombe	Fungi	252	False
Q9HGP4	Schizosaccharomyces pombe	Fungi	727	False
Q9I9B9	Torpedo	Metazoa	646	True
Q9JHH9	Mus	Metazoa	205	False
Q9JJR2	Mus	Metazoa	179	False
Q9LDY5	Arabidopsis	Plants	247	False
Q9LEM8	Chlamydomonas	Plants	1385	False
Q9LER7	Arabidopsis	Plants	148	False
Q9LEV3	Arabidopsis	Plants	206	False
Q9LF68	Arabidopsis	Plants	177	False
Q9LLC6	Chlamydomonas	Plants	198	False
Q9LMT7	Arabidopsis	Plants	478	False
Q9LRZ3	Arabidopsis	Plants	641	False
Q9LS48	Arabidopsis	Plants	316	False
Q9LSD8	Arabidopsis	Plants	120	False
Q9LTT3	Arabidopsis	Plants	319	False
Q9LTY1	Arabidopsis	Plants	726	False
Q9LW00	Arabidopsis	Plants	254	False
Q9LW88	Arabidopsis	Plants	465	False
Q9LXJ1	Arabidopsis	Plants	140	False
Q9LYP2	Arabidopsis	Plants	401	False
Q9LYY2	Arabidopsis	Plants	112	True
Q9LZ08	Arabidopsis	Plants	214	False
Q9LZ60	Arabidopsis	Plants	115	False
Q9LZB8	Arabidopsis	Plants	634	True
Q9M065	Arabidopsis	Plants	412	False
Q9M1D3	Arabidopsis	Plants	464	False
Q9M1E7	Arabidopsis	Plants	285	True
Q9M280	Arabidopsis	Plants	116	False
Q9M2B4	Arabidopsis	Plants	250	False
Q9M2D8	Arabidopsis	Plants	212	False
Q9M2P7	Arabidopsis	Plants	308	False
Q9M3I4	Spinacia	Plants	90	False
Q9M9L3	Arabidopsis	Plants	336	False
Q9MAB9	Arabidopsis	Plants	117	False
Q9MAH3	Arabidopsis	Plants	438	False
Q9MAM4	Arabidopsis	Plants	527	False
Q9MYT8	Sus	Metazoa	71	False
Q9NRP2	Homo	Metazoa	79	False
Q9NXZ1	Homo	Metazoa	904	False
Q9NY87	Homo	Metazoa	97	False
Q9NYT0	Homo	Metazoa	353	False
Q9P382	Schizosaccharomyces pombe	Fungi	798	False
Q9P3B2	Schizosaccharomyces pombe	Fungi	242	True
Q9P3U7	Schizosaccharomyces pombe	Fungi	547	True
Q9P3W1	Schizosaccharomyces pombe	Fungi	434	False
Q9P5M9	Schizosaccharomyces pombe	Fungi	257	False
Q9P6I9	Schizosaccharomyces pombe	Fungi	618	False
Q9P6P2	Schizosaccharomyces pombe	Fungi	279	False
Q9P6Q0	Schizosaccharomyces pombe	Fungi	112	False
Q9P775	Schizosaccharomyces pombe	Fungi	516	False
Q9P783	Schizosaccharomyces pombe	Fungi	480	False
Q9P7C8	Schizosaccharomyces pombe	Fungi	214	False
Q9P7E0	Schizosaccharomyces pombe	Fungi	79	True
Q9P7G0	Schizosaccharomyces pombe	Fungi	707	False
Q9P7G6	Schizosaccharomyces pombe	Fungi	566	False
Q9P7H5	Schizosaccharomyces pombe	Fungi	175	False
Q9P7H8	Schizosaccharomyces pombe	Fungi	1679	False
Q9P7K3	Schizosaccharomyces pombe	Fungi	449	False
Q9P7L2	Schizosaccharomyces pombe	Fungi	425	False
Q9P7N0	Schizosaccharomyces pombe	Fungi	392	False
Q9P7S7	Schizosaccharomyces pombe	Fungi	508	False
Q9QXY4	Rattus	Metazoa	580	False
Q9QZI7	Rattus	Metazoa	287	False
Q9S720	Arabidopsis	Plants	247	False
Q9SBK6	Brassica campestris	Plants	392	False
Q9SD11	Arabidopsis	Plants	103	False
Q9SD80	Arabidopsis	Plants	54	True
Q9SG11	Arabidopsis	Plants	352	False
Q9SGE2	Arabidopsis	Plants	111	False
Q9SH14	Arabidopsis	Plants	120	False
Q9SIL6	Arabidopsis	Plants	286	True
Q9SIP1	Arabidopsis	Plants	263	False
Q9SK32	Arabidopsis	Plants	509	False
Q9SKY1	Arabidopsis	Plants	71	True
Q9SLK0	Arabidopsis	Plants	416	False
Q9SN22	Arabidopsis	Plants	410	False
Q9SNB8	Arabidopsis	Plants	583	False
Q9SPI9	Chlamydomonas	Plants	115	True
Q9SQI3	Gossypium	Plants	413	False
Q9SR70	Arabidopsis	Plants	230	False
Q9SRM4	Arabidopsis	Plants	246	False
Q9SRP6	Arabidopsis	Plants	194	False
Q9SUU5	Arabidopsis	Plants	122	False
Q9SVQ3	Arabidopsis	Plants	517	False
Q9SVT8	Arabidopsis	Plants	504	True
Q9SW31	Arabidopsis	Plants	157	False
Q9SX77	Arabidopsis	Plants	257	False
Q9SY66	Arabidopsis	Plants	680	False
Q9SYD8	Arabidopsis	Plants	210	False
Q9SYQ0	Arabidopsis	Plants	463	False
Q9TK52	Phaeodactylum tricornutum	Other	490	False
Q9TTY5	Bos	Metazoa	342	True
Q9TY83	Crithidia	Other	130	False
Q9TY84	Crithidia	Other	130	False
Q9U6A9	Trypanosoma brucei	Other	655	False
Q9UA41	Dictyostelium	Other	174	False
Q9UFN0	Homo	Metazoa	247	False
Q9URX9	Schizosaccharomyces pombe	Fungi	284	False
Q9US06	Schizosaccharomyces pombe	Fungi	456	False
Q9US07	Schizosaccharomyces pombe	Fungi	662	False
Q9USJ1	Schizosaccharomyces pombe	Fungi	298	False
Q9USQ7	Schizosaccharomyces pombe	Fungi	606	False
Q9USX4	Schizosaccharomyces pombe	Fungi	108	False
Q9USY3	Schizosaccharomyces pombe	Fungi	708	False
Q9USY4	Schizosaccharomyces pombe	Fungi	527	False
Q9USY8	Schizosaccharomyces pombe	Fungi	166	False
Q9USZ4	Schizosaccharomyces pombe	Fungi	251	False
Q9USZ6	Schizosaccharomyces pombe	Fungi	241	False
Q9UT32	Schizosaccharomyces pombe	Fungi	373	False
Q9UT97	Schizosaccharomyces pombe	Fungi	247	False
Q9UTC0	Schizosaccharomyces pombe	Fungi	50	False
Q9UTE6	Schizosaccharomyces pombe	Fungi	302	False
Q9UTQ4	Schizosaccharomyces pombe	Fungi	244	False
Q9UTQ6	Schizosaccharomyces pombe	Fungi	154	False
Q9UTQ8	Schizosaccharomyces pombe	Fungi	339	False
Q9UTR1	Schizosaccharomyces pombe	Fungi	1018	False
Q9UTR9	Schizosaccharomyces pombe	Fungi	368	False
Q9UU76	Schizosaccharomyces pombe	Fungi	642	False
Q9UU79	Schizosaccharomyces pombe	Fungi	260	False
Q9UU84	Schizosaccharomyces pombe	Fungi	426	False
Q9UU99	Schizosaccharomyces pombe	Fungi	1008	False
Q9UUA1	Schizosaccharomyces pombe	Fungi	479	False
Q9UUG2	Schizosaccharomyces pombe	Fungi	621	False
Q9UUH3	Schizosaccharomyces pombe	Fungi	277	False
Q9UUJ4	Schizosaccharomyces pombe	Fungi	333	False
Q9UUK1	Schizosaccharomyces pombe	Fungi	564	False
Q9UW82	Komagataella	Fungi	187	True
Q9VLJ0	melanogaster subgroup	Metazoa	151	False
Q9VMD6	melanogaster subgroup	Metazoa	659	False
Q9VQD4	melanogaster subgroup	Metazoa	274	False
Q9VR19	melanogaster subgroup	Metazoa	379	False
Q9VRV7	melanogaster subgroup	Metazoa	121	False
Q9VSM7	melanogaster subgroup	Metazoa	552	False
Q9VUN3	melanogaster subgroup	Metazoa	217	False
Q9VW27	melanogaster subgroup	Metazoa	717	False
Q9VX12	melanogaster subgroup	Metazoa	359	False
Q9W6G7	Xenopus	Metazoa	463	False
Q9W704	Xenopus	Metazoa	226	False
Q9WTY2	Rattus	Metazoa	341	False
Q9XE33	Oryza sativa	Plants	205	False
Q9XGS0	Brassica	Plants	177	False
Q9XGX9	Arabidopsis	Plants	93	False
Q9XGY4	Arabidopsis	Plants	77	False
Q9XH32	Spinacia	Plants	222	False
Q9XH48	Arabidopsis	Plants	87	False
Q9XIA7	Arabidopsis	Plants	54	True
Q9XPJ9	Dictyostelium	Other	519	False
Q9XQN8	Sinapis	Plants	327	False
Q9XQR3	Lathyrus	Plants	73	True
Q9XVD5	Caenorhabditis	Metazoa	303	False
Q9XVS8	Caenorhabditis	Metazoa	405	False
Q9Y291	Homo	Metazoa	106	False
Q9Y3C1	Homo	Metazoa	178	False
Q9Y6X4	Homo	Metazoa	670	False
Q9Y7J2	Schizosaccharomyces pombe	Fungi	160	False
Q9Y7N1	Schizosaccharomyces pombe	Fungi	240	False
Q9Y7Q7	Schizosaccharomyces pombe	Fungi	973	False
Q9Y7X6	Schizosaccharomyces pombe	Fungi	684	False
Q9Y803	Schizosaccharomyces pombe	Fungi	127	False
Q9Y8C0	Neurospora crassa	Fungi	92	False
Q9Z0S3	Mus	Metazoa	239	True
Q9Z0S4	Mus	Metazoa	211	True
Q9Z0V7	Mus	Metazoa	172	True
Q9Z213	Rattus	Metazoa	738	False
Q9ZQS5	Cyanidium	Other	154	False
Q9ZS51	Arabidopsis	Plants	190	True
Q9ZST9	Lathyrus	Plants	252	False
Q9ZTS2	Capsicum	Plants	144	False
Q9ZU28	Arabidopsis	Plants	351	False
Q9ZUX4	Arabidopsis	Plants	113	False
Q9ZW33	Arabidopsis	Plants	83	False
S0DPL8	Fusarium fujikuroi	Fungi	389	False
S8F527	Toxoplasma gondii	Other	1283	False
T2BMW7	Cryptococcus neoformans	Fungi	548	False
V5ILE0	Neurospora crassa	Fungi	428	False
V5IMN1	Neurospora crassa	Fungi	325	False
V5IRA3	Neurospora crassa	Fungi	95	False
W3WX91	Pestalotiopsis fici	Fungi	730	False
A0A571BE98	Mus	Metazoa	150	True
A2AIL4	Mus	Metazoa	333	False
A2YMU2	Oryza sativa	Plants	266	False
A4FVR1	Arabidopsis	Plants	575	False
A8MTT3	Homo	Metazoa	80	True
D3ZNV2	Rattus	Metazoa	288	False
E5FYH0	Ovis	Metazoa	1599	False
F4IFD0	Arabidopsis	Plants	667	False
L0B1Y1	Theileria equi	Other	342	True
O13699	Schizosaccharomyces pombe	Fungi	430	False
O13758	Schizosaccharomyces pombe	Fungi	361	False
O13803	Schizosaccharomyces pombe	Fungi	601	False
O13859	Schizosaccharomyces pombe	Fungi	285	False
O13894	Schizosaccharomyces pombe	Fungi	124	False
O13927	Schizosaccharomyces pombe	Fungi	201	False
O13999	Schizosaccharomyces pombe	Fungi	187	True
O14015	Schizosaccharomyces pombe	Fungi	150	False
O14097	Schizosaccharomyces pombe	Fungi	331	False
O14196	Schizosaccharomyces pombe	Fungi	300	False
O14235	Schizosaccharomyces pombe	Fungi	348	False
O14322	Schizosaccharomyces pombe	Fungi	313	False
O20029	Chlamydomonas	Plants	191	False
O20030	Chlamydomonas	Plants	197	True
O23193	Arabidopsis	Plants	236	False
O36030	Schizosaccharomyces pombe	Fungi	391	False
O42636	Neurospora crassa	Fungi	278	False
O42637	Neurospora crassa	Fungi	797	False
O42647	Schizosaccharomyces pombe	Fungi	188	False
O43137	Saccharomyces cerevisiae	Fungi	85	False
O47027	Chlamydomonas	Plants	570	False
O60008	Paracoccidioides lutzii	Fungi	592	False
O60053	Schizosaccharomyces pombe	Fungi	440	False
O60057	Schizosaccharomyces pombe	Fungi	411	False
O60090	Schizosaccharomyces pombe	Fungi	297	False
O74317	Schizosaccharomyces pombe	Fungi	113	False
O74400	Schizosaccharomyces pombe	Fungi	674	False
O74848	Schizosaccharomyces pombe	Fungi	311	False
O74978	Schizosaccharomyces pombe	Fungi	276	False
O94279	Schizosaccharomyces pombe	Fungi	172	False
O94358	Schizosaccharomyces pombe	Fungi	845	False
O94410	Schizosaccharomyces pombe	Fungi	186	False
O94428	Schizosaccharomyces pombe	Fungi	115	False
O94516	Schizosaccharomyces pombe	Fungi	364	False
O94589	Schizosaccharomyces pombe	Fungi	551	False
O94708	Schizosaccharomyces pombe	Fungi	394	False
O97965	Ovis	Metazoa	110	False
P00220	Medicago	Plants	97	False
P00222	Colocasia	Plants	97	False
P00227	Brassica	Plants	96	False
P00233	Gleichenia	Plants	95	False
P00238	Scenedesmus	Plants	96	False
P00288	Vicia	Plants	99	False
P00290	Lactuca	Plants	99	False
P00291	Sambucus	Plants	99	False
P00292	Cucurbita	Plants	99	False
P00293	Cucumis	Plants	99	False
P00294	Capsella	Plants	99	False
P00295	Mercurialis	Plants	99	False
P00296	Solanum	Plants	99	False
P00297	Solanum	Plants	99	False
P00298	Rumex	Plants	99	False
P00300	Scenedesmus	Plants	98	False
P06391	Nicotiana	Plants	93	False
P06841	Scyliorhinus	Metazoa	45	False
P07484	Palmaria	Other	97	False
P07838	Bryopsis	Plants	98	False
P08593	Saccharomyces cerevisiae	Fungi	268	False
P08740	Chlamydomonas	Plants	382	True
P09364	Sinapis	Plants	502	False
P09735	Marchantia	Plants	95	False
P09940	Cyberlindnera	Fungi	63	False
P0DJE0	Mus	Metazoa	76	True
P0DYC2	unclassified Talaromyces	Fungi	412	True
P10690	Spinacia	Plants	140	False
P10770	Peridinium	Other	93	False
P10900	Hordeum	Plants	508	True
P11020	Scyliorhinus	Metazoa	80	False
P11471	Chlamydomonas	Plants	245	False
P11873	Tetrahymena	Other	100	False
P12198	Nicotiana	Plants	55	False
P12852	Chlamydomonas	Plants	199	False
P12853	Chlamydomonas	Plants	291	False
P13133	Ulva	Plants	98	False
P13275	Scyliorhinus	Metazoa	87	False
P15343	Equus	Metazoa	58	False
P20143	Hordeum	Plants	143	False
P20422	Daucus sect. Daucus	Plants	97	False
P21788	Hemicentrotus	Metazoa	150	False
P22341	Euglena	Other	96	False
P23351	Neurospora crassa	Fungi	508	False
P24571	Cucurbita	Plants	566	False
P27516	Dunaliella	Plants	172	False
P28644	Spinacia	Plants	233	False
P32103	Euplotes	Other	135	False
P32792	Saccharomyces cerevisiae	Fungi	385	False
P34224	Saccharomyces cerevisiae	Fungi	193	False
P34257	Caenorhabditis	Metazoa	329	False
P35476	Nicotiana	Plants	99	False
P35477	Nicotiana	Plants	99	False
P36052	Saccharomyces cerevisiae	Fungi	402	False
P36114	Saccharomyces cerevisiae	Fungi	725	False
P36151	Saccharomyces cerevisiae	Fungi	352	False
P36494	Spinacia	Plants	261	False
P37263	Saccharomyces cerevisiae	Fungi	153	False
P38253	Saccharomyces cerevisiae	Fungi	122	True
P38292	Saccharomyces cerevisiae	Fungi	413	True
P38746	Saccharomyces cerevisiae	Fungi	405	False
P39996	Saccharomyces cerevisiae	Fungi	337	False
P40008	Saccharomyces cerevisiae	Fungi	231	False
P40053	Saccharomyces cerevisiae	Fungi	627	False
P40057	Saccharomyces cerevisiae	Fungi	128	False
P40159	Saccharomyces cerevisiae	Fungi	199	False
P40326	Saccharomyces cerevisiae	Fungi	108	False
P40364	Saccharomyces cerevisiae	Fungi	252	False
P40470	Saccharomyces cerevisiae	Fungi	206	False
P40502	Saccharomyces cerevisiae	Fungi	157	True
P40508	Saccharomyces cerevisiae	Fungi	320	True
P42054	Lathyrus	Plants	276	False
P42055	Solanum	Plants	276	False
P42056	Solanum	Plants	276	False
P42840	Saccharomyces cerevisiae	Fungi	284	True
P46997	Saccharomyces cerevisiae	Fungi	583	False
P46998	Saccharomyces cerevisiae	Fungi	180	True
P47131	Saccharomyces cerevisiae	Fungi	105	True
P47139	Saccharomyces cerevisiae	Fungi	656	False
P47174	Saccharomyces cerevisiae	Fungi	117	False
P53077	Saccharomyces cerevisiae	Fungi	123	False
P53081	Saccharomyces cerevisiae	Fungi	288	False
P53171	Saccharomyces cerevisiae	Fungi	287	False
P53212	Saccharomyces cerevisiae	Fungi	290	False
P53217	Saccharomyces cerevisiae	Fungi	278	True
P53287	Saccharomyces cerevisiae	Fungi	111	False
P53336	Saccharomyces cerevisiae	Fungi	341	False
P53869	Saccharomyces cerevisiae	Fungi	86	False
P56347	Chlorella	Plants	161	False
P59776	Chlamydomonas	Plants	92	False
P61581	Homo	Metazoa	75	False
P80304	Sepia	Metazoa	51	False
P80680	Zea	Plants	97	False
P81373	Alocasia	Plants	98	False
P82924	Bos	Metazoa	435	False
P83183	Eledone	Metazoa	84	False
P83212	Bolinus	Metazoa	58	False
P83213	Bolinus	Metazoa	54	False
P84148	Candida	Fungi	181	False
P84338	Ginkgo	Plants	99	False
P84872	Atropa	Plants	97	False
P84873	Hyoscyamus	Plants	97	False
P84874	Hyoscyamus	Plants	97	False
P85121	Panax	Plants	96	False
P86981	Podarcis	Metazoa	81	False
P87052	Schizosaccharomyces pombe	Fungi	344	False
P87054	Schizosaccharomyces pombe	Fungi	133	False
P87133	Schizosaccharomyces pombe	Fungi	121	False
P87137	Schizosaccharomyces pombe	Fungi	929	False
P87238	Schizosaccharomyces pombe	Fungi	215	False
Q00316	Ogataea/Candida clade	Fungi	256	False
Q01517	Lathyrus	Plants	349	False
Q02749	Saccharomyces cerevisiae	Fungi	293	False
Q02771	Saccharomyces cerevisiae	Fungi	107	False
Q02864	Saccharomyces cerevisiae	Fungi	156	False
Q02873	Saccharomyces cerevisiae	Fungi	248	False
Q03036	Saccharomyces cerevisiae	Fungi	179	False
Q03193	Saccharomyces cerevisiae	Fungi	310	True
Q03378	Antirrhinum	Plants	215	False
Q03900	Saccharomyces cerevisiae	Fungi	495	False
Q04073	Strongylocentrotus	Metazoa	459	False
Q04231	Saccharomyces cerevisiae	Fungi	177	False
Q04408	Saccharomyces cerevisiae	Fungi	483	False
Q04748	Saccharomyces cerevisiae	Fungi	898	False
Q04867	Saccharomyces cerevisiae	Fungi	317	False
Q05812	Saccharomyces cerevisiae	Fungi	728	False
Q05937	Saccharomyces cerevisiae	Fungi	343	False
Q06089	Saccharomyces cerevisiae	Fungi	161	True
Q06139	Saccharomyces cerevisiae	Fungi	101	False
Q06152	Saccharomyces cerevisiae	Fungi	274	False
Q06608	Saccharomyces cerevisiae	Fungi	200	False
Q07555	Saccharomyces cerevisiae	Fungi	291	False
Q07589	Saccharomyces cerevisiae	Fungi	356	False
Q08213	Saccharomyces cerevisiae	Fungi	363	False
Q08687	Saccharomyces cerevisiae	Fungi	178	False
Q08774	Saccharomyces cerevisiae	Fungi	242	False
Q09902	Schizosaccharomyces pombe	Fungi	85	False
Q0WNP8	Arabidopsis	Plants	263	False
Q0WPT7	Arabidopsis	Plants	352	False
Q10200	Schizosaccharomyces pombe	Fungi	466	False
Q10262	Schizosaccharomyces pombe	Fungi	131	False
Q10296	Schizosaccharomyces pombe	Fungi	138	False
Q10308	Schizosaccharomyces pombe	Fungi	269	False
Q10422	Schizosaccharomyces pombe	Fungi	297	False
Q12020	Saccharomyces cerevisiae	Fungi	392	False
Q12032	Saccharomyces cerevisiae	Fungi	185	False
Q12179	Saccharomyces cerevisiae	Fungi	454	False
Q12182	Saccharomyces cerevisiae	Fungi	319	False
Q12259	Saccharomyces cerevisiae	Fungi	485	False
Q12298	Saccharomyces cerevisiae	Fungi	539	False
Q12418	Saccharomyces cerevisiae	Fungi	502	False
Q12486	Saccharomyces cerevisiae	Fungi	218	False
Q12497	Saccharomyces cerevisiae	Fungi	93	False
Q12523	Saccharomyces cerevisiae	Fungi	523	False
Q156A1	Homo	Metazoa	80	False
Q1K5R0	Neurospora crassa	Fungi	108	False
Q1K699	Neurospora crassa	Fungi	303	False
Q1K6Q3	Neurospora crassa	Fungi	236	False
Q1K7P9	Neurospora crassa	Fungi	140	False
Q1K8C8	Neurospora crassa	Fungi	193	False
Q1K8Y7	Neurospora crassa	Fungi	161	False
Q1W209	Homo	Metazoa	222	False
Q24JJ9	Arabidopsis	Plants	361	False
Q25423	lizard Leishmania	Other	187	False
Q2HJF1	Bos	Metazoa	112	False
Q2KI49	Bos	Metazoa	159	False
Q2TBS2	Bos	Metazoa	209	False
Q32065	Chlamydomonas	Plants	2971	False
Q32SG5	Zea	Plants	616	False
Q34807	Wickerhamomyces	Fungi	231	False
Q37707	Artemia	Metazoa	53	True
Q3E747	Saccharomyces cerevisiae	Fungi	85	False
Q3E756	Saccharomyces cerevisiae	Fungi	94	False
Q3E7A3	Saccharomyces cerevisiae	Fungi	74	True
Q3E7A8	Saccharomyces cerevisiae	Fungi	72	False
Q3E7A9	Saccharomyces cerevisiae	Fungi	73	False
Q3E7B7	Saccharomyces cerevisiae	Fungi	68	False
Q3E823	Saccharomyces cerevisiae	Fungi	68	False
Q54ET6	Dictyostelium	Other	2364	False
Q5H943	Homo	Metazoa	113	True
Q5U419	Mus	Metazoa	412	True
Q5XID5	Rattus	Metazoa	127	False
Q6UL01	Mus	Metazoa	79	False
Q6ZIV7	Oryza sativa	Plants	284	False
Q7M2P1	Sus	Metazoa	76	False
Q7RXV8	Neurospora crassa	Fungi	449	False
Q7RYV0	Neurospora crassa	Fungi	176	False
Q7RYW7	Neurospora crassa	Fungi	396	False
Q7S054	Neurospora crassa	Fungi	300	False
Q7S2H6	Neurospora crassa	Fungi	310	False
Q7S300	Neurospora crassa	Fungi	138	False
Q7S4E0	Neurospora crassa	Fungi	165	False
Q7S4E7	Neurospora crassa	Fungi	124	False
Q7S4Y4	Neurospora crassa	Fungi	90	False
Q7S5N0	Neurospora crassa	Fungi	364	False
Q7S5W0	Neurospora crassa	Fungi	103	False
Q7S711	Neurospora crassa	Fungi	443	False
Q7SCZ3	Neurospora crassa	Fungi	218	False
Q7SEK9	Neurospora crassa	Fungi	163	False
Q7SF85	Neurospora crassa	Fungi	113	False
Q7SG49	Neurospora crassa	Fungi	414	False
Q7SGH0	Neurospora crassa	Fungi	98	False
Q7SGU0	Neurospora crassa	Fungi	376	False
Q7SHF3	Neurospora crassa	Fungi	161	False
Q7SHR9	Neurospora crassa	Fungi	316	False
Q8BH07	Mus	Metazoa	226	False
Q8BLQ0	Mus	Metazoa	456	False
Q8BNX7	Mus	Metazoa	165	False
Q8BVR0	Mus	Metazoa	90	False
Q8H0M1	Spinacia	Plants	329	False
Q8H124	Arabidopsis	Plants	280	False
Q8I299	Plasmodium falciparum	Other	791	False
Q8L8M9	Arabidopsis	Plants	442	False
Q8LB54	Arabidopsis	Plants	355	False
Q8LBV4	Arabidopsis	Plants	355	False
Q8VYR5	Arabidopsis	Plants	444	False
Q8W4F1	Arabidopsis	Plants	284	False
Q93V85	Arabidopsis	Plants	417	False
Q944H2	Arabidopsis	Plants	391	False
Q94KU6	Brassica	Plants	319	False
Q96NS1	Homo	Metazoa	127	False
Q96VH4	Saccharomyces cerevisiae	Fungi	193	False
Q96WW3	Schizosaccharomyces pombe	Fungi	117	False
Q9C0U3	Schizosaccharomyces pombe	Fungi	109	False
Q9C108	Schizosaccharomyces pombe	Fungi	163	False
Q9CQE1	Mus	Metazoa	247	False
Q9D7K5	Mus	Metazoa	258	False
Q9FZ89	Arabidopsis	Plants	123	False
Q9FZD1	Arabidopsis	Plants	630	False
Q9GGE2	Chlamydomonas	Plants	100	False
Q9HFE6	Schizosaccharomyces pombe	Fungi	478	False
Q9LG23	Arabidopsis	Plants	398	False
Q9LK57	Arabidopsis	Plants	394	False
Q9LK76	Arabidopsis	Plants	389	False
Q9LKA0	Arabidopsis	Plants	259	False
Q9LQI7	Arabidopsis	Plants	227	False
Q9LVV5	Arabidopsis	Plants	223	False
Q9LY99	Arabidopsis	Plants	249	True
Q9M815	Arabidopsis	Plants	190	False
Q9P7B7	Schizosaccharomyces pombe	Fungi	295	False
Q9P7U2	Schizosaccharomyces pombe	Fungi	351	False
Q9SAB4	Arabidopsis	Plants	405	False
Q9SQU2	Arabidopsis	Plants	199	True
Q9SR77	Arabidopsis	Plants	309	False
Q9SRS5	Arabidopsis	Plants	217	False
Q9SW33	Arabidopsis	Plants	225	False
Q9SX98	Arabidopsis	Plants	519	False
Q9UJC5	Homo	Metazoa	107	False
Q9URV3	Schizosaccharomyces pombe	Fungi	296	False
Q9UT17	Schizosaccharomyces pombe	Fungi	328	False
Q9UT31	Schizosaccharomyces pombe	Fungi	241	False
Q9UTA6	Schizosaccharomyces pombe	Fungi	303	False
Q9UUA8	Schizosaccharomyces pombe	Fungi	120	False
Q9UUH6	Schizosaccharomyces pombe	Fungi	188	False
Q9UUK4	Schizosaccharomyces pombe	Fungi	202	False
Q9VPF9	melanogaster subgroup	Metazoa	373	False
Q9WU12	Mus	Metazoa	71	False
Q9Y675	Homo	Metazoa	71	False
Q9Y7K9	Schizosaccharomyces pombe	Fungi	246	False
Q9Y7M6	Schizosaccharomyces pombe	Fungi	217	False
Q9Y7U7	Schizosaccharomyces pombe	Fungi	878	False
Q9ZP40	Lathyrus	Plants	358	False
U9W8F2	Neurospora crassa	Fungi	110	False
V5IM60	Neurospora crassa	Fungi	59	False
V5IQE0	Neurospora crassa	Fungi	202	False
C0HMD7	Homo	Metazoa	151	False
P19407	Spinacia	Plants	62	True
P40166	Saccharomyces cerevisiae	Fungi	100	False
P53307	Saccharomyces cerevisiae	Fungi	113	False
