accession	organism	kingdom	length	cleavage_site
A0A0D1DWQ2	Mycosarcoma maydis (Corn smut fungus) (Ustilago maydis)	Fungi	290	21
A0A1L6K371	Juglans nigra (Black walnut) (Wallia nigra)	Plants	510	23
A0A1S3PBB7	Salmo salar (Atlantic salmon)	Metazoa	375	23
A0A2I4E5L6	Juglans regia (English walnut)	Plants	502	27
A0A2L0ART2	Scolopendra mutilans (Chinese red-headed centipede) (Scolopendra subspinipes mutilans)	Metazoa	76	23
A0A411EZW9	Agkistrodon piscivorus leucostoma (Western cottonmouth) (Acontias leucostoma)	Metazoa	138	16
A0A482A9N4	Talaromyces verruculosus (Penicillium verruculosum)	Fungi	328	21
A0A5C2A2T2	Conus purpurascens (Purple cone)	Metazoa	178	24
A0A7E5WTY7	Trichoplusia ni (Cabbage looper)	Metazoa	211	20
A0A7J6K7I9	Toxoplasma gondii	Other	553	64
A0A7J6K7Y0	Toxoplasma gondii	Other	640	70
A0A7M6UMR7	Apis mellifera (Honeybee)	Metazoa	1010	16
A0A8T9EMC0	Heliotropium indicum (Indian heliotrope)	Plants	661	20
A0A8U0WQF3	Apis mellifera (Honeybee)	Metazoa	684	21
A0A8U1C2Y4	Apis mellifera (Honeybee)	Metazoa	686	19
A2AJB7	Mus musculus (Mouse)	Metazoa	192	26
A2VBC4	Polybia paulista (Neotropical social wasp) (Swarm-founding polistine wasp)	Metazoa	322	18
A3RF67	Dalbergia nigrescens (Thai blackwood)	Plants	547	31
A4VBF0	Vipera nikolskii (Nikolsky's adder) (Vipera berus nikolskii)	Metazoa	138	16
A5HAK0	Danio rerio (Zebrafish) (Brachydanio rerio)	Metazoa	149	22
A6P6V9	Cannabis sativa (Hemp) (Marijuana)	Plants	544	28
A6XMY0	Hyas araneus (Atlantic lyre crab) (Great spider crab)	Metazoa	64	25
A8CG78	Daboia siamensis (Eastern Russel's viper) (Daboia russelii siamensis)	Metazoa	138	16
A8CG82	Daboia siamensis (Eastern Russel's viper) (Daboia russelii siamensis)	Metazoa	138	16
A8CG86	Daboia russelii (Russel's viper) (Vipera russelii)	Metazoa	138	16
A8CL69	Apis mellifera (Honeybee)	Metazoa	195	33
A8E2V8	Trimeresurus gracilis (Kikuchi habu)	Metazoa	139	16
A8QL52	Bungarus fasciatus (Banded krait) (Pseudoboa fasciata)	Metazoa	517	19
B0XT72	Aspergillus fumigatus (strain CBS 144.89 / FGSC A1163 / CEA10) (Neosartorya fumigata)	Fungi	452	19
B2G331	Radianthus crispa (Leathery sea anemone) (Heteractis crispa)	Metazoa	78	22
B3A003	Crassostrea virginica (Eastern oyster)	Metazoa	187	18
B7S4N9	Oxyuranus scutellatus scutellatus (Australian taipan) (Coastal taipan)	Metazoa	88	24
B7ZS96	Xenopus laevis (African clawed frog)	Metazoa	153	19
B8AL97	Oryza sativa subsp. indica (Rice)	Plants	470	34
B8JLQ9	Danio rerio (Zebrafish) (Brachydanio rerio)	Metazoa	363	24
C0H9B6	Salmo salar (Atlantic salmon)	Metazoa	413	19
C0HJM9	Tityus fasciolatus (Central Brazilian scorpion)	Metazoa	84	20
C0HK27	Dioclea lasiophylla	Plants	291	28
C0HKC3	Agkistrodon piscivorus leucostoma (Western cottonmouth) (Acontias leucostoma)	Metazoa	139	16
C0HKM3	Conus purpurascens (Purple cone)	Metazoa	458	18
C0HLL2	Pithecopus azureus (Orange-legged monkey tree frog) (Phyllomedusa azurea)	Metazoa	146	18
C7F6X3	Leucosporidium sp. (strain AY30) (Arctic yeast)	Fungi	261	20
C7G3K3	Liocheles australasiae (Dwarf wood scorpion)	Metazoa	80	21
C9K4X8	Patiria pectinifera (Starfish) (Asterina pectinifera)	Metazoa	116	29
D3GDK4	Cryptopygus antarcticus (Antarctic springtail)	Metazoa	225	15
D4A540	Rattus norvegicus (Rat)	Metazoa	148	31
E0D877	Aedes albopictus (Asian tiger mosquito) (Stegomyia albopicta)	Metazoa	564	25
E3W9M2	Dianthus caryophyllus (Carnation) (Clove pink)	Plants	502	30
E7BLC7	Androctonus crassicauda (Arabian fat-tailed scorpion)	Metazoa	84	17
E7CLP2	Rhopalurus junceus (Caribbean blue scorpion) (Heteroctenus junceus)	Metazoa	83	18
F1N2K1	Bos taurus (Bovine)	Metazoa	508	31
F1N5C8	Bos taurus (Bovine)	Metazoa	445	22
F1NSM7	Gallus gallus (Chicken)	Metazoa	743	18
F1RRV3	Sus scrofa (Pig)	Metazoa	2692	19
F8QN53	Vipera renardi (Steppe viper) (Vipera ursinii renardi)	Metazoa	137	16
F8QN54	Vipera renardi (Steppe viper) (Vipera ursinii renardi)	Metazoa	138	16
G4ZHR2	Phytophthora sojae (strain P6497) (Soybean stem and root rot agent) (Phytophthora megasperma f. sp. glycines)	Other	241	19
G5ED35	Caenorhabditis elegans	Metazoa	135	20
G8XQX1	Daboia russelii (Russel's viper) (Vipera russelii)	Metazoa	504	18
H6U1I8	Tanacetum cinerariifolium (Dalmatian daisy) (Chrysanthemum cinerariifolium)	Plants	365	27
I1SB12	Microdochium nivale (Pink snow mold) (Lanosa nivalis)	Fungi	495	22
I2C090	Ophiophagus hannah (King cobra) (Naja hannah)	Metazoa	1641	22
I2G9B4	Macrovipera lebetinus transmediterranea (Blunt-nosed viper) (Vipera lebetina transmediterranea)	Metazoa	95	24
I3LGZ3	Sus scrofa (Pig)	Metazoa	81	24
J7H670	Lachesis muta (South American bushmaster)	Metazoa	516	18
K9IMD0	Desmodus rotundus (Vampire bat)	Metazoa	708	19
K9L4P7	Penicillium chrysogenum (Penicillium notatum)	Fungi	604	18
M1MR49	Rhipicephalus appendiculatus (Brown ear tick)	Metazoa	176	24
O00092	Aspergillus fumigatus (strain ATCC MYA-4609 / CBS 101355 / FGSC A1100 / Af293) (Neosartorya fumigata)	Fungi	465	26
O00100	Aspergillus terreus	Fungi	466	19
O00175	Homo sapiens (Human)	Metazoa	119	26
O00206	Homo sapiens (Human)	Metazoa	839	23
O00300	Homo sapiens (Human)	Metazoa	401	21
O00478	Homo sapiens (Human)	Metazoa	584	29
O00585	Homo sapiens (Human)	Metazoa	134	23
O00602	Homo sapiens (Human)	Metazoa	326	29
O00626	Homo sapiens (Human)	Metazoa	93	24
O00748	Homo sapiens (Human)	Metazoa	559	26
O00754	Homo sapiens (Human)	Metazoa	1011	49
O01949	Aedes aegypti (Yellowfever mosquito) (Culex aegypti)	Metazoa	273	19
O02839	Sus scrofa (Pig)	Metazoa	363	44
O02853	Bos taurus (Bovine)	Metazoa	191	28
O08523	Mus musculus (Mouse)	Metazoa	2155	24
O08795	Mus musculus (Mouse)	Metazoa	521	14
O09049	Mus musculus (Mouse)	Metazoa	174	26
O09165	Mus musculus (Mouse)	Metazoa	405	34
O11780	Sus scrofa (Pig)	Metazoa	683	23
O13547	Saccharomyces cerevisiae (strain ATCC 204508 / S288c) (Baker's yeast)	Fungi	238	22
O14625	Homo sapiens (Human)	Metazoa	94	21
O14763	Homo sapiens (Human)	Metazoa	440	55
O14773	Homo sapiens (Human)	Metazoa	563	19
O14786	Homo sapiens (Human)	Metazoa	923	21
O14791	Homo sapiens (Human)	Metazoa	398	27
O14798	Homo sapiens (Human)	Metazoa	259	25
O15197	Homo sapiens (Human)	Metazoa	1021	31
O15455	Homo sapiens (Human)	Metazoa	904	23
O15467	Homo sapiens (Human)	Metazoa	120	23
O18330	Apis mellifera (Honeybee)	Metazoa	432	19
O18998	Oryctolagus cuniculus (Rabbit)	Metazoa	281	21
O35310	Mus musculus (Mouse)	Metazoa	311	20
O35314	Rattus norvegicus (Rat)	Metazoa	675	20
O35701	Mus musculus (Mouse)	Metazoa	481	27
O35744	Mus musculus (Mouse)	Metazoa	398	21
O42414	Gallus gallus (Chicken)	Metazoa	1369	25
O42446	Oreochromis mossambicus (Mozambique tilapia) (Tilapia mossambica)	Metazoa	284	26
O42807	Aspergillus niger	Fungi	281	21
O43155	Homo sapiens (Human)	Metazoa	660	35
O43278	Homo sapiens (Human)	Metazoa	529	35
O43291	Homo sapiens (Human)	Metazoa	252	27
O43827	Homo sapiens (Human)	Metazoa	346	26
O43852	Homo sapiens (Human)	Metazoa	315	19
O43866	Homo sapiens (Human)	Metazoa	347	19
O46432	Felis catus (Cat) (Felis silvestris catus)	Metazoa	1007	50
O54766	Rattus norvegicus (Rat)	Metazoa	617	20
O54767	Rattus norvegicus (Rat)	Metazoa	695	24
O54861	Rattus norvegicus (Rat)	Metazoa	825	31
O55038	Mus musculus (Mouse)	Metazoa	109	21
O55232	Rattus norvegicus (Rat)	Metazoa	130	32
O55245	Crocodylus porosus (Saltwater crocodile) (Estuarine crocodile)	Metazoa	150	20
O57385	Deinagkistrodon acutus (Hundred-pace snake) (Agkistrodon acutus)	Metazoa	138	16
O60449	Homo sapiens (Human)	Metazoa	1722	27
O60565	Homo sapiens (Human)	Metazoa	184	24
O60602	Homo sapiens (Human)	Metazoa	858	20
O60609	Homo sapiens (Human)	Metazoa	400	31
O60844	Homo sapiens (Human)	Metazoa	167	16
O60931	Homo sapiens (Human)	Metazoa	367	22
O61668	Olivierus martensii (Manchurian scorpion) (Mesobuthus martensii)	Metazoa	88	18
O61705	Olivierus martensii (Manchurian scorpion) (Mesobuthus martensii)	Metazoa	84	19
O62680	Sus scrofa (Pig)	Metazoa	123	25
O64392	Triticum aestivum (Wheat)	Plants	146	21
O64411	Zea mays (Maize)	Plants	500	28
O70165	Mus musculus (Mouse)	Metazoa	334	17
O75462	Homo sapiens (Human)	Metazoa	422	37
O75556	Homo sapiens (Human)	Metazoa	95	18
O75629	Homo sapiens (Human)	Metazoa	220	31
O75636	Homo sapiens (Human)	Metazoa	299	23
O76076	Homo sapiens (Human)	Metazoa	250	23
O76818	Agrotis ipsilon (Black cutworm moth)	Metazoa	193	19
O77801	Bos taurus (Bovine)	Metazoa	132	21
O80323	Pyrus pyrifolia (Chinese pear) (Pyrus serotina)	Plants	222	22
O88188	Mus musculus (Mouse)	Metazoa	162	19
O88917	Rattus norvegicus (Rat)	Metazoa	1515	24
O89093	Mus musculus (Mouse)	Metazoa	97	27
O93364	Crotalus adamanteus (Eastern diamondback rattlesnake)	Metazoa	516	18
O94907	Homo sapiens (Human)	Metazoa	266	31
O94985	Homo sapiens (Human)	Metazoa	981	28
O95407	Homo sapiens (Human)	Metazoa	300	29
O95633	Homo sapiens (Human)	Metazoa	263	26
O95711	Homo sapiens (Human)	Metazoa	162	20
O95715	Homo sapiens (Human)	Metazoa	111	34
O95750	Homo sapiens (Human)	Metazoa	216	24
O95813	Homo sapiens (Human)	Metazoa	267	17
O95866	Homo sapiens (Human)	Metazoa	241	17
O95881	Homo sapiens (Human)	Metazoa	172	26
O95967	Homo sapiens (Human)	Metazoa	443	23
O95968	Homo sapiens (Human)	Metazoa	90	21
O95994	Homo sapiens (Human)	Metazoa	175	20
O95998	Homo sapiens (Human)	Metazoa	194	30
O97763	Sus scrofa (Pig)	Metazoa	149	19
O97939	Sus scrofa (Pig)	Metazoa	1142	38
P00433	Armoracia rusticana (Horseradish) (Armoracia laphatifolia)	Plants	353	30
P00450	Homo sapiens (Human)	Metazoa	1065	19
P00533	Homo sapiens (Human)	Metazoa	1210	24
P00592	Sus scrofa (Pig)	Metazoa	146	15
P00593	Bos taurus (Bovine)	Metazoa	145	15
P00615	Oxyuranus scutellatus scutellatus (Australian taipan) (Coastal taipan)	Metazoa	145	27
P00616	Oxyuranus scutellatus scutellatus (Australian taipan) (Coastal taipan)	Metazoa	152	19
P00624	Crotalus atrox (Western diamondback rattlesnake)	Metazoa	138	16
P00625	Ovophis okinavensis (Ryukyu Island pit viper) (Trimeresurus okinavensis)	Metazoa	139	16
P00626	Vipera ammodytes ammodytes (Western sand viper)	Metazoa	138	16
P00635	Saccharomyces cerevisiae (strain ATCC 204508 / S288c) (Baker's yeast)	Fungi	467	17
P00639	Bos taurus (Bovine)	Metazoa	282	22
P00655	Aspergillus giganteus	Fungi	177	27
P00669	Bos taurus (Bovine)	Metazoa	150	26
P00684	Rattus norvegicus (Rat)	Metazoa	152	25
P00687	Mus musculus (Mouse)	Metazoa	511	15
P00688	Mus musculus (Mouse)	Metazoa	508	15
P00690	Sus scrofa (Pig)	Metazoa	511	15
P00697	Rattus norvegicus (Rat)	Metazoa	148	18
P00698	Gallus gallus (Chicken)	Metazoa	147	18
P00701	Coturnix japonica (Japanese quail) (Coturnix coturnix japonica)	Metazoa	147	18
P00702	Phasianus colchicus colchicus (Black-necked pheasant)	Metazoa	147	17
P00703	Meleagris gallopavo (Wild turkey)	Metazoa	147	18
P00709	Homo sapiens (Human)	Metazoa	142	19
P00711	Bos taurus (Bovine)	Metazoa	142	19
P00712	Capra hircus (Goat)	Metazoa	142	19
P00713	Cavia porcellus (Guinea pig)	Metazoa	142	19
P00714	Rattus norvegicus (Rat)	Metazoa	159	19
P00716	Oryctolagus cuniculus (Rabbit)	Metazoa	141	19
P00724	Saccharomyces cerevisiae (strain ATCC 204508 / S288c) (Baker's yeast)	Fungi	532	19
P00730	Bos taurus (Bovine)	Metazoa	419	16
P00736	Homo sapiens (Human)	Metazoa	705	17
P00738	Homo sapiens (Human)	Metazoa	406	18
P00747	Homo sapiens (Human)	Metazoa	810	19
P00748	Homo sapiens (Human)	Metazoa	615	19
P00749	Homo sapiens (Human)	Metazoa	431	20
P00750	Homo sapiens (Human)	Metazoa	562	22
P00751	Homo sapiens (Human)	Metazoa	764	25
P00757	Mus musculus (Mouse)	Metazoa	256	17
P00760	Bos taurus (Bovine)	Metazoa	246	17
P00772	Sus scrofa (Pig)	Metazoa	266	16
P00773	Rattus norvegicus (Rat)	Metazoa	266	16
P00791	Sus scrofa (Pig)	Metazoa	385	15
P00794	Bos taurus (Bovine)	Metazoa	381	16
P00797	Homo sapiens (Human)	Metazoa	406	23
P00995	Homo sapiens (Human)	Metazoa	79	23
P01001	Bos taurus (Bovine)	Metazoa	80	23
P01005	Gallus gallus (Chicken)	Metazoa	210	24
P01008	Homo sapiens (Human)	Metazoa	464	32
P01009	Homo sapiens (Human)	Metazoa	418	24
P01011	Homo sapiens (Human)	Metazoa	423	23
P01015	Rattus norvegicus (Rat)	Metazoa	477	24
P01019	Homo sapiens (Human)	Metazoa	476	24
P01023	Homo sapiens (Human)	Metazoa	1474	23
P01024	Homo sapiens (Human)	Metazoa	1663	22
P01027	Mus musculus (Mouse)	Metazoa	1663	24
P01033	Homo sapiens (Human)	Metazoa	207	23
P01034	Homo sapiens (Human)	Metazoa	146	26
P01036	Homo sapiens (Human)	Metazoa	141	20
P01037	Homo sapiens (Human)	Metazoa	141	20
P01042	Homo sapiens (Human)	Metazoa	644	18
P01045	Bos taurus (Bovine)	Metazoa	619	18
P01048	Rattus norvegicus (Rat)	Metazoa	430	18
P01083	Triticum aestivum (Wheat)	Plants	153	30
P01131	Bos taurus (Bovine)	Metazoa	845	21
P01137	Homo sapiens (Human)	Metazoa	390	29
P01139	Mus musculus (Mouse)	Metazoa	241	18
P01148	Homo sapiens (Human)	Metazoa	92	23
P01161	Rattus norvegicus (Rat)	Metazoa	152	24
P01165	Sus scrofa (Pig)	Metazoa	207	22
P01168	Sus scrofa (Pig)	Metazoa	116	24
P01175	Bos taurus (Bovine)	Metazoa	125	19
P01177	Sus scrofa (Pig)	Metazoa	125	19
P01178	Homo sapiens (Human)	Metazoa	125	19
P01179	Rattus norvegicus (Rat)	Metazoa	125	19
P01180	Bos taurus (Bovine)	Metazoa	166	19
P01183	Sus scrofa (Pig)	Metazoa	166	19
P01185	Homo sapiens (Human)	Metazoa	164	19
P01186	Rattus norvegicus (Rat)	Metazoa	168	23
P01189	Homo sapiens (Human)	Metazoa	267	26
P01215	Homo sapiens (Human)	Metazoa	116	24
P01218	Ovis aries (Sheep)	Metazoa	120	24
P01222	Homo sapiens (Human)	Metazoa	138	20
P01225	Homo sapiens (Human)	Metazoa	129	18
P01229	Homo sapiens (Human)	Metazoa	141	20
P01231	Ovis aries (Sheep)	Metazoa	141	20
P01235	Cyprinus carpio (Common carp)	Metazoa	144	27
P01236	Homo sapiens (Human)	Metazoa	227	28
P01237	Rattus norvegicus (Rat)	Metazoa	226	29
P01238	Sus scrofa (Pig)	Metazoa	229	30
P01239	Bos taurus (Bovine)	Metazoa	229	30
P01240	Ovis aries (Sheep)	Metazoa	229	30
P01241	Homo sapiens (Human)	Metazoa	217	26
P01242	Homo sapiens (Human)	Metazoa	217	26
P01246	Bos taurus (Bovine)	Metazoa	217	26
P01268	Bos taurus (Bovine)	Metazoa	115	25
P01270	Homo sapiens (Human)	Metazoa	115	25
P01274	Sus scrofa (Pig)	Metazoa	180	20
P01297	Sus scrofa (Pig)	Metazoa	121	24
P01303	Homo sapiens (Human)	Metazoa	97	28
P01308	Homo sapiens (Human)	Metazoa	110	24
P01315	Sus scrofa (Pig)	Metazoa	108	24
P01317	Bos taurus (Bovine)	Metazoa	105	24
P01321	Canis lupus familiaris (Dog) (Canis familiaris)	Metazoa	110	24
P01322	Rattus norvegicus (Rat)	Metazoa	110	24
P01323	Rattus norvegicus (Rat)	Metazoa	110	24
P01325	Mus musculus (Mouse)	Metazoa	108	24
P01326	Mus musculus (Mouse)	Metazoa	110	24
P01329	Cavia porcellus (Guinea pig)	Metazoa	110	24
P01344	Homo sapiens (Human)	Metazoa	180	24
P01346	Rattus norvegicus (Rat)	Metazoa	180	24
P01347	Rattus norvegicus (Rat)	Metazoa	186	22
P01348	Sus scrofa (Pig)	Metazoa	182	24
P01350	Homo sapiens (Human)	Metazoa	101	21
P01398	Bungarus multicinctus (Many-banded krait)	Metazoa	87	21
P01484	Androctonus australis (Sahara scorpion)	Metazoa	85	19
P01492	Centruroides sculpturatus (Arizona bark scorpion)	Metazoa	87	19
P01500	Apis mellifera (Honeybee)	Metazoa	46	27
P01563	Homo sapiens (Human)	Metazoa	188	23
P01568	Homo sapiens (Human)	Metazoa	189	23
P01570	Homo sapiens (Human)	Metazoa	189	23
P01572	Mus musculus (Mouse)	Metazoa	189	23
P01579	Homo sapiens (Human)	Metazoa	166	23
P01588	Homo sapiens (Human)	Metazoa	193	27
P01591	Homo sapiens (Human)	Metazoa	159	22
P01593	Homo sapiens (Human)	Metazoa	117	22
P01594	Homo sapiens (Human)	Metazoa	117	22
P01597	Homo sapiens (Human)	Metazoa	117	22
P01602	Homo sapiens (Human)	Metazoa	117	22
P01615	Homo sapiens (Human)	Metazoa	120	19
P01619	Homo sapiens (Human)	Metazoa	116	20
P01699	Homo sapiens (Human)	Metazoa	117	19
P01700	Homo sapiens (Human)	Metazoa	117	19
P01701	Homo sapiens (Human)	Metazoa	117	19
P01704	Homo sapiens (Human)	Metazoa	120	19
P01705	Homo sapiens (Human)	Metazoa	113	19
P01706	Homo sapiens (Human)	Metazoa	119	19
P01709	Homo sapiens (Human)	Metazoa	118	19
P01721	Homo sapiens (Human)	Metazoa	117	19
P01730	Homo sapiens (Human)	Metazoa	458	25
P01742	Homo sapiens (Human)	Metazoa	117	19
P01764	Homo sapiens (Human)	Metazoa	117	19
P01768	Homo sapiens (Human)	Metazoa	117	19
P01772	Homo sapiens (Human)	Metazoa	117	19
P01814	Homo sapiens (Human)	Metazoa	119	19
P01830	Rattus norvegicus (Rat)	Metazoa	161	19
P01831	Mus musculus (Mouse)	Metazoa	162	19
P01833	Homo sapiens (Human)	Metazoa	764	18
P01887	Mus musculus (Mouse)	Metazoa	119	20
P01888	Bos taurus (Bovine)	Metazoa	118	20
P01889	Homo sapiens (Human)	Metazoa	362	24
P01899	Mus musculus (Mouse)	Metazoa	362	24
P01901	Mus musculus (Mouse)	Metazoa	369	21
P01902	Mus musculus (Mouse)	Metazoa	368	21
P01903	Homo sapiens (Human)	Metazoa	254	25
P01909	Homo sapiens (Human)	Metazoa	254	23
P01911	Homo sapiens (Human)	Metazoa	266	29
P01920	Homo sapiens (Human)	Metazoa	261	32
P02462	Homo sapiens (Human)	Metazoa	1669	27
P02466	Rattus norvegicus (Rat)	Metazoa	1372	22
P02647	Homo sapiens (Human)	Metazoa	267	18
P02648	Canis lupus familiaris (Dog) (Canis familiaris)	Metazoa	266	18
P02649	Homo sapiens (Human)	Metazoa	317	18
P02652	Homo sapiens (Human)	Metazoa	100	18
P02654	Homo sapiens (Human)	Metazoa	83	26
P02655	Homo sapiens (Human)	Metazoa	101	22
P02656	Homo sapiens (Human)	Metazoa	99	20
P02662	Bos taurus (Bovine)	Metazoa	214	15
P02663	Bos taurus (Bovine)	Metazoa	222	15
P02666	Bos taurus (Bovine)	Metazoa	224	15
P02668	Bos taurus (Bovine)	Metazoa	190	21
P02669	Ovis aries (Sheep)	Metazoa	192	21
P02670	Capra hircus (Goat)	Metazoa	192	21
P02671	Homo sapiens (Human)	Metazoa	866	19
P02672	Bos taurus (Bovine)	Metazoa	615	19
P02675	Homo sapiens (Human)	Metazoa	491	30
P02679	Homo sapiens (Human)	Metazoa	453	26
P02701	Gallus gallus (Chicken)	Metazoa	152	24
P02702	Bos taurus (Bovine)	Metazoa	241	19
P02708	Homo sapiens (Human)	Metazoa	457	20
P02712	Tetronarce californica (Pacific electric ray) (Torpedo californica)	Metazoa	493	24
P02724	Homo sapiens (Human)	Metazoa	150	19
P02741	Homo sapiens (Human)	Metazoa	224	18
P02743	Homo sapiens (Human)	Metazoa	223	19
P02745	Homo sapiens (Human)	Metazoa	245	22
P02746	Homo sapiens (Human)	Metazoa	253	27
P02747	Homo sapiens (Human)	Metazoa	245	28
P02748	Homo sapiens (Human)	Metazoa	559	21
P02749	Homo sapiens (Human)	Metazoa	345	19
P02750	Homo sapiens (Human)	Metazoa	347	35
P02751	Homo sapiens (Human)	Metazoa	2477	31
P02752	Gallus gallus (Chicken)	Metazoa	238	17
P02753	Homo sapiens (Human)	Metazoa	201	18
P02754	Bos taurus (Bovine)	Metazoa	178	16
P02760	Homo sapiens (Human)	Metazoa	352	19
P02761	Rattus norvegicus (Rat)	Metazoa	181	19
P02763	Homo sapiens (Human)	Metazoa	201	18
P02765	Homo sapiens (Human)	Metazoa	367	18
P02766	Homo sapiens (Human)	Metazoa	147	20
P02767	Rattus norvegicus (Rat)	Metazoa	147	20
P02769	Bos taurus (Bovine)	Metazoa	607	18
P02770	Rattus norvegicus (Rat)	Metazoa	608	18
P02771	Homo sapiens (Human)	Metazoa	609	18
P02774	Homo sapiens (Human)	Metazoa	474	16
P02775	Homo sapiens (Human)	Metazoa	128	34
P02776	Homo sapiens (Human)	Metazoa	101	31
P02778	Homo sapiens (Human)	Metazoa	98	21
P02784	Bos taurus (Bovine)	Metazoa	134	25
P02787	Homo sapiens (Human)	Metazoa	698	19
P02788	Homo sapiens (Human)	Metazoa	710	19
P02789	Gallus gallus (Chicken)	Metazoa	705	19
P02790	Homo sapiens (Human)	Metazoa	462	23
P02808	Homo sapiens (Human)	Metazoa	62	19
P02810	Homo sapiens (Human)	Metazoa	166	16
P02814	Homo sapiens (Human)	Metazoa	79	22
P02817	Bos taurus (Bovine)	Metazoa	213	16
P02866	Canavalia ensiformis (Jack bean) (Dolichos ensiformis)	Plants	290	29
P02870	Lens culinaris (Lentil) (Cicer lens)	Plants	275	30
P02879	Ricinus communis (Castor bean)	Plants	576	35
P03950	Homo sapiens (Human)	Metazoa	147	24
P03954	Macaca fuscata fuscata (Japanese macaque)	Metazoa	388	15
P03971	Homo sapiens (Human)	Metazoa	560	24
P03973	Homo sapiens (Human)	Metazoa	132	25
P04002	Pseudopleuronectes americanus (Winter flounder) (Pleuronectes americanus)	Metazoa	82	23
P04003	Homo sapiens (Human)	Metazoa	597	48
P04004	Homo sapiens (Human)	Metazoa	478	19
P04054	Homo sapiens (Human)	Metazoa	148	15
P04058	Tetronarce californica (Pacific electric ray) (Torpedo californica)	Metazoa	586	21
P04062	Homo sapiens (Human)	Metazoa	536	39
P04090	Homo sapiens (Human)	Metazoa	185	24
P04155	Homo sapiens (Human)	Metazoa	84	24
P04180	Homo sapiens (Human)	Metazoa	440	24
P04196	Homo sapiens (Human)	Metazoa	525	18
P04217	Homo sapiens (Human)	Metazoa	495	21
P04275	Homo sapiens (Human)	Metazoa	2813	22
P04276	Rattus norvegicus (Rat)	Metazoa	476	16
P04278	Homo sapiens (Human)	Metazoa	402	29
P04280	Homo sapiens (Human)	Metazoa	392	16
P04405	Glycine max (Soybean) (Glycine hispida)	Plants	485	18
P04421	Bos taurus (Bovine)	Metazoa	147	18
P04439	Homo sapiens (Human)	Metazoa	365	24
P04634	Rattus norvegicus (Rat)	Metazoa	395	18
P04639	Rattus norvegicus (Rat)	Metazoa	259	18
P04653	Ovis aries (Sheep)	Metazoa	214	15
P04785	Rattus norvegicus (Rat)	Metazoa	509	19
P04844	Homo sapiens (Human)	Metazoa	631	22
P04916	Rattus norvegicus (Rat)	Metazoa	201	18
P04925	Mus musculus (Mouse)	Metazoa	254	22
P04937	Rattus norvegicus (Rat)	Metazoa	2477	24
P05000	Homo sapiens (Human)	Metazoa	195	21
P05014	Homo sapiens (Human)	Metazoa	189	23
P05059	Bos taurus (Bovine)	Metazoa	449	18
P05060	Homo sapiens (Human)	Metazoa	677	20
P05067	Homo sapiens (Human)	Metazoa	770	17
P05090	Homo sapiens (Human)	Metazoa	189	20
P05113	Homo sapiens (Human)	Metazoa	134	19
P05117	Solanum lycopersicum (Tomato) (Lycopersicon esculentum)	Plants	457	24
P05154	Homo sapiens (Human)	Metazoa	406	19
P05155	Homo sapiens (Human)	Metazoa	500	22
P05160	Homo sapiens (Human)	Metazoa	661	20
P05164	Homo sapiens (Human)	Metazoa	745	48
P05186	Homo sapiens (Human)	Metazoa	524	17
P05187	Homo sapiens (Human)	Metazoa	535	22
P05231	Homo sapiens (Human)	Metazoa	212	29
P05305	Homo sapiens (Human)	Metazoa	212	17
P05307	Bos taurus (Bovine)	Metazoa	510	20
P05371	Rattus norvegicus (Rat)	Metazoa	447	21
P05408	Homo sapiens (Human)	Metazoa	212	26
P05451	Homo sapiens (Human)	Metazoa	166	22
P05452	Homo sapiens (Human)	Metazoa	202	21
P05533	Mus musculus (Mouse)	Metazoa	134	26
P05543	Homo sapiens (Human)	Metazoa	415	20
P05545	Rattus norvegicus (Rat)	Metazoa	416	20
P05546	Homo sapiens (Human)	Metazoa	499	19
P05555	Mus musculus (Mouse)	Metazoa	1153	16
P05623	Drosophila melanogaster (Fruit fly)	Metazoa	55	19
P05814	Homo sapiens (Human)	Metazoa	226	15
P06028	Homo sapiens (Human)	Metazoa	91	19
P06213	Homo sapiens (Human)	Metazoa	1382	27
P06276	Homo sapiens (Human)	Metazoa	602	28
P06281	Mus musculus (Mouse)	Metazoa	402	21
P06312	Homo sapiens (Human)	Metazoa	121	20
P06332	Mus musculus (Mouse)	Metazoa	457	26
P06399	Rattus norvegicus (Rat)	Metazoa	782	19
P06681	Homo sapiens (Human)	Metazoa	752	20
P06727	Homo sapiens (Human)	Metazoa	396	20
P06756	Homo sapiens (Human)	Metazoa	1048	30
P06797	Mus musculus (Mouse)	Metazoa	334	17
P06857	Canis lupus familiaris (Dog) (Canis familiaris)	Metazoa	467	17
P06858	Homo sapiens (Human)	Metazoa	475	27
P06859	Protobothrops flavoviridis (Habu) (Trimeresurus flavoviridis)	Metazoa	138	16
P06865	Homo sapiens (Human)	Metazoa	529	22
P06867	Sus scrofa (Pig)	Metazoa	809	19
P06868	Bos taurus (Bovine)	Metazoa	805	19
P07093	Homo sapiens (Human)	Metazoa	398	19
P07098	Homo sapiens (Human)	Metazoa	398	19
P07141	Mus musculus (Mouse)	Metazoa	552	32
P07151	Rattus norvegicus (Rat)	Metazoa	119	20
P07154	Rattus norvegicus (Rat)	Metazoa	334	17
P07204	Homo sapiens (Human)	Metazoa	575	18
P07214	Mus musculus (Mouse)	Metazoa	302	17
P07221	Oryctolagus cuniculus (Rabbit)	Metazoa	395	28
P07237	Homo sapiens (Human)	Metazoa	508	17
P07267	Saccharomyces cerevisiae (strain ATCC 204508 / S288c) (Baker's yeast)	Fungi	405	22
P07288	Homo sapiens (Human)	Metazoa	261	17
P07359	Homo sapiens (Human)	Metazoa	652	16
P07456	Bos taurus (Bovine)	Metazoa	179	24
P07477	Homo sapiens (Human)	Metazoa	247	15
P07478	Homo sapiens (Human)	Metazoa	247	15
P07602	Homo sapiens (Human)	Metazoa	524	16
P07634	Sus scrofa (Pig)	Metazoa	131	25
P07692	Torpedo marmorata (Marbled electric ray)	Metazoa	590	24
P07727	Rattus norvegicus (Rat)	Metazoa	457	28
P07759	Mus musculus (Mouse)	Metazoa	418	21
P07808	Rattus norvegicus (Rat)	Metazoa	98	29
P07897	Rattus norvegicus (Rat)	Metazoa	2124	19
P07981	Trichoderma reesei (Filamentous fungus) (Hypocrea jecorina)	Fungi	459	22
P07982	Trichoderma reesei (Filamentous fungus) (Hypocrea jecorina)	Fungi	418	21
P07994	Bos taurus (Bovine)	Metazoa	360	17
P07998	Homo sapiens (Human)	Metazoa	156	28
P08001	Sus scrofa (Pig)	Metazoa	415	16
P08069	Homo sapiens (Human)	Metazoa	1367	30
P08091	Schizosaccharomyces pombe (strain 972 / ATCC 24843) (Fission yeast)	Fungi	453	18
P08118	Homo sapiens (Human)	Metazoa	114	20
P08125	Gallus gallus (Chicken)	Metazoa	674	18
P08174	Homo sapiens (Human)	Metazoa	381	34
P08176	Dermatophagoides pteronyssinus (European house dust mite)	Metazoa	320	18
P08185	Homo sapiens (Human)	Metazoa	405	22
P08236	Homo sapiens (Human)	Metazoa	651	22
P08253	Homo sapiens (Human)	Metazoa	660	29
P08289	Rattus norvegicus (Rat)	Metazoa	524	17
P08505	Mus musculus (Mouse)	Metazoa	211	24
P08514	Homo sapiens (Human)	Metazoa	1039	31
P08582	Homo sapiens (Human)	Metazoa	738	19
P08603	Homo sapiens (Human)	Metazoa	1231	18
P08648	Homo sapiens (Human)	Metazoa	1049	41
P08661	Rattus norvegicus (Rat)	Metazoa	244	18
P08697	Homo sapiens (Human)	Metazoa	491	27
P08721	Rattus norvegicus (Rat)	Metazoa	317	16
P08751	Equus caballus (Horse)	Metazoa	169	20
P08796	Dictyostelium discoideum (Social amoeba)	Other	514	19
P08818	Hordeum vulgare (Barley)	Plants	476	34
P08833	Homo sapiens (Human)	Metazoa	259	25
P08842	Homo sapiens (Human)	Metazoa	583	21
P08878	Crotalus durissus terrificus (South American rattlesnake)	Metazoa	138	37
P08887	Homo sapiens (Human)	Metazoa	468	19
P08904	Bos taurus (Bovine)	Metazoa	154	27
P08905	Mus musculus (Mouse)	Metazoa	148	18
P08989	Canis lupus familiaris (Dog) (Canis familiaris)	Metazoa	146	23
P09056	Mus musculus (Mouse)	Metazoa	203	23
P09102	Gallus gallus (Chicken)	Metazoa	515	22
P09228	Homo sapiens (Human)	Metazoa	141	20
P09230	Yarrowia lipolytica (strain CLIB 122 / E 150) (Yeast) (Candida lipolytica)	Fungi	454	15
P09237	Homo sapiens (Human)	Metazoa	267	17
P09341	Homo sapiens (Human)	Metazoa	107	34
P09466	Homo sapiens (Human)	Metazoa	180	18
P09470	Mus musculus (Mouse)	Metazoa	1312	34
P09479	Gallus gallus (Chicken)	Metazoa	456	20
P09486	Homo sapiens (Human)	Metazoa	303	17
P09487	Bos taurus (Bovine)	Metazoa	524	17
P09603	Homo sapiens (Human)	Metazoa	554	32
P09619	Homo sapiens (Human)	Metazoa	1106	32
P09655	Rattus norvegicus (Rat)	Metazoa	79	18
P09871	Homo sapiens (Human)	Metazoa	688	15
P09923	Homo sapiens (Human)	Metazoa	528	19
P0C1B3	Aspergillus oryzae (strain ATCC 42149 / RIB 40) (Yellow koji mold)	Fungi	499	21
P0C8E7	Rhipicephalus sanguineus (Brown dog tick) (Ixodes sanguineus)	Metazoa	114	20
P0C8G6	Pomacea canaliculata (Golden apple snail)	Metazoa	565	26
P0CAR9	Cerastes cerastes (Horned desert viper)	Metazoa	137	16
P0CAS0	Cerastes cerastes (Horned desert viper)	Metazoa	136	16
P0CB51	Coccidioides posadasii (strain RMSCC 757 / Silveira) (Valley fever fungus)	Fungi	427	17
P0CC17	Bothrops atrox (Barba amarilla) (Fer-de-lance)	Metazoa	506	18
P0CS93	Gibberella zeae (Wheat head blight fungus) (Fusarium graminearum)	Fungi	680	24
P0CX77	Saccharomyces cerevisiae (strain ATCC 204508 / S288c) (Baker's yeast)	Fungi	362	25
P0CX78	Saccharomyces cerevisiae (strain ATCC 204508 / S288c) (Baker's yeast)	Fungi	362	25
P0CX79	Saccharomyces cerevisiae (strain ATCC 204508 / S288c) (Baker's yeast)	Fungi	362	25
P0CZ17	Saccharomyces cerevisiae (strain ATCC 204508 / S288c) (Baker's yeast)	Fungi	362	25
P0DJD7	Homo sapiens (Human)	Metazoa	388	15
P0DJD8	Homo sapiens (Human)	Metazoa	388	15
P0DJD9	Homo sapiens (Human)	Metazoa	388	15
P0DJI8	Homo sapiens (Human)	Metazoa	122	18
P0DJJ9	Protobothrops flavoviridis (Habu) (Trimeresurus flavoviridis)	Metazoa	138	16
P0DJN6	Crotalus horridus (Timber rattlesnake)	Metazoa	138	16
P0DJN7	Crotalus lepidus lepidus (Mottled rock rattlesnake)	Metazoa	138	16
P0DKL3	Maackia amurensis (Amur maackia)	Plants	287	29
P0DKR6	Dendroaspis polylepis polylepis (Black mamba)	Metazoa	78	21
P0DKU2	Pandinus imperator (Emperor scorpion)	Metazoa	145	15
P0DL37	Urodacus yaschenkoi (Inland robust scorpion)	Metazoa	62	24
P0DML2	Homo sapiens (Human)	Metazoa	217	26
P0DML3	Homo sapiens (Human)	Metazoa	217	26
P0DN86	Homo sapiens (Human)	Metazoa	165	20
P10040	Drosophila melanogaster (Fruit fly)	Metazoa	2146	83
P10082	Homo sapiens (Human)	Metazoa	97	28
P10124	Homo sapiens (Human)	Metazoa	158	27
P10144	Homo sapiens (Human)	Metazoa	247	18
P10145	Homo sapiens (Human)	Metazoa	99	20
P10147	Homo sapiens (Human)	Metazoa	92	23
P10152	Bos taurus (Bovine)	Metazoa	148	23
P10153	Homo sapiens (Human)	Metazoa	161	27
P10163	Homo sapiens (Human)	Metazoa	310	16
P10279	Bos taurus (Bovine)	Metazoa	264	24
P10297	Phytolacca americana (American pokeweed) (Phytolacca decandra)	Plants	313	22
P10354	Rattus norvegicus (Rat)	Metazoa	466	18
P10493	Mus musculus (Mouse)	Metazoa	1245	28
P10522	Bos taurus (Bovine)	Metazoa	248	28
P10619	Homo sapiens (Human)	Metazoa	480	28
P10631	Rattus norvegicus (Rat)	Metazoa	98	28
P10645	Homo sapiens (Human)	Metazoa	457	18
P10646	Homo sapiens (Human)	Metazoa	304	28
P10669	Sus scrofa (Pig)	Metazoa	344	29
P10720	Homo sapiens (Human)	Metazoa	104	30
P10745	Homo sapiens (Human)	Metazoa	1247	17
P10758	Rattus norvegicus (Rat)	Metazoa	165	21
P10761	Mus musculus (Mouse)	Metazoa	424	22
P10764	Ovis aries (Sheep)	Metazoa	179	24
P10820	Mus musculus (Mouse)	Metazoa	554	20
P10855	Mus musculus (Mouse)	Metazoa	92	23
P10889	Mus musculus (Mouse)	Metazoa	100	27
P10909	Homo sapiens (Human)	Metazoa	449	22
P10959	Rattus norvegicus (Rat)	Metazoa	549	18
P11021	Homo sapiens (Human)	Metazoa	654	18
P11150	Homo sapiens (Human)	Metazoa	499	22
P11151	Bos taurus (Bovine)	Metazoa	478	28
P11215	Homo sapiens (Human)	Metazoa	1152	16
P11218	Urtica dioica (Great nettle) (Stinging nettle)	Plants	372	23
P11226	Homo sapiens (Human)	Metazoa	248	20
P11279	Homo sapiens (Human)	Metazoa	417	28
P11407	Vipera ammodytes ammodytes (Western sand viper)	Metazoa	138	16
P11438	Mus musculus (Mouse)	Metazoa	406	24
P11590	Mus musculus (Mouse)	Metazoa	178	16
P11598	Rattus norvegicus (Rat)	Metazoa	505	24
P11654	Rattus norvegicus (Rat)	Metazoa	1886	25
P11684	Homo sapiens (Human)	Metazoa	91	21
P11717	Homo sapiens (Human)	Metazoa	2491	40
P11911	Mus musculus (Mouse)	Metazoa	220	28
P11912	Homo sapiens (Human)	Metazoa	226	32
P11916	Aquarana catesbeiana (American bullfrog) (Rana catesbeiana)	Metazoa	133	22
P11936	Sus scrofa (Pig)	Metazoa	284	22
P11941	Oncorhynchus mykiss (Rainbow trout) (Salmo gairdneri)	Metazoa	144	15
P12024	Drosophila melanogaster (Fruit fly)	Metazoa	1315	29
P12273	Homo sapiens (Human)	Metazoa	146	28
P12314	Homo sapiens (Human)	Metazoa	374	15
P12318	Homo sapiens (Human)	Metazoa	317	33
P12319	Homo sapiens (Human)	Metazoa	257	25
P12346	Rattus norvegicus (Rat)	Metazoa	698	19
P12387	Cavia porcellus (Guinea pig)	Metazoa	1666	22
P12637	Canis lupus familiaris (Dog) (Canis familiaris)	Metazoa	410	19
P12670	Solanum lycopersicum (Tomato) (Lycopersicon esculentum)	Plants	247	21
P12724	Homo sapiens (Human)	Metazoa	160	27
P12729	Dictyostelium discoideum (Social amoeba)	Other	168	19
P12763	Bos taurus (Bovine)	Metazoa	359	18
P12799	Bos taurus (Bovine)	Metazoa	444	24
P12820	Bos taurus (Bovine)	Metazoa	1306	28
P12821	Homo sapiens (Human)	Metazoa	1306	29
P12822	Oryctolagus cuniculus (Rabbit)	Metazoa	1310	33
P12843	Rattus norvegicus (Rat)	Metazoa	304	34
P12961	Mus musculus (Mouse)	Metazoa	212	26
P13205	Rattus norvegicus (Rat)	Metazoa	121	26
P13224	Homo sapiens (Human)	Metazoa	206	25
P13385	Homo sapiens (Human)	Metazoa	188	30
P13389	Ovis aries (Sheep)	Metazoa	125	19
P13432	Rattus norvegicus (Rat)	Metazoa	146	22
P13473	Homo sapiens (Human)	Metazoa	410	28
P13500	Homo sapiens (Human)	Metazoa	99	23
P13501	Homo sapiens (Human)	Metazoa	91	23
P13504	Mus musculus (Mouse)	Metazoa	576	19
P13595	Mus musculus (Mouse)	Metazoa	1115	19
P13598	Homo sapiens (Human)	Metazoa	275	24
P13599	Rattus norvegicus (Rat)	Metazoa	366	22
P13611	Homo sapiens (Human)	Metazoa	3396	20
P13612	Homo sapiens (Human)	Metazoa	1032	33
P13671	Homo sapiens (Human)	Metazoa	934	21
P13686	Homo sapiens (Human)	Metazoa	325	21
P13689	Zea mays (Maize)	Plants	201	38
P13725	Homo sapiens (Human)	Metazoa	252	25
P13727	Homo sapiens (Human)	Metazoa	222	16
P13806	Oryctolagus cuniculus (Rabbit)	Metazoa	1106	26
P13987	Homo sapiens (Human)	Metazoa	128	25
P14091	Homo sapiens (Human)	Metazoa	396	19
P14095	Rattus norvegicus (Rat)	Metazoa	96	24
P14209	Homo sapiens (Human)	Metazoa	185	22
P14210	Homo sapiens (Human)	Metazoa	728	31
P14211	Mus musculus (Mouse)	Metazoa	416	17
P14314	Homo sapiens (Human)	Metazoa	528	14
P14384	Homo sapiens (Human)	Metazoa	443	17
P14423	Rattus norvegicus (Rat)	Metazoa	146	21
P14424	Vipera ammodytes ammodytes (Western sand viper)	Metazoa	138	16
P14448	Gallus gallus (Chicken)	Metazoa	741	18
P14555	Homo sapiens (Human)	Metazoa	144	20
P14562	Rattus norvegicus (Rat)	Metazoa	407	21
P14625	Homo sapiens (Human)	Metazoa	803	21
P14630	Rattus norvegicus (Rat)	Metazoa	190	17
P14632	Sus scrofa (Pig)	Metazoa	704	19
P14770	Homo sapiens (Human)	Metazoa	177	16
P14780	Homo sapiens (Human)	Metazoa	707	19
P14925	Rattus norvegicus (Rat)	Metazoa	976	25
P15018	Homo sapiens (Human)	Metazoa	202	22
P15085	Homo sapiens (Human)	Metazoa	419	16
P15086	Homo sapiens (Human)	Metazoa	417	15
P15169	Homo sapiens (Human)	Metazoa	458	20
P15226	Tityus serrulatus (Brazilian yellow scorpion)	Metazoa	84	20
P15247	Mus musculus (Mouse)	Metazoa	144	18
P15253	Oryctolagus cuniculus (Rabbit)	Metazoa	418	17
P15261	Mus musculus (Mouse)	Metazoa	477	25
P15289	Homo sapiens (Human)	Metazoa	507	18
P15309	Homo sapiens (Human)	Metazoa	386	32
P15358	Haementeria officinalis (Mexican leech)	Metazoa	136	17
P15473	Rattus norvegicus (Rat)	Metazoa	292	27
P15497	Bos taurus (Bovine)	Metazoa	265	18
P15515	Homo sapiens (Human)	Metazoa	57	19
P15516	Homo sapiens (Human)	Metazoa	51	19
P15529	Homo sapiens (Human)	Metazoa	392	34
P15589	Rattus norvegicus (Rat)	Metazoa	577	19
P15691	Bos taurus (Bovine)	Metazoa	190	26
P15693	Rattus norvegicus (Rat)	Metazoa	540	20
P15703	Saccharomyces cerevisiae (strain ATCC 204508 / S288c) (Baker's yeast)	Fungi	313	23
P15941	Homo sapiens (Human)	Metazoa	1255	23
P16035	Homo sapiens (Human)	Metazoa	220	26
P16112	Homo sapiens (Human)	Metazoa	2530	16
P16144	Homo sapiens (Human)	Metazoa	1822	27
P16150	Homo sapiens (Human)	Metazoa	400	19
P16225	Sus scrofa (Pig)	Metazoa	187	21
P16235	Rattus norvegicus (Rat)	Metazoa	700	26
P16303	Rattus norvegicus (Rat)	Metazoa	565	18
P16368	Bos taurus (Bovine)	Metazoa	220	26
P16382	Mus musculus (Mouse)	Metazoa	810	25
P16444	Homo sapiens (Human)	Metazoa	411	16
P16612	Rattus norvegicus (Rat)	Metazoa	214	26
P16619	Homo sapiens (Human)	Metazoa	93	23
P16636	Rattus norvegicus (Rat)	Metazoa	411	21
P16860	Homo sapiens (Human)	Metazoa	134	26
P16882	Mus musculus (Mouse)	Metazoa	650	24
P16933	Schizophyllum commune (Split gill fungus)	Fungi	136	24
P16975	Rattus norvegicus (Rat)	Metazoa	301	17
P17046	Rattus norvegicus (Rat)	Metazoa	411	26
P17050	Homo sapiens (Human)	Metazoa	411	17
P17164	Rattus norvegicus (Rat)	Metazoa	462	28
P17213	Homo sapiens (Human)	Metazoa	487	31
P17301	Homo sapiens (Human)	Metazoa	1181	29
P17454	Oryctolagus cuniculus (Rabbit)	Metazoa	482	26
P17475	Rattus norvegicus (Rat)	Metazoa	411	24
P17697	Bos taurus (Bovine)	Metazoa	439	19
P17715	Octodon degus (Degu) (Sciurus degus)	Metazoa	109	24
P17728	Leiurus hebraeus (Hebrew deathstalker scorpion) (Leiurus quinquestriatus hebraeus)	Metazoa	85	19
P17813	Homo sapiens (Human)	Metazoa	658	25
P17935	Vipera ammodytes ammodytes (Western sand viper)	Metazoa	138	16
P17936	Homo sapiens (Human)	Metazoa	291	27
P17948	Homo sapiens (Human)	Metazoa	1338	26
P18181	Mus musculus (Mouse)	Metazoa	240	22
P18418	Rattus norvegicus (Rat)	Metazoa	416	17
P18428	Homo sapiens (Human)	Metazoa	481	25
P18510	Homo sapiens (Human)	Metazoa	177	25
P18632	Cryptomeria japonica (Japanese cedar) (Cupressus japonica)	Plants	374	21
P18649	Canis lupus familiaris (Dog) (Canis familiaris)	Metazoa	323	18
P18650	Sus scrofa (Pig)	Metazoa	317	18
P18658	Macaca fascicularis (Crab-eating macaque) (Cynomolgus monkey)	Metazoa	101	22
P18761	Mus musculus (Mouse)	Metazoa	317	17
P19034	Bos taurus (Bovine)	Metazoa	101	22
P19069	Cavia porcellus (Guinea pig)	Metazoa	1742	19
P19121	Gallus gallus (Chicken)	Metazoa	615	18
P19134	Oryctolagus cuniculus (Rabbit)	Metazoa	695	19
P19137	Mus musculus (Mouse)	Metazoa	3083	24
P19313	Rattus norvegicus (Rat)	Metazoa	141	27
P19320	Homo sapiens (Human)	Metazoa	739	24
P19324	Mus musculus (Mouse)	Metazoa	417	17
P19427	Bos taurus (Bovine)	Metazoa	201	18
P19438	Homo sapiens (Human)	Metazoa	455	29
P19633	Rattus norvegicus (Rat)	Metazoa	406	34
P19801	Homo sapiens (Human)	Metazoa	751	19
P19835	Homo sapiens (Human)	Metazoa	753	20
P19874	Oryctolagus cuniculus (Rabbit)	Metazoa	101	22
P19883	Homo sapiens (Human)	Metazoa	344	29
P19957	Homo sapiens (Human)	Metazoa	117	22
P19999	Rattus norvegicus (Rat)	Metazoa	238	17
P20029	Mus musculus (Mouse)	Metazoa	655	19
P20058	Oryctolagus cuniculus (Rabbit)	Metazoa	460	25
P20062	Homo sapiens (Human)	Metazoa	427	18
P20068	Rattus norvegicus (Rat)	Metazoa	169	22
P20142	Homo sapiens (Human)	Metazoa	388	16
P20155	Homo sapiens (Human)	Metazoa	84	23
P20160	Homo sapiens (Human)	Metazoa	251	19
P20239	Mus musculus (Mouse)	Metazoa	713	34
P20241	Drosophila melanogaster (Fruit fly)	Metazoa	1302	23
P20333	Homo sapiens (Human)	Metazoa	461	22
P20334	Mus musculus (Mouse)	Metazoa	256	23
P20474	Bothrops asper (Terciopelo)	Metazoa	138	16
P20507	Chlamydomonas reinhardtii (Chlamydomonas smithii)	Plants	377	20
P20702	Homo sapiens (Human)	Metazoa	1163	19
P20774	Homo sapiens (Human)	Metazoa	298	20
P20826	Mus musculus (Mouse)	Metazoa	273	25
P20827	Homo sapiens (Human)	Metazoa	205	18
P20933	Homo sapiens (Human)	Metazoa	346	23
P20959	Bos taurus (Bovine)	Metazoa	291	27
P21128	Homo sapiens (Human)	Metazoa	410	18
P21246	Homo sapiens (Human)	Metazoa	168	32
P21570	Mus musculus (Mouse)	Metazoa	145	24
P21581	Rattus norvegicus (Rat)	Metazoa	273	25
P21588	Rattus norvegicus (Rat)	Metazoa	576	28
P21589	Homo sapiens (Human)	Metazoa	574	26
P21611	Gallus gallus (Chicken)	Metazoa	119	21
P21614	Mus musculus (Mouse)	Metazoa	476	16
P21741	Homo sapiens (Human)	Metazoa	143	20
P21743	Rattus norvegicus (Rat)	Metazoa	272	25
P21744	Rattus norvegicus (Rat)	Metazoa	254	21
P21754	Homo sapiens (Human)	Metazoa	424	22
P21760	Gallus gallus (Chicken)	Metazoa	178	20
P21781	Homo sapiens (Human)	Metazoa	194	31
P21782	Bos taurus (Bovine)	Metazoa	168	32
P21956	Mus musculus (Mouse)	Metazoa	463	22
P22057	Rattus norvegicus (Rat)	Metazoa	189	24
P22063	Rattus norvegicus (Rat)	Metazoa	1040	30
P22146	Saccharomyces cerevisiae (strain ATCC 204508 / S288c) (Baker's yeast)	Fungi	559	22
P22301	Homo sapiens (Human)	Metazoa	178	18
P22362	Homo sapiens (Human)	Metazoa	96	23
P22388	Rattus norvegicus (Rat)	Metazoa	202	25
P22394	Geotrichum candidum (Oospora lactis) (Dipodascus geotrichum)	Fungi	563	19
P22412	Sus scrofa (Pig)	Metazoa	409	16
P22455	Homo sapiens (Human)	Metazoa	802	21
P22458	Oryctolagus cuniculus (Rabbit)	Metazoa	475	19
P22692	Homo sapiens (Human)	Metazoa	258	21
P22748	Homo sapiens (Human)	Metazoa	312	18
P22770	Gallus gallus (Chicken)	Metazoa	502	23
P22894	Homo sapiens (Human)	Metazoa	467	20
P23083	Homo sapiens (Human)	Metazoa	117	19
P23141	Homo sapiens (Human)	Metazoa	567	17
P23142	Homo sapiens (Human)	Metazoa	703	29
P23229	Homo sapiens (Human)	Metazoa	1130	23
P23284	Homo sapiens (Human)	Metazoa	216	33
P23389	Bos taurus (Bovine)	Metazoa	646	20
P23472	Hevea brasiliensis (Para rubber tree) (Siphonia brasiliensis)	Plants	311	26
P23515	Homo sapiens (Human)	Metazoa	440	24
P23631	Latrodectus tredecimguttatus (Mediterranean black widow spider) (Latrodectus mactans tredecimguttatus)	Metazoa	1401	20
P23805	Bos taurus (Bovine)	Metazoa	371	20
P23807	Protobothrops flavoviridis (Habu) (Trimeresurus flavoviridis)	Metazoa	146	23
P24021	Aspergillus oryzae (strain ATCC 42149 / RIB 40) (Yellow koji mold)	Fungi	287	20
P24027	Crotalus durissus terrificus (South American rattlesnake)	Metazoa	138	16
P24063	Mus musculus (Mouse)	Metazoa	1162	23
P24090	Rattus norvegicus (Rat)	Metazoa	352	18
P24091	Nicotiana tabacum (Common tobacco)	Plants	324	23
P24259	Sus scrofa (Pig)	Metazoa	150	24
P24605	Bothrops asper (Terciopelo)	Metazoa	137	16
P24627	Bos taurus (Bovine)	Metazoa	708	19
P24802	Gallus gallus (Chicken)	Metazoa	730	20
P24807	Mus musculus (Mouse)	Metazoa	76	26
P24821	Homo sapiens (Human)	Metazoa	2201	22
P24855	Homo sapiens (Human)	Metazoa	282	22
P25031	Rattus norvegicus (Rat)	Metazoa	175	26
P25116	Homo sapiens (Human)	Metazoa	425	21
P25236	Rattus norvegicus (Rat)	Metazoa	385	19
P25291	Canis lupus familiaris (Dog) (Canis familiaris)	Metazoa	509	21
P25311	Homo sapiens (Human)	Metazoa	298	20
P25942	Homo sapiens (Human)	Metazoa	277	20
P26006	Homo sapiens (Human)	Metazoa	1051	32
P26010	Homo sapiens (Human)	Metazoa	798	19
P26011	Mus musculus (Mouse)	Metazoa	806	19
P26216	Zea mays (Maize)	Plants	410	22
P26842	Homo sapiens (Human)	Metazoa	260	19
P26894	Sus scrofa (Pig)	Metazoa	103	25
P27177	Gallus gallus (Chicken)	Metazoa	273	24
P27274	Rattus norvegicus (Rat)	Metazoa	126	22
P27654	Saccharomyces cerevisiae (strain ATCC 204508 / S288c) (Baker's yeast)	Fungi	210	19
P27657	Rattus norvegicus (Rat)	Metazoa	465	16
P27731	Gallus gallus (Chicken)	Metazoa	150	20
P27773	Mus musculus (Mouse)	Metazoa	505	24
P27797	Homo sapiens (Human)	Metazoa	417	17
P28039	Homo sapiens (Human)	Metazoa	575	23
P28053	Bos taurus (Bovine)	Metazoa	469	18
P28088	Bos taurus (Bovine)	Metazoa	441	26
P28319	Saccharomyces cerevisiae (strain ATCC 204508 / S288c) (Baker's yeast)	Fungi	239	20
P28325	Homo sapiens (Human)	Metazoa	142	20
P28335	Homo sapiens (Human)	Metazoa	458	32
P28491	Sus scrofa (Pig)	Metazoa	417	17
P28665	Mus musculus (Mouse)	Metazoa	1476	27
P28797	Cavia porcellus (Guinea pig)	Metazoa	605	17
P28798	Mus musculus (Mouse)	Metazoa	589	17
P28800	Bos taurus (Bovine)	Metazoa	492	22
P28825	Mus musculus (Mouse)	Metazoa	747	20
P28906	Homo sapiens (Human)	Metazoa	385	31
P29022	Zea mays (Maize)	Plants	280	25
P29026	Rhizopus oligosporus (Rhizopus microsporus var. oligosporus)	Fungi	540	22
P29027	Rhizopus oligosporus (Rhizopus microsporus var. oligosporus)	Fungi	542	22
P29029	Saccharomyces cerevisiae (strain ATCC 204508 / S288c) (Baker's yeast)	Fungi	562	20
P29241	Aplysia californica (California sea hare)	Metazoa	282	24
P29288	Rattus norvegicus (Rat)	Metazoa	327	22
P29320	Homo sapiens (Human)	Metazoa	983	20
P29457	Rattus norvegicus (Rat)	Metazoa	417	17
P29459	Homo sapiens (Human)	Metazoa	219	22
P29460	Homo sapiens (Human)	Metazoa	328	22
P29695	Protobothrops flavoviridis (Habu) (Trimeresurus flavoviridis)	Metazoa	342	19
P29788	Mus musculus (Mouse)	Metazoa	478	19
P29794	Canis lupus familiaris (Dog) (Canis familiaris)	Metazoa	180	20
P30040	Homo sapiens (Human)	Metazoa	261	32
P30101	Homo sapiens (Human)	Metazoa	505	24
P30120	Rattus norvegicus (Rat)	Metazoa	217	23
P30121	Rattus norvegicus (Rat)	Metazoa	220	26
P30230	Raphanus sativus (Radish) (Raphanus raphanistrum var. sativus)	Plants	80	29
P30348	Rattus norvegicus (Rat)	Metazoa	100	31
P30438	Felis catus (Cat) (Felis silvestris catus)	Metazoa	92	22
P30440	Felis catus (Cat) (Felis silvestris catus)	Metazoa	109	17
P30659	Lutzomyia longipalpis (Sand fly)	Metazoa	86	23
P30919	Rattus norvegicus (Rat)	Metazoa	345	23
P30922	Bos taurus (Bovine)	Metazoa	383	21
P30986	Eschscholzia californica (California poppy)	Plants	538	23
P30988	Homo sapiens (Human)	Metazoa	474	24
P31025	Homo sapiens (Human)	Metazoa	176	18
P31096	Bos taurus (Bovine)	Metazoa	278	16
P31100	Daboia siamensis (Eastern Russel's viper) (Daboia russelii siamensis)	Metazoa	138	16
P31211	Rattus norvegicus (Rat)	Metazoa	396	22
P31346	Sus scrofa (Pig)	Metazoa	147	24
P31347	Oryctolagus cuniculus (Rabbit)	Metazoa	149	24
P31358	Homo sapiens (Human)	Metazoa	61	24
P31429	Oryctolagus cuniculus (Rabbit)	Metazoa	410	16
P31515	Xenopus laevis (African clawed frog)	Metazoa	341	29
P31720	Rattus norvegicus (Rat)	Metazoa	245	22
P31722	Rattus norvegicus (Rat)	Metazoa	245	28
P31723	Penicillium citrinum	Fungi	511	35
P31809	Mus musculus (Mouse)	Metazoa	521	34
P31836	Bos taurus (Bovine)	Metazoa	853	19
P32004	Homo sapiens (Human)	Metazoa	1257	19
P32472	Saccharomyces cerevisiae (strain ATCC 204508 / S288c) (Baker's yeast)	Fungi	135	17
P32478	Saccharomyces cerevisiae (strain ATCC 204508 / S288c) (Baker's yeast)	Fungi	413	18
P32760	Gallus gallus (Chicken)	Metazoa	165	30
P32802	Saccharomyces cerevisiae (strain ATCC 204508 / S288c) (Baker's yeast)	Fungi	667	22
P32803	Saccharomyces cerevisiae (strain ATCC 204508 / S288c) (Baker's yeast)	Fungi	203	20
P32881	Homo sapiens (Human)	Metazoa	189	23
P33436	Rattus norvegicus (Rat)	Metazoa	662	29
P33487	Arabidopsis thaliana (Mouse-ear cress)	Plants	198	33
P33681	Homo sapiens (Human)	Metazoa	288	34
P33767	Saccharomyces cerevisiae (strain ATCC 204508 / S288c) (Baker's yeast)	Fungi	430	20
P34096	Homo sapiens (Human)	Metazoa	147	28
P34115	Dictyostelium discoideum (Social amoeba)	Other	730	20
P34116	Dictyostelium discoideum (Social amoeba)	Other	734	20
P34752	Aspergillus niger	Fungi	467	23
P34998	Homo sapiens (Human)	Metazoa	415	23
P35052	Homo sapiens (Human)	Metazoa	558	23
P35053	Rattus norvegicus (Rat)	Metazoa	558	23
P35248	Rattus norvegicus (Rat)	Metazoa	374	19
P35331	Gallus gallus (Chicken)	Metazoa	1284	24
P35355	Rattus norvegicus (Rat)	Metazoa	604	17
P35441	Mus musculus (Mouse)	Metazoa	1170	18
P35495	Sus scrofa (Pig)	Metazoa	133	24
P35555	Homo sapiens (Human)	Metazoa	2871	24
P35590	Homo sapiens (Human)	Metazoa	1138	21
P35613	Homo sapiens (Human)	Metazoa	385	21
P35625	Homo sapiens (Human)	Metazoa	211	23
P35858	Homo sapiens (Human)	Metazoa	605	27
P35916	Homo sapiens (Human)	Metazoa	1363	24
P36222	Homo sapiens (Human)	Metazoa	383	21
P36368	Mus musculus (Mouse)	Metazoa	261	16
P36511	Rattus norvegicus (Rat)	Metazoa	530	23
P36897	Homo sapiens (Human)	Metazoa	503	33
P36980	Homo sapiens (Human)	Metazoa	270	18
P37042	Gallus gallus (Chicken)	Metazoa	92	23
P37173	Homo sapiens (Human)	Metazoa	567	22
P37889	Mus musculus (Mouse)	Metazoa	1221	26
P38570	Homo sapiens (Human)	Metazoa	1179	18
P38571	Homo sapiens (Human)	Metazoa	399	27
P38574	Bos taurus (Bovine)	Metazoa	287	18
P39039	Mus musculus (Mouse)	Metazoa	239	18
P40199	Homo sapiens (Human)	Metazoa	344	34
P40259	Homo sapiens (Human)	Metazoa	229	28
P40967	Homo sapiens (Human)	Metazoa	661	24
P41222	Homo sapiens (Human)	Metazoa	190	22
P41271	Homo sapiens (Human)	Metazoa	181	16
P41543	Saccharomyces cerevisiae (strain ATCC 204508 / S288c) (Baker's yeast)	Fungi	476	22
P42098	Sus scrofa (Pig)	Metazoa	421	22
P42264	Rattus norvegicus (Rat)	Metazoa	919	31
P42292	Gallus gallus (Chicken)	Metazoa	588	33
P42813	Arabidopsis thaliana (Mouse-ear cress)	Plants	230	22
P42830	Homo sapiens (Human)	Metazoa	114	36
P43121	Homo sapiens (Human)	Metazoa	646	23
P43307	Homo sapiens (Human)	Metazoa	286	18
P43497	Saccharomyces cerevisiae (strain ATCC 204508 / S288c) (Baker's yeast)	Fungi	92	20
P43555	Saccharomyces cerevisiae (strain ATCC 204508 / S288c) (Baker's yeast)	Fungi	445	28
P43626	Homo sapiens (Human)	Metazoa	348	21
P43652	Homo sapiens (Human)	Metazoa	599	21
P45452	Homo sapiens (Human)	Metazoa	471	19
P45478	Bos taurus (Bovine)	Metazoa	306	27
P45561	Sus scrofa (Pig)	Metazoa	189	16
P45658	Androctonus australis (Sahara scorpion)	Metazoa	84	19
P45697	Olivierus martensii (Manchurian scorpion) (Mesobuthus martensii)	Metazoa	84	19
P45881	Bothrops jararacussu (Jararacussu)	Metazoa	138	16
P47001	Saccharomyces cerevisiae (strain ATCC 204508 / S288c) (Baker's yeast)	Fungi	227	21
P47178	Saccharomyces cerevisiae (strain ATCC 204508 / S288c) (Baker's yeast)	Fungi	298	19
P47710	Homo sapiens (Human)	Metazoa	185	15
P48096	Salmo salar (Atlantic salmon)	Metazoa	210	23
P48307	Homo sapiens (Human)	Metazoa	235	22
P48439	Saccharomyces cerevisiae (strain ATCC 204508 / S288c) (Baker's yeast)	Fungi	350	22
P48740	Homo sapiens (Human)	Metazoa	699	19
P48745	Homo sapiens (Human)	Metazoa	357	31
P48765	Bos taurus (Bovine)	Metazoa	970	32
P48819	Sus scrofa (Pig)	Metazoa	459	19
P49121	Agkistrodon contortrix laticinctus (Broad-banded copperhead) (Agkistrodon mokasen laticinctus)	Metazoa	137	16
P49182	Mus musculus (Mouse)	Metazoa	478	23
P49256	Canis lupus familiaris (Dog) (Canis familiaris)	Metazoa	356	44
P49257	Homo sapiens (Human)	Metazoa	510	30
P49259	Bos taurus (Bovine)	Metazoa	1463	20
P49278	Dermatophagoides pteronyssinus (European house dust mite)	Metazoa	146	17
P49755	Homo sapiens (Human)	Metazoa	219	31
P49763	Homo sapiens (Human)	Metazoa	221	18
P49767	Homo sapiens (Human)	Metazoa	419	31
P49862	Homo sapiens (Human)	Metazoa	253	22
P50228	Mus musculus (Mouse)	Metazoa	132	40
P50229	Rattus norvegicus (Rat)	Metazoa	92	23
P50895	Homo sapiens (Human)	Metazoa	628	31
P51460	Homo sapiens (Human)	Metazoa	131	20
P51654	Homo sapiens (Human)	Metazoa	580	24
P51688	Homo sapiens (Human)	Metazoa	502	20
P51740	Rattus norvegicus (Rat)	Metazoa	551	19
P51868	Rattus norvegicus (Rat)	Metazoa	413	19
P52013	Caenorhabditis elegans	Metazoa	204	22
P52193	Bos taurus (Bovine)	Metazoa	417	17
P52706	Prunus serotina (Black cherry)	Plants	563	27
P52798	Homo sapiens (Human)	Metazoa	201	25
P52823	Homo sapiens (Human)	Metazoa	247	17
P53366	Sus scrofa (Pig)	Metazoa	188	21
P53616	Saccharomyces cerevisiae (strain ATCC 204508 / S288c) (Baker's yeast)	Fungi	420	24
P53634	Homo sapiens (Human)	Metazoa	463	24
P54318	Rattus norvegicus (Rat)	Metazoa	468	16
P54660	Dictyostelium discoideum (Social amoeba)	Other	143	22
P54762	Homo sapiens (Human)	Metazoa	984	17
P54803	Homo sapiens (Human)	Metazoa	685	42
P54837	Saccharomyces cerevisiae (strain ATCC 204508 / S288c) (Baker's yeast)	Fungi	211	20
P54900	Rattus norvegicus (Rat)	Metazoa	215	29
P55000	Homo sapiens (Human)	Metazoa	103	22
P55058	Homo sapiens (Human)	Metazoa	493	17
P55083	Homo sapiens (Human)	Metazoa	255	21
P55145	Homo sapiens (Human)	Metazoa	182	24
P55203	Bos taurus (Bovine)	Metazoa	1110	56
P55773	Homo sapiens (Human)	Metazoa	120	21
P55774	Homo sapiens (Human)	Metazoa	89	20
P55899	Homo sapiens (Human)	Metazoa	365	23
P56201	Oryctolagus cuniculus (Rabbit)	Metazoa	797	24
P56202	Homo sapiens (Human)	Metazoa	376	21
P56513	Canis lupus familiaris (Dog) (Canis familiaris)	Metazoa	92	20
P56637	Hottentotta judaicus (Black scorpion) (Buthotus judaicus)	Metazoa	94	18
P56722	Bos taurus (Bovine)	Metazoa	979	34
P57087	Homo sapiens (Human)	Metazoa	298	28
P58154	Lymnaea stagnalis (Great pond snail) (Helix stagnalis)	Metazoa	229	19
P58738	Zea mays (Maize)	Plants	269	24
P59665	Homo sapiens (Human)	Metazoa	94	19
P60042	Rattus norvegicus (Rat)	Metazoa	116	24
P60212	Tityus obscurus (Amazonian scorpion) (Tityus cambridgei)	Metazoa	87	20
P60214	Tityus obscurus (Amazonian scorpion) (Tityus cambridgei)	Metazoa	86	20
P60266	Centruroides suffusus (Durango bark scorpion)	Metazoa	87	19
P60568	Homo sapiens (Human)	Metazoa	153	20
P60615	Bungarus multicinctus (Many-banded krait)	Metazoa	95	21
P60770	Naja atra (Chinese cobra)	Metazoa	83	21
P60775	Laticauda semifasciata (Black-banded sea krait) (Pseudolaticauda semifasciata)	Metazoa	83	21
P61312	Rattus norvegicus (Rat)	Metazoa	146	25
P61626	Homo sapiens (Human)	Metazoa	148	18
P61769	Homo sapiens (Human)	Metazoa	119	20
P61823	Bos taurus (Bovine)	Metazoa	150	26
P61855	Drosophila melanogaster (Fruit fly)	Metazoa	79	22
P61870	Penicillium camemberti	Fungi	305	26
P61916	Homo sapiens (Human)	Metazoa	151	19
P62022	Crotalus durissus terrificus (South American rattlesnake)	Metazoa	138	16
P62023	Crotalus scutulatus scutulatus (Mojave rattlesnake)	Metazoa	138	16
P62694	Trichoderma reesei (Filamentous fungus) (Hypocrea jecorina)	Fungi	513	17
P63090	Rattus norvegicus (Rat)	Metazoa	168	32
P63153	Sus scrofa (Pig)	Metazoa	146	23
P67861	Daboia russelii (Russel's viper) (Vipera russelii)	Metazoa	144	24
P67875	Aspergillus fumigatus (strain ATCC MYA-4609 / CBS 101355 / FGSC A1100 / Af293) (Neosartorya fumigata)	Fungi	176	27
P67930	Ovis aries (Sheep)	Metazoa	217	27
P67970	Gallus gallus (Chicken)	Metazoa	107	24
P78556	Homo sapiens (Human)	Metazoa	96	26
P78581	Aspergillus oryzae (strain ATCC 42149 / RIB 40) (Yellow koji mold)	Fungi	588	18
P79073	Trichoderma reesei (Filamentous fungus) (Hypocrea jecorina)	Fungi	86	15
P79208	Ovis aries (Sheep)	Metazoa	603	16
P79263	Sus scrofa (Pig)	Metazoa	921	27
P79762	Gallus gallus (Chicken)	Metazoa	437	20
P80035	Canis lupus familiaris (Dog) (Canis familiaris)	Metazoa	398	19
P80067	Rattus norvegicus (Rat)	Metazoa	462	24
P80098	Homo sapiens (Human)	Metazoa	99	23
P80108	Homo sapiens (Human)	Metazoa	840	23
P80109	Bos taurus (Bovine)	Metazoa	839	23
P80162	Homo sapiens (Human)	Metazoa	114	37
P80188	Homo sapiens (Human)	Metazoa	198	20
P80221	Bos taurus (Bovine)	Metazoa	112	36
P80311	Bos taurus (Bovine)	Metazoa	216	33
P80370	Homo sapiens (Human)	Metazoa	383	23
P80384	Lepidoglyphus destructor (Storage mite) (Glycyphagus destructor)	Metazoa	141	16
P80746	Bos taurus (Bovine)	Metazoa	1048	30
P80747	Bos taurus (Bovine)	Metazoa	800	24
P80963	Bothriechis schlegelii (Eyelash palm pitviper)	Metazoa	137	16
P81054	Grifola frondosa (Maitake) (Polyporus frondosus)	Fungi	348	18
P81058	Penaeus vannamei (Whiteleg shrimp) (Litopenaeus vannamei)	Metazoa	82	19
P81160	Drosophila melanogaster (Fruit fly)	Metazoa	54	21
P81294	Juniperus ashei (Ozark white cedar)	Plants	367	21
P81382	Calloselasma rhodostoma (Malayan pit viper) (Agkistrodon rhodostoma)	Metazoa	516	18
P81383	Ophiophagus hannah (King cobra) (Naja hannah)	Metazoa	491	20
P81446	Viscum album (European mistletoe)	Plants	564	33
P81534	Homo sapiens (Human)	Metazoa	67	22
P81605	Homo sapiens (Human)	Metazoa	110	19
P81608	Sus scrofa (Pig)	Metazoa	191	16
P81649	Sus scrofa (Pig)	Metazoa	153	26
P81702	Ceratocystis fimbriata f. sp. platani	Fungi	134	14
P82114	Bothrops moojeni (Lance-headed viper) (Caissaca)	Metazoa	138	16
P82290	Anopheles gambiae (African malaria mosquito)	Metazoa	58	23
P82683	Viscum album (European mistletoe)	Plants	569	33
P82935	Naja kaouthia (Monocled cobra) (Naja siamensis)	Metazoa	86	21
P83403	Glossina morsitans morsitans (Savannah tsetse fly)	Metazoa	63	23
P83519	Bothrops jararacussu (Jararacussu)	Metazoa	159	24
P83673	Crassostrea virginica (Eastern oyster)	Metazoa	184	20
P83869	Drosophila melanogaster (Fruit fly)	Metazoa	46	22
P83886	Allium sativum (Garlic)	Plants	181	30
P84516	Sorghum bicolor (Sorghum) (Sorghum vulgare)	Plants	362	31
P84777	Tityus discrepans (Venezuelan scorpion)	Metazoa	61	23
P84810	Buthus occitanus tunetanus (Common European scorpion) (Buthus tunetanus)	Metazoa	91	22
P85841	Tityus serrulatus (Brazilian yellow scorpion)	Metazoa	403	19
P86100	Olivierus martensii (Manchurian scorpion) (Mesobuthus martensii)	Metazoa	410	25
P86408	Mesobuthus eupeus (Lesser Asian scorpion) (Buthus eupeus)	Metazoa	85	19
P93484	Pisum sativum (Garden pea) (Lathyrus oleraceus)	Plants	623	22
P93680	Persea americana (Avocado)	Plants	326	25
P97430	Mus musculus (Mouse)	Metazoa	131	25
P97710	Rattus norvegicus (Rat)	Metazoa	509	31
P97884	Rattus norvegicus (Rat)	Metazoa	96	26
P98064	Mus musculus (Mouse)	Metazoa	704	24
P98066	Homo sapiens (Human)	Metazoa	277	17
P98172	Homo sapiens (Human)	Metazoa	346	27
Q00193	Oryctolagus cuniculus (Rabbit)	Metazoa	540	24
Q00657	Rattus norvegicus (Rat)	Metazoa	2326	29
Q00954	Rattus norvegicus (Rat)	Metazoa	218	18
Q01129	Rattus norvegicus (Rat)	Metazoa	354	16
Q01151	Homo sapiens (Human)	Metazoa	205	19
Q01172	Aspergillus niger	Fungi	379	20
Q01460	Rattus norvegicus (Rat)	Metazoa	367	23
Q01638	Homo sapiens (Human)	Metazoa	556	18
Q01682	Schizosaccharomyces pombe (strain 972 / ATCC 24843) (Fission yeast)	Fungi	463	18
Q01965	Mus musculus (Mouse)	Metazoa	654	47
Q02083	Homo sapiens (Human)	Metazoa	359	28
Q02246	Homo sapiens (Human)	Metazoa	1040	30
Q02471	Daboia siamensis (Eastern Russel's viper) (Daboia russelii siamensis)	Metazoa	138	16
Q02567	Phanerodontia chrysosporium (White-rot fungus) (Sporotrichum pruinosum)	Fungi	378	21
Q02596	Mus musculus (Mouse)	Metazoa	151	19
Q02747	Homo sapiens (Human)	Metazoa	115	21
Q02763	Homo sapiens (Human)	Metazoa	1124	22
Q02795	Saccharomyces cerevisiae (strain ATCC 204508 / S288c) (Baker's yeast)	Fungi	286	19
Q02809	Homo sapiens (Human)	Metazoa	727	18
Q03178	Saccharomyces cerevisiae (strain ATCC 204508 / S288c) (Baker's yeast)	Fungi	341	18
Q03180	Saccharomyces cerevisiae (strain ATCC 204508 / S288c) (Baker's yeast)	Fungi	325	18
Q03405	Homo sapiens (Human)	Metazoa	335	22
Q04756	Homo sapiens (Human)	Metazoa	655	35
Q05359	Saccharomyces cerevisiae (strain ATCC 204508 / S288c) (Baker's yeast)	Fungi	219	22
Q05895	Mus musculus (Mouse)	Metazoa	956	21
Q05927	Bos taurus (Bovine)	Metazoa	574	26
Q05928	Mus musculus (Mouse)	Metazoa	177	31
Q06703	Saccharomyces cerevisiae (strain ATCC 204508 / S288c) (Baker's yeast)	Fungi	312	44
Q07011	Homo sapiens (Human)	Metazoa	255	23
Q07092	Homo sapiens (Human)	Metazoa	1604	21
Q07310	Rattus norvegicus (Rat)	Metazoa	1578	27
Q07325	Homo sapiens (Human)	Metazoa	125	22
Q07654	Homo sapiens (Human)	Metazoa	80	21
Q08334	Homo sapiens (Human)	Metazoa	325	19
Q08380	Homo sapiens (Human)	Metazoa	585	18
Q08481	Mus musculus (Mouse)	Metazoa	727	17
Q08830	Homo sapiens (Human)	Metazoa	312	22
Q08879	Mus musculus (Mouse)	Metazoa	705	29
Q09098	Mus musculus (Mouse)	Metazoa	99	23
Q09131	Glycine max (Soybean) (Glycine hispida)	Plants	464	30
Q09140	Schizosaccharomyces pombe (strain 972 / ATCC 24843) (Fission yeast)	Fungi	1448	18
Q09332	Drosophila melanogaster (Fruit fly)	Metazoa	1548	22
Q10588	Homo sapiens (Human)	Metazoa	318	32
Q10746	Rattus norvegicus (Rat)	Metazoa	101	32
Q12127	Saccharomyces cerevisiae (strain ATCC 204508 / S288c) (Baker's yeast)	Fungi	133	18
Q12396	Saccharomyces cerevisiae (strain ATCC 204508 / S288c) (Baker's yeast)	Fungi	444	46
Q12841	Homo sapiens (Human)	Metazoa	308	20
Q13007	Homo sapiens (Human)	Metazoa	206	51
Q13145	Homo sapiens (Human)	Metazoa	260	20
Q13162	Homo sapiens (Human)	Metazoa	271	37
Q13231	Homo sapiens (Human)	Metazoa	466	21
Q13421	Homo sapiens (Human)	Metazoa	622	36
Q13433	Homo sapiens (Human)	Metazoa	755	28
Q13445	Homo sapiens (Human)	Metazoa	227	23
Q13478	Homo sapiens (Human)	Metazoa	541	18
Q13651	Homo sapiens (Human)	Metazoa	578	21
Q13683	Homo sapiens (Human)	Metazoa	1181	33
Q14002	Homo sapiens (Human)	Metazoa	265	35
Q14112	Homo sapiens (Human)	Metazoa	1375	30
Q14210	Homo sapiens (Human)	Metazoa	128	20
Q14392	Homo sapiens (Human)	Metazoa	662	19
Q14520	Homo sapiens (Human)	Metazoa	560	23
Q14624	Homo sapiens (Human)	Metazoa	930	28
Q14773	Homo sapiens (Human)	Metazoa	271	30
Q14802	Homo sapiens (Human)	Metazoa	87	20
Q15084	Homo sapiens (Human)	Metazoa	440	19
Q15399	Homo sapiens (Human)	Metazoa	786	24
Q15465	Homo sapiens (Human)	Metazoa	462	23
Q15582	Homo sapiens (Human)	Metazoa	683	23
Q15762	Homo sapiens (Human)	Metazoa	336	18
Q15768	Homo sapiens (Human)	Metazoa	340	27
Q15848	Homo sapiens (Human)	Metazoa	244	18
Q16270	Homo sapiens (Human)	Metazoa	282	26
Q16552	Homo sapiens (Human)	Metazoa	155	23
Q16568	Homo sapiens (Human)	Metazoa	116	27
Q16602	Homo sapiens (Human)	Metazoa	461	22
Q16627	Homo sapiens (Human)	Metazoa	93	19
Q16663	Homo sapiens (Human)	Metazoa	113	21
Q16674	Homo sapiens (Human)	Metazoa	131	24
Q16790	Homo sapiens (Human)	Metazoa	459	37
Q17060	Apis mellifera (Honeybee)	Metazoa	544	20
Q1HLC0	Lonomia obliqua (Giant silkworm moth)	Metazoa	413	18
Q1RP78	Vipera nikolskii (Nikolsky's adder) (Vipera berus nikolskii)	Metazoa	138	16
Q1RP79	Vipera nikolskii (Nikolsky's adder) (Vipera berus nikolskii)	Metazoa	138	16
Q1XG90	Crassostrea virginica (Eastern oyster)	Metazoa	135	18
Q23997	Drosophila melanogaster (Fruit fly)	Metazoa	452	18
Q26241	Rhodnius prolixus (Triatomid bug)	Metazoa	202	23
Q26292	Leiurus hebraeus (Hebrew deathstalker scorpion) (Leiurus quinquestriatus hebraeus)	Metazoa	85	21
Q26377	Drosophila melanogaster (Fruit fly)	Metazoa	154	19
Q26994	Toxoplasma gondii	Other	179	17
Q27081	Tachypleus tridentatus (Japanese horseshoe crab)	Metazoa	400	23
Q27082	Tachypleus tridentatus (Japanese horseshoe crab)	Metazoa	673	19
Q27083	Tachypleus tridentatus (Japanese horseshoe crab)	Metazoa	309	31
Q27309	Bombyx mori (Silk moth)	Metazoa	1782	15
Q27908	Pinctada fucata (Akoya pearl oyster) (Pinctada imbricata fucata)	Metazoa	447	17
Q28143	Bos taurus (Bovine)	Metazoa	456	35
Q28173	Bos taurus (Bovine)	Metazoa	416	22
Q28270	Canis lupus familiaris (Dog) (Canis familiaris)	Metazoa	389	33
Q29011	Sus scrofa (Pig)	Metazoa	2434	16
Q29411	Sus scrofa (Pig)	Metazoa	383	21
Q29486	Felis catus (Cat) (Felis silvestris catus)	Metazoa	524	17
Q2PS07	Fagopyrum esculentum (Common buckwheat) (Polygonum fagopyrum)	Plants	149	22
Q2ULM2	Aspergillus oryzae (strain ATCC 42149 / RIB 40) (Yellow koji mold)	Fungi	496	16
Q2VG86	Bombyx mori (Silk moth)	Metazoa	369	24
Q2YHJ2	Craspedocephalus borneensis (Borneo pit viper) (Trimeresurus borneensis)	Metazoa	138	16
Q2YHJ3	Craspedocephalus borneensis (Borneo pit viper) (Trimeresurus borneensis)	Metazoa	138	16
Q2YHJ6	Craspedocephalus puniceus (Flat-nosed pitviper) (Trimeresurus puniceus)	Metazoa	138	16
Q2YHJ7	Craspedocephalus puniceus (Flat-nosed pitviper) (Trimeresurus puniceus)	Metazoa	138	16
Q30154	Homo sapiens (Human)	Metazoa	266	29
Q3L1D1	Agaricus bisporus (White button mushroom)	Fungi	594	25
Q3L245	Macropsalliota meleagris (Western flat-topped agaric) (Leucoagaricus meleagris)	Fungi	602	25
Q3V1G4	Mus musculus (Mouse)	Metazoa	746	20
Q3Y5Z3	Bos taurus (Bovine)	Metazoa	240	17
Q40772	Phytolacca americana (American pokeweed) (Phytolacca decandra)	Plants	310	25
Q41358	Sambucus nigra (European elder)	Plants	570	28
Q41638	Phaseolus angularis (Azuki bean) (Vigna angularis)	Plants	292	20
Q42369	Lupinus angustifolius (Narrow-leaved blue lupine)	Plants	449	33
Q4PRD1	Daboia siamensis (Eastern Russel's viper) (Daboia russelii siamensis)	Metazoa	146	23
Q4PRD2	Daboia siamensis (Eastern Russel's viper) (Daboia russelii siamensis)	Metazoa	158	24
Q4V4I9	Drosophila melanogaster (Fruit fly)	Metazoa	182	22
Q4VRI5	Oxyuranus scutellatus scutellatus (Australian taipan) (Coastal taipan)	Metazoa	154	27
Q4W1I8	Zinnia elegans (Garden zinnia) (Zinnia violacea)	Plants	321	30
Q4W1I9	Zinnia elegans (Garden zinnia) (Zinnia violacea)	Plants	321	30
Q4WBS1	Aspergillus fumigatus (strain ATCC MYA-4609 / CBS 101355 / FGSC A1100 / Af293) (Neosartorya fumigata)	Fungi	438	17
Q4WL81	Aspergillus fumigatus (strain ATCC MYA-4609 / CBS 101355 / FGSC A1100 / Af293) (Neosartorya fumigata)	Fungi	234	20
Q52085	Heterostelium pallidum (Cellular slime mold) (Polysphondylium pallidum)	Other	320	19
Q53B58	Ophiophagus hannah (King cobra) (Naja hannah)	Metazoa	93	21
Q556R7	Dictyostelium discoideum (Social amoeba)	Other	303	24
Q55P57	Cryptococcus deneoformans (strain B-3501A) (Cryptococcus neoformans var. neoformans serotype D)	Fungi	624	20
Q55U20	Cryptococcus deneoformans (strain B-3501A) (Cryptococcus neoformans var. neoformans serotype D)	Fungi	458	51
Q59XX2	Candida albicans (strain SC5314 / ATCC MYA-2876) (Yeast)	Fungi	378	32
Q59Y31	Candida albicans (strain SC5314 / ATCC MYA-2876) (Yeast)	Fungi	533	21
Q5AMT2	Candida albicans (strain SC5314 / ATCC MYA-2876) (Yeast)	Fungi	308	18
Q5B1W7	Emericella nidulans (strain FGSC A4 / ATCC 38163 / CBS 112.46 / NRRL 194 / M139) (Aspergillus nidulans)	Fungi	385	18
Q5ECE3	Lonomia obliqua (Giant silkworm moth)	Metazoa	201	16
Q5I0E7	Rattus norvegicus (Rat)	Metazoa	235	37
Q5U9S1	Sus scrofa (Pig)	Metazoa	249	20
Q5UCC4	Homo sapiens (Human)	Metazoa	262	25
Q5XM24	Dictyostelium discoideum (Social amoeba)	Other	494	18
Q5ZPR3	Homo sapiens (Human)	Metazoa	534	28
Q60557	Mesocricetus auratus (Golden hamster)	Metazoa	671	21
Q60675	Mus musculus (Mouse)	Metazoa	3118	19
Q60736	Mus musculus (Mouse)	Metazoa	579	32
Q60994	Mus musculus (Mouse)	Metazoa	247	17
Q61001	Mus musculus (Mouse)	Metazoa	3718	40
Q61247	Mus musculus (Mouse)	Metazoa	491	27
Q61400	Mus musculus (Mouse)	Metazoa	265	33
Q61450	Mus musculus (Mouse)	Metazoa	303	23
Q61508	Mus musculus (Mouse)	Metazoa	559	19
Q61738	Mus musculus (Mouse)	Metazoa	1179	33
Q61789	Mus musculus (Mouse)	Metazoa	3330	31
Q61885	Mus musculus (Mouse)	Metazoa	246	28
Q62005	Mus musculus (Mouse)	Metazoa	623	20
Q62192	Mus musculus (Mouse)	Metazoa	661	20
Q62598	Rattus norvegicus (Rat)	Metazoa	687	17
Q62718	Rattus norvegicus (Rat)	Metazoa	344	32
Q62813	Rattus norvegicus (Rat)	Metazoa	338	28
Q62867	Rattus norvegicus (Rat)	Metazoa	317	24
Q63041	Rattus norvegicus (Rat)	Metazoa	1500	24
Q63180	Rattus norvegicus (Rat)	Metazoa	789	25
Q63372	Rattus norvegicus (Rat)	Metazoa	1530	30
Q63373	Rattus norvegicus (Rat)	Metazoa	468	46
Q63376	Rattus norvegicus (Rat)	Metazoa	662	46
Q63415	Rattus norvegicus (Rat)	Metazoa	937	45
Q63617	Rattus norvegicus (Rat)	Metazoa	999	32
Q64277	Mus musculus (Mouse)	Metazoa	311	24
Q64385	Mus musculus (Mouse)	Metazoa	432	23
Q64424	Myocastor coypus (Coypu) (Mus coypus)	Metazoa	470	18
Q64550	Rattus norvegicus (Rat)	Metazoa	535	29
Q64610	Rattus norvegicus (Rat)	Metazoa	887	27
Q6DWK3	Colletotrichum lindemuthianum (Bean anthracnose fungus) (Glomerella lindemuthiana)	Fungi	248	26
Q6E0U4	Homo sapiens (Human)	Metazoa	476	21
Q6EER2	Sistrurus tergeminus (Western massasauga) (Sistrurus catenatus tergeminus)	Metazoa	138	16
Q6EER4	Bothriechis schlegelii (Eyelash palm pitviper)	Metazoa	138	16
Q6EH50	Phytolacca heterotepala (Mexican pokeweed)	Plants	312	22
Q6H3C8	Trimeresurus stejnegeri (Chinese green tree viper) (Viridovipera stejnegeri)	Metazoa	138	16
Q6H3D0	Trimeresurus stejnegeri (Chinese green tree viper) (Viridovipera stejnegeri)	Metazoa	138	16
Q6IUU3	Rattus norvegicus (Rat)	Metazoa	750	32
Q6IWZ0	Aplysia californica (California sea hare)	Metazoa	535	18
Q6J4Q1	Apis mellifera (Honeybee)	Metazoa	683	21
Q6JK69	Bothrops atrox (Barba amarilla) (Fer-de-lance)	Metazoa	138	16
Q6PSU2	Arachis hypogaea (Peanut)	Plants	172	21
Q6PW77	Sarocladium strictum (Black bundle disease fungus) (Acremonium strictum)	Fungi	499	25
Q6QD51	Rattus norvegicus (Rat)	Metazoa	949	27
Q6STF1	Gloydius halys (Chinese water mocassin) (Agkistrodon halys)	Metazoa	504	18
Q6TGQ8	Bothrops moojeni (Lance-headed viper) (Caissaca)	Metazoa	502	18
Q6UW15	Homo sapiens (Human)	Metazoa	175	26
Q6UW56	Homo sapiens (Human)	Metazoa	229	30
Q6UW88	Homo sapiens (Human)	Metazoa	154	22
Q6UWI2	Homo sapiens (Human)	Metazoa	310	20
Q6UWK7	Homo sapiens (Human)	Metazoa	81	24
Q6UWL6	Homo sapiens (Human)	Metazoa	708	20
Q6UWN5	Homo sapiens (Human)	Metazoa	251	25
Q6UWV6	Homo sapiens (Human)	Metazoa	458	21
Q6UWY2	Homo sapiens (Human)	Metazoa	283	31
Q6UX27	Homo sapiens (Human)	Metazoa	236	16
Q6UX39	Homo sapiens (Human)	Metazoa	209	16
Q6UX41	Homo sapiens (Human)	Metazoa	500	17
Q6UX46	Homo sapiens (Human)	Metazoa	152	24
Q6UXB2	Homo sapiens (Human)	Metazoa	119	21
Q6UXB8	Homo sapiens (Human)	Metazoa	463	27
Q6UXD5	Homo sapiens (Human)	Metazoa	910	27
Q6UXG3	Homo sapiens (Human)	Metazoa	332	18
Q6UXH1	Homo sapiens (Human)	Metazoa	353	24
Q6UXL0	Homo sapiens (Human)	Metazoa	311	29
Q6WN34	Homo sapiens (Human)	Metazoa	429	25
Q6X4U4	Homo sapiens (Human)	Metazoa	206	23
Q6YDN9	Brassica oleracea var. botrytis (Cauliflower)	Plants	295	23
Q6ZSA7	Homo sapiens (Human)	Metazoa	298	34
Q70SU8	Salmo salar (Atlantic salmon)	Metazoa	342	19
Q71DJ5	Arabidopsis thaliana (Mouse-ear cress)	Plants	393	20
Q71QE8	Crotalus viridis viridis (Prairie rattlesnake)	Metazoa	138	16
Q75N35	Dioscorea polystachya (Chinese yam)	Plants	272	25
Q76BW5	Oryza sativa subsp. japonica (Rice)	Plants	290	25
Q76CE8	Typhula ishikariensis (Gray snow mold fungus)	Fungi	243	20
Q76IQ4	Oncorhynchus mykiss (Rainbow trout) (Salmo gairdneri)	Metazoa	111	26
Q7KRU8	Drosophila melanogaster (Fruit fly)	Metazoa	205	19
Q7L513	Homo sapiens (Human)	Metazoa	359	27
Q7SZI7	Xenopus laevis (African clawed frog)	Metazoa	1219	22
Q7SZN0	Pseudonaja textilis (Eastern brown snake)	Metazoa	1460	30
Q7T2R1	Daboia siamensis (Eastern Russel's viper) (Daboia russelii siamensis)	Metazoa	138	16
Q7TMF5	Mus musculus (Mouse)	Metazoa	413	20
Q7TQN3	Mus musculus (Mouse)	Metazoa	571	29
Q7YSJ4	Dictyostelium discoideum (Social amoeba)	Other	708	19
Q7YXD3	Androctonus mauritanicus mauritanicus (Scorpion)	Metazoa	85	19
Q7Z5A7	Homo sapiens (Human)	Metazoa	132	43
Q7ZT75	Xenopus laevis (African clawed frog)	Metazoa	315	19
Q7ZTA7	Crotalus lutosus abyssus (Grand Canyon rattlesnake) (Crotalus oreganus abyssus)	Metazoa	138	16
Q800C4	Crotalus viridis viridis (Prairie rattlesnake)	Metazoa	138	16
Q805A2	Protobothrops flavoviridis (Habu) (Trimeresurus flavoviridis)	Metazoa	138	16
Q805F3	Xenopus laevis (African clawed frog)	Metazoa	397	16
Q84UV8	Nicotiana langsdorffii x Nicotiana sanderae (Ornamental tobacco)	Plants	274	25
Q84ZX5	Artemisia vulgaris (Mugwort)	Plants	132	24
Q868Z9	Drosophila melanogaster (Fruit fly)	Metazoa	2898	26
Q86IV5	Dictyostelium discoideum (Social amoeba)	Other	258	21
Q86LE5	Rhipicephalus microplus (Cattle tick) (Boophilus microplus)	Metazoa	110	20
Q86QT3	Centruroides noxius (Mexican scorpion)	Metazoa	62	20
Q86T13	Homo sapiens (Human)	Metazoa	490	21
Q86WA6	Homo sapiens (Human)	Metazoa	291	37
Q86Y34	Homo sapiens (Human)	Metazoa	549	20
Q86Y78	Homo sapiens (Human)	Metazoa	171	22
Q86YD3	Homo sapiens (Human)	Metazoa	366	26
Q86YL7	Homo sapiens (Human)	Metazoa	162	22
Q86YT9	Homo sapiens (Human)	Metazoa	394	19
Q8AXY1	Bothrops jararacussu (Jararacussu)	Metazoa	138	16
Q8BHN3	Mus musculus (Mouse)	Metazoa	944	32
Q8BHP7	Mus musculus (Mouse)	Metazoa	681	32
Q8BK48	Mus musculus (Mouse)	Metazoa	559	26
Q8BPM6	Mus musculus (Mouse)	Metazoa	367	31
Q8BSU2	Mus musculus (Mouse)	Metazoa	246	26
Q8C1Q4	Mus musculus (Mouse)	Metazoa	291	21
Q8GT41	Platanus acerifolia (London plane tree) (Platanus orientalis x Platanus occidentalis)	Plants	179	23
Q8GTB6	Cannabis sativa (Hemp) (Marijuana)	Plants	545	28
Q8H8C7	Oryza sativa subsp. japonica (Rice)	Plants	356	28
Q8I034	Felis catus (Cat) (Felis silvestris catus)	Metazoa	545	28
Q8I0L5	Olivierus martensii (Manchurian scorpion) (Mesobuthus martensii)	Metazoa	59	22
Q8ISL8	Apis mellifera (Honeybee)	Metazoa	78	24
Q8IUH8	Homo sapiens (Human)	Metazoa	684	21
Q8IVL8	Homo sapiens (Human)	Metazoa	374	20
Q8J0K5	Talaromyces funiculosus (Fruitlet core rot fungus) (Penicillium funiculosum)	Fungi	282	39
Q8JFY4	Anguilla japonica (Japanese eel)	Metazoa	111	26
Q8L5C6	Triticum aestivum (Wheat)	Plants	304	30
Q8L5J1	Solanum lycopersicum (Tomato) (Lycopersicon esculentum)	Plants	399	26
Q8MLZ7	Drosophila melanogaster (Fruit fly)	Metazoa	441	23
Q8MM24	Drosophila melanogaster (Fruit fly)	Metazoa	439	20
Q8MMJ7	Opisthacanthus madagascariensis (Scorpion)	Metazoa	68	23
Q8MP06	Tyria jacobaeae (Cinnabar moth)	Metazoa	456	22
Q8MTX2	Opisthacanthus madagascariensis (Scorpion)	Metazoa	71	23
Q8N0W4	Homo sapiens (Human)	Metazoa	816	41
Q8N126	Homo sapiens (Human)	Metazoa	398	24
Q8N441	Homo sapiens (Human)	Metazoa	504	24
Q8N474	Homo sapiens (Human)	Metazoa	314	31
Q8N4F0	Homo sapiens (Human)	Metazoa	458	20
Q8N6C8	Homo sapiens (Human)	Metazoa	439	23
Q8N6Q3	Homo sapiens (Human)	Metazoa	437	21
Q8N766	Homo sapiens (Human)	Metazoa	993	22
Q8NAC3	Homo sapiens (Human)	Metazoa	791	20
Q8NBJ9	Homo sapiens (Human)	Metazoa	832	18
Q8NBK3	Homo sapiens (Human)	Metazoa	374	33
Q8NBL1	Homo sapiens (Human)	Metazoa	392	23
Q8NBM8	Homo sapiens (Human)	Metazoa	494	22
Q8NBN3	Homo sapiens (Human)	Metazoa	555	21
Q8NBP7	Homo sapiens (Human)	Metazoa	692	30
Q8NC67	Homo sapiens (Human)	Metazoa	525	22
Q8NCC3	Homo sapiens (Human)	Metazoa	412	33
Q8NHP8	Homo sapiens (Human)	Metazoa	589	41
Q8NI17	Homo sapiens (Human)	Metazoa	732	19
Q8QGR0	Dendroaspis angusticeps (Eastern green mamba) (Naja angusticeps)	Metazoa	86	21
Q8RUW5	Arabidopsis thaliana (Mouse-ear cress)	Plants	433	19
Q8S2W4	Arabidopsis thaliana (Mouse-ear cress)	Plants	61	22
Q8SPQ0	Capra hircus (Goat)	Metazoa	383	21
Q8SXL2	Drosophila melanogaster (Fruit fly)	Metazoa	136	24
Q8T1G4	Dictyostelium discoideum (Social amoeba)	Other	181	19
Q8TC27	Homo sapiens (Human)	Metazoa	787	16
Q8TCT7	Homo sapiens (Human)	Metazoa	592	25
Q8TCT8	Homo sapiens (Human)	Metazoa	520	25
Q8TD06	Homo sapiens (Human)	Metazoa	166	21
Q8TDQ1	Homo sapiens (Human)	Metazoa	290	19
Q8VCS0	Mus musculus (Mouse)	Metazoa	530	22
Q8VCT4	Mus musculus (Mouse)	Metazoa	565	18
Q8WML4	Bos taurus (Bovine)	Metazoa	580	22
Q8WMP9	Bos taurus (Bovine)	Metazoa	407	29
Q8WP90	Solenopsis invicta (Red imported fire ant) (Solenopsis wagneri)	Metazoa	153	19
Q8WPJ2	Mytilus edulis (Blue mussel)	Metazoa	367	17
Q8WUJ3	Homo sapiens (Human)	Metazoa	1361	30
Q8WWA0	Homo sapiens (Human)	Metazoa	313	18
Q8WXF3	Homo sapiens (Human)	Metazoa	142	25
Q8WZI8	Aspergillus niger	Fungi	521	17
Q8X150	Gaeumannomyces tritici (Wheat and barley take-all root rot fungus) (Gaeumannomyces graminis var. tritici)	Fungi	618	16
Q90249	Bothrops jararacussu (Jararacussu)	Metazoa	137	16
Q90611	Gallus gallus (Chicken)	Metazoa	663	26
Q90935	Gallus gallus (Chicken)	Metazoa	410	16
Q90W39	Protobothrops mucrosquamatus (Taiwan habu) (Trimeresurus mucrosquamatus)	Metazoa	138	16
Q90WJ8	Anguilla japonica (Japanese eel)	Metazoa	166	24
Q91XA9	Mus musculus (Mouse)	Metazoa	473	21
Q91XZ2	Mus musculus (Mouse)	Metazoa	779	28
Q91XZ4	Mus musculus (Mouse)	Metazoa	772	28
Q91Z98	Mus musculus (Mouse)	Metazoa	402	21
Q924B5	Rattus norvegicus (Rat)	Metazoa	250	25
Q92563	Homo sapiens (Human)	Metazoa	424	22
Q92583	Homo sapiens (Human)	Metazoa	94	23
Q92643	Homo sapiens (Human)	Metazoa	395	27
Q92765	Homo sapiens (Human)	Metazoa	325	32
Q92956	Homo sapiens (Human)	Metazoa	283	38
Q94734	Rhodnius prolixus (Triatomid bug)	Metazoa	205	21
Q949Y3	Arabidopsis thaliana (Mouse-ear cress)	Plants	475	30
Q94EG3	Nicotiana langsdorffii x Nicotiana sanderae (Ornamental tobacco)	Plants	229	32
Q94K85	Arabidopsis thaliana (Mouse-ear cress)	Plants	359	26
Q95460	Homo sapiens (Human)	Metazoa	341	22
Q95JC9	Sus scrofa (Pig)	Metazoa	676	16
Q95M17	Bos taurus (Bovine)	Metazoa	472	21
Q95P90	Olivierus martensii (Manchurian scorpion) (Mesobuthus martensii)	Metazoa	94	22
Q96318	Arabidopsis thaliana (Mouse-ear cress)	Plants	524	23
Q966V2	Halocynthia roretzi (Sea squirt) (Cynthia roretzi)	Metazoa	388	22
Q968Z6	Dictyostelium discoideum (Social amoeba)	Other	557	19
Q969H8	Homo sapiens (Human)	Metazoa	173	31
Q969J5	Homo sapiens (Human)	Metazoa	263	21
Q969N2	Homo sapiens (Human)	Metazoa	578	21
Q969P0	Homo sapiens (Human)	Metazoa	613	27
Q969Z4	Homo sapiens (Human)	Metazoa	430	25
Q96AP7	Homo sapiens (Human)	Metazoa	390	29
Q96BF3	Homo sapiens (Human)	Metazoa	282	22
Q96BY9	Homo sapiens (Human)	Metazoa	339	30
Q96DR8	Homo sapiens (Human)	Metazoa	90	20
Q96DU3	Homo sapiens (Human)	Metazoa	332	21
Q96F46	Homo sapiens (Human)	Metazoa	866	32
Q96FE7	Homo sapiens (Human)	Metazoa	263	21
Q96HE7	Homo sapiens (Human)	Metazoa	468	23
Q96HF1	Homo sapiens (Human)	Metazoa	295	24
Q96KN2	Homo sapiens (Human)	Metazoa	507	25
Q96LA5	Homo sapiens (Human)	Metazoa	508	19
Q96PD4	Homo sapiens (Human)	Metazoa	163	30
Q96PD5	Homo sapiens (Human)	Metazoa	576	21
Q96RQ9	Homo sapiens (Human)	Metazoa	567	21
Q96S96	Homo sapiens (Human)	Metazoa	227	22
Q96TU3	Aspergillus awamori (Black koji mold)	Fungi	537	19
Q99217	Homo sapiens (Human)	Metazoa	191	16
Q99372	Rattus norvegicus (Rat)	Metazoa	870	27
Q99435	Homo sapiens (Human)	Metazoa	816	21
Q99467	Homo sapiens (Human)	Metazoa	661	23
Q99519	Homo sapiens (Human)	Metazoa	415	47
Q99538	Homo sapiens (Human)	Metazoa	433	17
Q99616	Homo sapiens (Human)	Metazoa	98	16
Q99935	Homo sapiens (Human)	Metazoa	248	21
Q99944	Homo sapiens (Human)	Metazoa	293	25
Q99969	Homo sapiens (Human)	Metazoa	163	20
Q99972	Homo sapiens (Human)	Metazoa	504	32
Q99MA2	Rattus norvegicus (Rat)	Metazoa	674	22
Q99ML8	Mus musculus (Mouse)	Metazoa	113	23
Q9ATH2	Corylus avellana (European hazel) (Corylus maxima)	Plants	115	23
Q9BKB7	Mesobuthus eupeus (Lesser Asian scorpion) (Buthus eupeus)	Metazoa	57	21
Q9BQ51	Homo sapiens (Human)	Metazoa	273	19
Q9BQB4	Homo sapiens (Human)	Metazoa	213	23
Q9BWV1	Homo sapiens (Human)	Metazoa	1114	30
Q9BX59	Homo sapiens (Human)	Metazoa	468	18
Q9BX67	Homo sapiens (Human)	Metazoa	310	31
Q9BX74	Homo sapiens (Human)	Metazoa	207	37
Q9BXI9	Homo sapiens (Human)	Metazoa	278	46
Q9BXJ0	Homo sapiens (Human)	Metazoa	243	15
Q9BXJ3	Homo sapiens (Human)	Metazoa	329	16
Q9BXJ7	Homo sapiens (Human)	Metazoa	453	19
Q9BYZ8	Homo sapiens (Human)	Metazoa	158	22
Q9BZM5	Homo sapiens (Human)	Metazoa	246	25
Q9BZR6	Homo sapiens (Human)	Metazoa	473	26
Q9BZW8	Homo sapiens (Human)	Metazoa	370	21
Q9C0Y4	Schizosaccharomyces pombe (strain 972 / ATCC 24843) (Fission yeast)	Fungi	969	24
Q9C9G4	Arabidopsis thaliana (Mouse-ear cress)	Plants	290	27
Q9D6Y1	Mus musculus (Mouse)	Metazoa	273	21
Q9DF69	Gallus gallus (Chicken)	Metazoa	594	18
Q9DGI0	Bothrops jararaca (Jararaca) (Bothrops jajaraca)	Metazoa	341	19
Q9EQX0	Mus musculus (Mouse)	Metazoa	117	23
Q9ERQ6	Rattus norvegicus (Rat)	Metazoa	571	30
Q9ES58	Rattus norvegicus (Rat)	Metazoa	327	23
Q9FRV0	Secale cereale (Rye)	Plants	266	23
Q9FRV1	Secale cereale (Rye)	Plants	321	19
Q9FSH9	Lupinus albus (White lupine) (Lupinus termis)	Plants	452	33
Q9FXT4	Oryza sativa subsp. japonica (Rice)	Plants	417	55
Q9GKK3	Equus caballus (Horse)	Metazoa	241	15
Q9GL30	Bos taurus (Bovine)	Metazoa	545	35
Q9GQV7	Aedes aegypti (Yellowfever mosquito) (Culex aegypti)	Metazoa	128	22
Q9GZM7	Homo sapiens (Human)	Metazoa	467	21
Q9GZV9	Homo sapiens (Human)	Metazoa	251	24
Q9GZX6	Homo sapiens (Human)	Metazoa	179	33
Q9GZZ8	Homo sapiens (Human)	Metazoa	138	19
Q9H1E1	Homo sapiens (Human)	Metazoa	156	28
Q9H1M4	Homo sapiens (Human)	Metazoa	99	20
Q9H293	Homo sapiens (Human)	Metazoa	177	32
Q9H3T3	Homo sapiens (Human)	Metazoa	888	25
Q9H5V8	Homo sapiens (Human)	Metazoa	836	29
Q9H6E4	Homo sapiens (Human)	Metazoa	229	22
Q9H7M9	Homo sapiens (Human)	Metazoa	311	32
Q9H9K5	Homo sapiens (Human)	Metazoa	563	26
Q9HBE5	Homo sapiens (Human)	Metazoa	538	19
Q9HC23	Homo sapiens (Human)	Metazoa	129	27
Q9HE18	Talaromyces funiculosus (Fruitlet core rot fungus) (Penicillium funiculosum)	Fungi	353	18
Q9JI59	Mus musculus (Mouse)	Metazoa	298	28
Q9JJS8	Rattus norvegicus (Rat)	Metazoa	685	19
Q9JLA3	Rattus norvegicus (Rat)	Metazoa	1551	42
Q9JMI7	Mus musculus (Mouse)	Metazoa	250	25
Q9LRC8	Scutellaria baicalensis (Baical skullcap)	Plants	527	25
Q9LVC0	Arabidopsis thaliana (Mouse-ear cress)	Plants	60	28
Q9LXD6	Arabidopsis thaliana (Mouse-ear cress)	Plants	773	23
Q9M653	Polygonatum multiflorum (Solomon's seal) (Convallaria multiflora)	Plants	603	39
Q9M6E9	Abrus precatorius (Indian licorice) (Glycine abrus)	Plants	547	20
Q9N2I2	Bos taurus (Bovine)	Metazoa	404	19
Q9N4D8	Caenorhabditis elegans	Metazoa	123	17
Q9NAX4	Dictyostelium discoideum (Social amoeba)	Other	464	17
Q9NBG9	Olivierus martensii (Manchurian scorpion) (Mesobuthus martensii)	Metazoa	59	22
Q9NII7	Olivierus martensii (Manchurian scorpion) (Mesobuthus martensii)	Metazoa	60	22
Q9NJ98	Manduca sexta (Tobacco hawkmoth) (Tobacco hornworm)	Metazoa	487	19
Q9NL89	Bombyx mori (Silk moth)	Metazoa	495	16
Q9NPA0	Homo sapiens (Human)	Metazoa	242	23
Q9NPF0	Homo sapiens (Human)	Metazoa	282	35
Q9NPG1	Homo sapiens (Human)	Metazoa	666	22
Q9NPR2	Homo sapiens (Human)	Metazoa	837	43
Q9NQ25	Homo sapiens (Human)	Metazoa	335	22
Q9NQ34	Homo sapiens (Human)	Metazoa	198	33
Q9NR16	Homo sapiens (Human)	Metazoa	1453	40
Q9NR61	Homo sapiens (Human)	Metazoa	685	26
Q9NRM6	Homo sapiens (Human)	Metazoa	502	17
Q9NS68	Homo sapiens (Human)	Metazoa	423	29
Q9NSA1	Homo sapiens (Human)	Metazoa	209	28
Q9NWM8	Homo sapiens (Human)	Metazoa	211	19
Q9NYY1	Homo sapiens (Human)	Metazoa	176	24
Q9NZ53	Homo sapiens (Human)	Metazoa	605	32
Q9NZV1	Homo sapiens (Human)	Metazoa	1036	34
Q9P0V8	Homo sapiens (Human)	Metazoa	285	22
Q9P0W0	Homo sapiens (Human)	Metazoa	207	27
Q9P121	Homo sapiens (Human)	Metazoa	344	33
Q9P246	Homo sapiens (Human)	Metazoa	746	14
Q9P2K2	Homo sapiens (Human)	Metazoa	825	27
Q9PTT2	Lepidobatrachus laevis (Budgett's frog)	Metazoa	225	19
Q9PVF4	Calloselasma rhodostoma (Malayan pit viper) (Agkistrodon rhodostoma)	Metazoa	137	16
Q9PWF3	Crotalus durissus terrificus (South American rattlesnake)	Metazoa	65	22
Q9QXX3	Mus musculus (Mouse)	Metazoa	151	17
Q9QYH7	Rattus norvegicus (Rat)	Metazoa	117	23
Q9R100	Mus musculus (Mouse)	Metazoa	827	25
Q9R1T7	Rattus norvegicus (Rat)	Metazoa	200	20
Q9S7Y7	Arabidopsis thaliana (Mouse-ear cress)	Plants	915	27
Q9SR37	Arabidopsis thaliana (Mouse-ear cress)	Plants	524	24
Q9SU40	Arabidopsis thaliana (Mouse-ear cress)	Plants	587	20
Q9SUQ8	Arabidopsis thaliana (Mouse-ear cress)	Plants	187	29
Q9TSN6	Bubalus bubalis (Domestic water buffalo)	Metazoa	142	18
Q9TTE1	Bos taurus (Bovine)	Metazoa	411	24
Q9TVX3	Olivierus martensii (Manchurian scorpion) (Mesobuthus martensii)	Metazoa	61	28
Q9TY95	Plasmodium falciparum (isolate 3D7)	Other	997	22
Q9U572	Penaeus monodon (Giant tiger prawn)	Metazoa	1670	14
Q9U8W8	Tachypleus tridentatus (Japanese horseshoe crab)	Metazoa	292	23
Q9UAC8	Olivierus martensii (Manchurian scorpion) (Mesobuthus martensii)	Metazoa	85	19
Q9UAD0	Olivierus martensii (Manchurian scorpion) (Mesobuthus martensii)	Metazoa	59	24
Q9UBD3	Homo sapiens (Human)	Metazoa	114	21
Q9UBN6	Homo sapiens (Human)	Metazoa	386	55
Q9UBP4	Homo sapiens (Human)	Metazoa	350	21
Q9UBT3	Homo sapiens (Human)	Metazoa	224	18
Q9UBU3	Homo sapiens (Human)	Metazoa	117	23
Q9UHD0	Homo sapiens (Human)	Metazoa	177	24
Q9UHF4	Homo sapiens (Human)	Metazoa	553	29
Q9UIB8	Homo sapiens (Human)	Metazoa	345	21
Q9UIK5	Homo sapiens (Human)	Metazoa	374	40
Q9UK23	Homo sapiens (Human)	Metazoa	515	25
Q9UK55	Homo sapiens (Human)	Metazoa	444	21
Q9UKY0	Homo sapiens (Human)	Metazoa	176	25
Q9UKZ9	Homo sapiens (Human)	Metazoa	415	23
Q9UNE0	Homo sapiens (Human)	Metazoa	448	26
Q9UVI4	Claviceps fusiformis (Ergot fungus)	Fungi	394	16
Q9V496	Drosophila melanogaster (Fruit fly)	Metazoa	3351	25
Q9VA83	Drosophila melanogaster (Fruit fly)	Metazoa	227	19
Q9VB68	Drosophila melanogaster (Fruit fly)	Metazoa	377	26
Q9VG55	Drosophila melanogaster (Fruit fly)	Metazoa	191	24
Q9VH14	Drosophila melanogaster (Fruit fly)	Metazoa	210	27
Q9VMD9	Drosophila melanogaster (Fruit fly)	Metazoa	2188	18
Q9VYX7	Drosophila melanogaster (Fruit fly)	Metazoa	203	26
Q9WVJ9	Mus musculus (Mouse)	Metazoa	443	27
Q9XIV8	Nicotiana tabacum (Common tobacco)	Plants	330	29
Q9XSW3	Sus scrofa (Pig)	Metazoa	240	18
Q9XXV0	Bombyx mori (Silk moth)	Metazoa	441	21
Q9XYT4	Cryptorchestia cavimana (Amphipod) (Orchestia cavimana)	Metazoa	128	20
Q9Y240	Homo sapiens (Human)	Metazoa	323	21
Q9Y251	Homo sapiens (Human)	Metazoa	543	35
Q9Y258	Homo sapiens (Human)	Metazoa	94	23
Q9Y279	Homo sapiens (Human)	Metazoa	399	19
Q9Y2E5	Homo sapiens (Human)	Metazoa	1009	23
Q9Y2I2	Homo sapiens (Human)	Metazoa	539	28
Q9Y4X3	Homo sapiens (Human)	Metazoa	112	24
Q9Y5C1	Homo sapiens (Human)	Metazoa	460	16
Q9Y5H9	Homo sapiens (Human)	Metazoa	948	22
Q9Y5Q6	Homo sapiens (Human)	Metazoa	135	22
Q9Y5U5	Homo sapiens (Human)	Metazoa	241	25
Q9Y624	Homo sapiens (Human)	Metazoa	299	27
Q9Y653	Homo sapiens (Human)	Metazoa	693	25
Q9Y6C2	Homo sapiens (Human)	Metazoa	1016	21
Q9YH85	Gallus gallus (Chicken)	Metazoa	2120	24
Q9Z0J8	Rattus norvegicus (Rat)	Metazoa	348	31
Q9Z0K8	Mus musculus (Mouse)	Metazoa	512	23
Q9Z0L3	Mus musculus (Mouse)	Metazoa	485	17
Q9Z1K9	Rattus norvegicus (Rat)	Metazoa	827	17
Q9ZT64	Pinus contorta (Shore pine) (Lodgepole pine)	Plants	513	23
Q9ZWA9	Arabidopsis thaliana (Mouse-ear cress)	Plants	451	25
U3FAE1	Micrurus fulvius (Eastern coral snake) (Coluber fulvius)	Metazoa	84	21
U6BLZ9	Penicillium canescens	Fungi	463	26
V5NC32	Agaricus xanthodermus (Poison yellow meadow mushroom)	Fungi	600	25
W8E7D1	Macrovipera lebetinus (Levantine viper) (Vipera lebetina)	Metazoa	851	23
X2JCV5	Cerastes cerastes (Horned desert viper)	Metazoa	516	18
A0A0A1I6E7	Androctonus crassicauda (Arabian fat-tailed scorpion)	Metazoa	74	22
A0A0A1I6N9	Androctonus crassicauda (Arabian fat-tailed scorpion)	Metazoa	74	22
A0A0F7YZQ7	Conus victoriae (Queen Victoria cone)	Metazoa	100	24
A0A0R4I951	Scolopendra dehaani (Thai centipede) (Scolopendra subspinipes dehaani)	Metazoa	70	23
A0A161AT60	Pisum sativum (Garden pea) (Lathyrus oleraceus)	Plants	120	25
A0A1S6EK91	Moringa oleifera (Horseradish tree) (Moringa pterygosperma)	Plants	79	20
A0A2I6QAZ5	Trametes coccinea (strain BRFM310) (Pycnoporus coccineus)	Fungi	428	21
A0A2I6QB00	Trametes coccinea (strain BRFM310) (Pycnoporus coccineus)	Fungi	418	18
A0A2I8B346	Paralithodes camtschaticus (Red king crab) (Maja camtschatica)	Metazoa	62	23
A0A2I8B352	Paralithodes camtschaticus (Red king crab) (Maja camtschatica)	Metazoa	71	23
A0A2I8B353	Paralithodes camtschaticus (Red king crab) (Maja camtschatica)	Metazoa	76	23
A0A4P9I8G4	Waitea arvalis (Laetisaria arvalis)	Fungi	238	20
A0A7E5WUT2	Trichoplusia ni (Cabbage looper)	Metazoa	231	19
A1BQQ5	Conus marmoreus (Marble cone)	Metazoa	289	24
A1IKL2	Anisakis simplex (Herring worm)	Metazoa	152	18
A1X158	Perna viridis (Asian green mussel) (Mytilus viridis)	Metazoa	561	20
A1X159	Perna viridis (Asian green mussel) (Mytilus viridis)	Metazoa	431	20
A1XRN2	Metlapilcoatlus nummifer (Mexican jumping pitviper) (Atropoides nummifer)	Metazoa	166	19
A4LAR6	Grifola frondosa (Maitake) (Polyporus frondosus)	Fungi	107	24
A6MEY4	Bungarus fasciatus (Banded krait) (Pseudoboa fasciata)	Metazoa	145	27
A8CG89	Daboia russelii (Russel's viper) (Vipera russelii)	Metazoa	138	16
A8CG90	Daboia russelii (Russel's viper) (Vipera russelii)	Metazoa	137	16
A8Y7P1	Daboia siamensis (Eastern Russel's viper) (Daboia russelii siamensis)	Metazoa	84	24
B0FHH8	Manduca sexta (Tobacco hawkmoth) (Tobacco hornworm)	Metazoa	151	18
B0KZK1	Acarus siro (Flour mite) (Tyroglyphus farinae)	Metazoa	517	21
B0XRV0	Aspergillus fumigatus (strain CBS 144.89 / FGSC A1163 / CEA10) (Neosartorya fumigata)	Fungi	721	18
B1B5I8	Stichodactyla haddoni (Saddle carpet anemone) (Haddon's sea anemone)	Metazoa	81	19
B1P0S1	Pseudopleuronectes americanus (Winter flounder) (Pleuronectes americanus)	Metazoa	218	23
B2KNH9	Dendrobium findlayanum (Findlay's orchid)	Plants	167	24
B2NHN2	Talaromyces funiculosus (Fruitlet core rot fungus) (Penicillium funiculosum)	Fungi	339	20
B4FZ87	Zea mays (Maize)	Plants	396	31
B5U6Y4	Echis ocellatus (Ocellated saw-scaled viper)	Metazoa	138	16
B5U6Z2	Macrovipera lebetinus transmediterranea (Blunt-nosed viper) (Vipera lebetina transmediterranea)	Metazoa	138	16
B6RLX2	Ophiophagus hannah (King cobra) (Naja hannah)	Metazoa	83	25
B7FDP2	Centruroides suffusus (Durango bark scorpion)	Metazoa	87	19
B7SNV8	Parabuthus granulatus (Granulated thick-tailed scorpion) (Androctonus granulatus)	Metazoa	82	19
B8M9H9	Talaromyces stipitatus (strain ATCC 10500 / CBS 375.48 / QM 6759 / NRRL 1006) (Penicillium stipitatum)	Fungi	358	18
B8PYF3	Paspalum notatum (Bahia grass)	Plants	265	23
C0HJQ4	Mesobuthus eupeus (Lesser Asian scorpion) (Buthus eupeus)	Metazoa	61	23
C0HJQ8	Mesobuthus eupeus (Lesser Asian scorpion) (Buthus eupeus)	Metazoa	58	21
C0HJZ1	Arachis hypogaea (Peanut)	Plants	72	25
C0HKC2	Agkistrodon piscivorus leucostoma (Western cottonmouth) (Acontias leucostoma)	Metazoa	137	16
C0HKG0	Clitoria ternatea (Butterfly pea)	Plants	117	25
C0HKG1	Clitoria ternatea (Butterfly pea)	Plants	127	24
C0HL38	Trichonephila clavata (Joro spider) (Nephila clavata)	Metazoa	60	19
C0K3N1	Bitis arietans (African puff adder)	Metazoa	150	24
C1IC47	Walterinnesia aegyptia (Desert black snake)	Metazoa	83	21
C1IC49	Walterinnesia aegyptia (Desert black snake)	Metazoa	86	21
C4NZN9	Hyas araneus (Atlantic lyre crab) (Great spider crab)	Metazoa	131	16
C5P3X6	Coccidioides posadasii (strain C735) (Valley fever fungus)	Fungi	276	18
C7B247	Isometrus maculatus (Lesser brown scorpion) (Scorpio maculatus)	Metazoa	74	22
D0UGJ0	Bothrops pauloensis (Neuwied's lancehead) (Bothrops neuwiedi pauloensis)	Metazoa	139	16
D1MGU0	Protobothrops jerdonii (Jerdon's pitviper) (Trimeresurus jerdonii)	Metazoa	156	23
D1MGU1	Protobothrops jerdonii (Jerdon's pitviper) (Trimeresurus jerdonii)	Metazoa	146	23
D3JXM1	Mesobuthus eupeus (Lesser Asian scorpion) (Buthus eupeus)	Metazoa	59	22
D3Z9M3	Rattus norvegicus (Rat)	Metazoa	109	16
D7UQ40	Alternaria solani	Fungi	515	25
E0XKJ9	Tabanus yao (Horsefly)	Metazoa	349	25
E6Y8S8	Apium graveolens (Celery)	Plants	118	27
E7D082	Mesobuthus eupeus (Lesser Asian scorpion) (Buthus eupeus)	Metazoa	87	19
E9NX73	Fagopyrum tataricum (Tartarian buckwheat) (Polygonum tataricum)	Plants	149	22
F1AWB0	Vaejovis mexicanus (Mexican scorpion)	Metazoa	82	22
F1CGT6	Centruroides suffusus (Durango bark scorpion)	Metazoa	82	17
F7J1C8	Flammulina velutipes (Agaricus velutipes)	Fungi	249	21
G1CWH1	Clitoria ternatea (Butterfly pea)	Plants	132	28
G1CWH3	Clitoria ternatea (Butterfly pea)	Plants	123	28
G1CWH5	Clitoria ternatea (Butterfly pea)	Plants	130	25
G1CWH6	Clitoria ternatea (Butterfly pea)	Plants	122	25
G1CWH8	Clitoria ternatea (Butterfly pea)	Plants	123	28
G3MYZ3	Bos taurus (Bovine)	Metazoa	604	21
G4V4F9	Cupiennius salei (American wandering spider)	Metazoa	97	19
G5EC68	Caenorhabditis elegans	Metazoa	85	17
G8YYA5	Androctonus amoreuxi (African fattail scorpion) (Scorpio amoreuxi)	Metazoa	74	22
G8YYA6	Androctonus amoreuxi (African fattail scorpion) (Scorpio amoreuxi)	Metazoa	74	22
G9I929	Micrurus tener tener (Texas coral snake)	Metazoa	84	24
G9I930	Micrurus tener tener (Texas coral snake)	Metazoa	149	30
I6RU32	Scolopendra mutilans (Chinese red-headed centipede) (Scolopendra subspinipes mutilans)	Metazoa	74	23
I6S7G5	Scolopendra mutilans (Chinese red-headed centipede) (Scolopendra subspinipes mutilans)	Metazoa	84	16
K9MCH1	Micrurus laticollaris (Balsas coral snake)	Metazoa	81	21
L7VIN3	Hermetia illucens (Black soldier fly)	Metazoa	69	23
L8BRS3	Morus alba (White mulberry)	Plants	209	18
M5AXY1	Felis catus (Cat) (Felis silvestris catus)	Metazoa	201	18
O02826	Sus scrofa (Pig)	Metazoa	111	20
O18994	Sus scrofa (Pig)	Metazoa	219	21
O22317	Musa acuminata (Banana) (Musa cavendishii)	Plants	340	28
O35806	Rattus norvegicus (Rat)	Metazoa	1764	35
O42720	Ajellomyces capsulatus (strain G186AR / H82 / ATCC MYA-2454 / RMSCC 2432) (Darling's disease fungus) (Histoplasma capsulatum)	Fungi	110	32
O46162	Schistocerca gregaria (Desert locust) (Gryllus gregarius)	Metazoa	92	19
O46166	Eratigena agrestis (Hobo spider) (Tegenaria agrestis)	Metazoa	68	17
O46167	Eratigena agrestis (Hobo spider) (Tegenaria agrestis)	Metazoa	68	17
O46168	Eratigena agrestis (Hobo spider) (Tegenaria agrestis)	Metazoa	68	17
O48818	Arabidopsis thaliana (Mouse-ear cress)	Plants	257	20
O59896	Pycnoporus cinnabarinus (Cinnabar-red polypore) (Trametes cinnabarina)	Fungi	518	21
O64393	Triticum aestivum (Wheat)	Plants	148	23
O70280	Rattus norvegicus (Rat)	Metazoa	212	26
O75596	Homo sapiens (Human)	Metazoa	197	22
O75711	Homo sapiens (Human)	Metazoa	98	20
O76942	Encephalitozoon cuniculi (strain GB-M1) (Microsporidian parasite)	Fungi	395	22
O77061	Apis mellifera (Honeybee)	Metazoa	452	17
O77541	Oryctolagus cuniculus (Rabbit)	Metazoa	124	24
O82337	Arabidopsis thaliana (Mouse-ear cress)	Plants	73	26
O93233	Gloydius brevicaudus siniticus (Chinese mamushi) (Agkistrodon blomhoffii siniticus)	Metazoa	331	23
O93426	Crotalus durissus terrificus (South American rattlesnake)	Metazoa	158	23
O93427	Crotalus durissus terrificus (South American rattlesnake)	Metazoa	148	23
O96559	Cimex lectularius (Bed bug) (Acanthia lectularia)	Metazoa	364	35
O96910	Aplysia californica (California sea hare)	Metazoa	76	18
P00623	Crotalus adamanteus (Eastern diamondback rattlesnake)	Metazoa	138	16
P00651	Aspergillus oryzae (strain ATCC 42149 / RIB 40) (Yellow koji mold)	Fungi	130	26
P00683	Mus musculus (Mouse)	Metazoa	149	25
P00705	Anas platyrhynchos (Mallard) (Anas boschas)	Metazoa	147	18
P00987	Bungarus multicinctus (Many-banded krait)	Metazoa	85	24
P00989	Bungarus multicinctus (Many-banded krait)	Metazoa	85	24
P00991	Vipera ammodytes ammodytes (Western sand viper)	Metazoa	90	24
P00992	Vipera ammodytes ammodytes (Western sand viper)	Metazoa	93	24
P01038	Gallus gallus (Chicken)	Metazoa	139	23
P01068	Ananas comosus (Pineapple) (Ananas ananas)	Plants	246	19
P01070	Glycine max (Soybean) (Glycine hispida)	Plants	216	24
P01086	Hordeum vulgare (Barley)	Plants	148	24
P01088	Zea mays (Maize)	Plants	155	28
P01170	Lophius americanus (American monkfish)	Metazoa	125	24
P01217	Bos taurus (Bovine)	Metazoa	120	24
P01221	Cyprinus carpio (Common carp)	Metazoa	118	23
P01223	Bos taurus (Bovine)	Metazoa	138	20
P01224	Sus scrofa (Pig)	Metazoa	138	20
P01228	Sus scrofa (Pig)	Metazoa	129	20
P01232	Sus scrofa (Pig)	Metazoa	141	20
P01245	Equus caballus (Horse)	Metazoa	216	26
P01248	Sus scrofa (Pig)	Metazoa	216	26
P01269	Sus scrofa (Pig)	Metazoa	115	25
P01295	Gallus gallus (Chicken)	Metazoa	164	27
P01311	Oryctolagus cuniculus (Rabbit)	Metazoa	110	24
P01313	Cricetulus longicaudatus (Long-tailed dwarf hamster)	Metazoa	110	24
P01318	Ovis aries (Sheep)	Metazoa	105	24
P01335	Cyprinus carpio (Common carp)	Metazoa	108	21
P01342	Myxine glutinosa (Atlantic hagfish)	Metazoa	115	26
P01379	Laticauda semifasciata (Black-banded sea krait) (Pseudolaticauda semifasciata)	Metazoa	87	21
P01404	Dendroaspis angusticeps (Eastern green mamba) (Naja angusticeps)	Metazoa	81	21
P01442	Naja atra (Chinese cobra)	Metazoa	81	21
P01443	Naja atra (Chinese cobra)	Metazoa	81	21
P01479	Androctonus australis (Sahara scorpion)	Metazoa	83	19
P01480	Androctonus australis (Sahara scorpion)	Metazoa	84	19
P01491	Centruroides sculpturatus (Arizona bark scorpion)	Metazoa	86	19
P01493	Centruroides sculpturatus (Arizona bark scorpion)	Metazoa	87	19
P01494	Centruroides sculpturatus (Arizona bark scorpion)	Metazoa	87	19
P01566	Homo sapiens (Human)	Metazoa	189	23
P01567	Homo sapiens (Human)	Metazoa	189	23
P01569	Homo sapiens (Human)	Metazoa	189	21
P01571	Homo sapiens (Human)	Metazoa	189	23
P01599	Homo sapiens (Human)	Metazoa	117	22
P01611	Homo sapiens (Human)	Metazoa	117	22
P01614	Homo sapiens (Human)	Metazoa	121	19
P01624	Homo sapiens (Human)	Metazoa	115	20
P01703	Homo sapiens (Human)	Metazoa	118	19
P01714	Homo sapiens (Human)	Metazoa	112	20
P01715	Homo sapiens (Human)	Metazoa	115	20
P01717	Homo sapiens (Human)	Metazoa	112	19
P01718	Homo sapiens (Human)	Metazoa	113	20
P01743	Homo sapiens (Human)	Metazoa	117	19
P01762	Homo sapiens (Human)	Metazoa	117	19
P01763	Homo sapiens (Human)	Metazoa	117	19
P01766	Homo sapiens (Human)	Metazoa	116	19
P01767	Homo sapiens (Human)	Metazoa	116	19
P01780	Homo sapiens (Human)	Metazoa	117	19
P01782	Homo sapiens (Human)	Metazoa	118	19
P01817	Homo sapiens (Human)	Metazoa	119	19
P01824	Homo sapiens (Human)	Metazoa	125	26
P01825	Homo sapiens (Human)	Metazoa	116	19
P01900	Mus musculus (Mouse)	Metazoa	365	24
P02229	Chironomus thummi thummi (Midge)	Metazoa	151	15
P02659	Gallus gallus (Chicken)	Metazoa	106	24
P02681	Tachypleus tridentatus (Japanese horseshoe crab)	Metazoa	195	20
P02703	Sus scrofa (Pig)	Metazoa	112	17
P02710	Tetronarce californica (Pacific electric ray) (Torpedo californica)	Metazoa	461	24
P02727	Canis lupus familiaris (Dog) (Canis familiaris)	Metazoa	129	17
P02740	Anas platyrhynchos (Mallard) (Anas boschas)	Metazoa	127	18
P02742	Oryctolagus cuniculus (Rabbit)	Metazoa	225	20
P02755	Bubalus bubalis (Domestic water buffalo)	Metazoa	180	18
P02756	Capra hircus (Goat)	Metazoa	180	18
P02779	Oryctolagus cuniculus (Rabbit)	Metazoa	91	21
P02780	Rattus norvegicus (Rat)	Metazoa	95	18
P02781	Rattus norvegicus (Rat)	Metazoa	112	20
P02783	Rattus norvegicus (Rat)	Metazoa	112	21
P02809	Macaca fascicularis (Crab-eating macaque) (Cynomolgus monkey)	Metazoa	61	19
P02872	Arachis hypogaea (Peanut)	Plants	273	23
P02873	Phaseolus vulgaris (Kidney bean) (French bean)	Plants	246	23
P02876	Triticum aestivum (Wheat)	Plants	213	27
P02877	Hevea brasiliensis (Para rubber tree) (Siphonia brasiliensis)	Plants	204	17
P04073	Rattus norvegicus (Rat)	Metazoa	392	16
P04119	Sus scrofa (Pig)	Metazoa	178	18
P04284	Solanum lycopersicum (Tomato) (Lycopersicon esculentum)	Plants	159	24
P04430	Homo sapiens (Human)	Metazoa	117	22
P04552	Haliotis rufescens (California red abalone)	Metazoa	154	18
P04557	Bos taurus (Bovine)	Metazoa	140	25
P04651	Bos taurus (Bovine)	Metazoa	141	20
P04667	Oncorhynchus keta (Chum salmon) (Salmo keta)	Metazoa	105	22
P05013	Homo sapiens (Human)	Metazoa	189	20
P05099	Gallus gallus (Chicken)	Metazoa	493	23
P05366	Mus musculus (Mouse)	Metazoa	122	19
P05790	Bombyx mori (Silk moth)	Metazoa	5263	21
P06205	Limulus polyphemus (Atlantic horseshoe crab)	Metazoa	242	24
P06206	Limulus polyphemus (Atlantic horseshoe crab)	Metazoa	242	24
P06207	Limulus polyphemus (Atlantic horseshoe crab)	Metazoa	242	24
P06215	Phaseolus vulgaris (Kidney bean) (French bean)	Plants	328	27
P06911	Rattus norvegicus (Rat)	Metazoa	188	19
P07474	Oryctolagus cuniculus (Rabbit)	Metazoa	120	24
P07507	Bos taurus (Bovine)	Metazoa	103	19
P07597	Hordeum vulgare (Barley)	Plants	117	26
P07728	Oryza sativa subsp. japonica (Rice)	Plants	499	24
P07730	Oryza sativa subsp. japonica (Rice)	Plants	499	24
P08056	Rhizopus niveus	Fungi	238	16
P08379	Locusta migratoria (Migratory locust)	Metazoa	61	22
P08541	Rattus norvegicus (Rat)	Metazoa	530	23
P08899	Anguilla japonica (Japanese eel)	Metazoa	209	19
P08937	Rattus norvegicus (Rat)	Metazoa	172	15
P09462	Ovis aries (Sheep)	Metazoa	142	19
P09464	Pieris brassicae (White butterfly) (Large white butterfly)	Metazoa	189	15
P09465	Cricetus cricetus (Black-bellied hamster)	Metazoa	167	16
P09584	Oncorhynchus keta (Chum salmon) (Salmo keta)	Metazoa	210	23
P09586	Mus musculus (Mouse)	Metazoa	222	31
P09656	Rattus norvegicus (Rat)	Metazoa	79	23
P09791	Trypanosoma brucei brucei	Other	129	27
P09954	Sus scrofa (Pig)	Metazoa	419	16
P09955	Sus scrofa (Pig)	Metazoa	416	15
P0C194	Opisthacanthus madagascariensis (Scorpion)	Metazoa	63	21
P0C1X2	Conus striatus (Striated cone)	Metazoa	86	26
P0C1X7	Tityus discrepans (Venezuelan scorpion)	Metazoa	83	20
P0C2F4	Heterometrus laoticus (Thai giant scorpion)	Metazoa	95	19
P0C8E8	Rhipicephalus sanguineus (Brown dog tick) (Ixodes sanguineus)	Metazoa	86	20
P0C8G7	Pomacea canaliculata (Golden apple snail)	Metazoa	286	30
P0CC12	Odontobuthus doriae (Yellow Iranian scorpion)	Metazoa	57	28
P0DJI9	Homo sapiens (Human)	Metazoa	122	18
P0DJJ8	Protobothrops flavoviridis (Habu) (Trimeresurus flavoviridis)	Metazoa	138	16
P0DMJ5	Radianthus crispa (Leathery sea anemone) (Heteractis crispa)	Metazoa	78	22
P0DMM8	Tityus trivittatus (Argentinean scorpion)	Metazoa	84	20
P0DQP7	Cerrophidion godmani (Porthidium godmani) (Bothrops godmani)	Metazoa	200	19
P0DQP8	Cerrophidion godmani (Porthidium godmani) (Bothrops godmani)	Metazoa	166	19
P0DUJ5	Pterois volitans (Red lionfish) (Gasterosteus volitans)	Metazoa	66	22
P0DUS6	Doratifera vulnerans (Mottled cup moth)	Metazoa	60	24
P0DUT6	Doratifera vulnerans (Mottled cup moth)	Metazoa	66	20
P0DY56	Homo sapiens (Human)	Metazoa	189	23
P10256	Oncorhynchus keta (Chum salmon) (Salmo keta)	Metazoa	142	23
P10257	Oncorhynchus keta (Chum salmon) (Salmo keta)	Metazoa	137	24
P10281	Aspergillus oryzae (strain ATCC 42149 / RIB 40) (Yellow koji mold)	Fungi	276	17
P10607	Oncorhynchus kisutch (Coho salmon) (Salmo kisutch)	Metazoa	210	22
P10673	Canis lupus familiaris (Dog) (Canis familiaris)	Metazoa	170	23
P10762	Locusta migratoria (Migratory locust)	Metazoa	179	16
P10813	Aquarana catesbeiana (American bullfrog) (Rana catesbeiana)	Metazoa	215	25
P10968	Triticum aestivum (Wheat)	Plants	212	26
P11069	Lumbricus terrestris (Common earthworm)	Metazoa	170	17
P12068	Sus scrofa (Pig)	Metazoa	146	18
P12069	Sus scrofa (Pig)	Metazoa	148	18
P12337	Oryctolagus cuniculus (Rabbit)	Metazoa	565	18
P12420	Equus caballus (Horse)	Metazoa	229	30
P12706	Xenopus laevis (African clawed frog)	Metazoa	106	23
P12707	Xenopus laevis (African clawed frog)	Metazoa	106	23
P12725	Ovis aries (Sheep)	Metazoa	416	24
P12872	Homo sapiens (Human)	Metazoa	115	25
P13087	Synsepalum dulcificum (Miracle fruit) (Richadella dulcifica)	Plants	220	29
P13204	Bos taurus (Bovine)	Metazoa	129	26
P13213	Bos taurus (Bovine)	Metazoa	303	17
P13487	Leiurus hebraeus (Hebrew deathstalker scorpion) (Leiurus quinquestriatus hebraeus)	Metazoa	59	22
P13731	Gallus gallus (Chicken)	Metazoa	405	15
P13744	Cucurbita maxima (Pumpkin) (Winter squash)	Plants	480	21
P13909	Bos taurus (Bovine)	Metazoa	402	23
P13917	Glycine max (Soybean) (Glycine hispida)	Plants	427	24
P14133	Cucumis sativus (Cucumber)	Plants	587	33
P14765	Ovis aries (Sheep)	Metazoa	97	28
P14944	Carcinus maenas (Common shore crab) (Green crab)	Metazoa	142	26
P15156	Mesocricetus auratus (Golden hamster)	Metazoa	695	21
P15196	Oryctolagus cuniculus (Rabbit)	Metazoa	398	31
P15228	Olivierus martensii (Manchurian scorpion) (Mesobuthus martensii)	Metazoa	85	21
P15242	Rattus norvegicus (Rat)	Metazoa	333	17
P15467	Bos taurus (Bovine)	Metazoa	147	28
P15468	Sus scrofa (Pig)	Metazoa	147	28
P15478	Solanum tuberosum (Potato)	Plants	386	23
P15522	Camelus dromedarius (Dromedary) (Arabian camel)	Metazoa	155	18
P15737	Hordeum vulgare (Barley)	Plants	334	28
P16404	Erythrina corallodendron (Coral tree)	Plants	281	26
P16611	Sus scrofa (Pig)	Metazoa	293	27
P17572	Meleagris gallopavo (Wild turkey)	Metazoa	229	30
P17690	Bos taurus (Bovine)	Metazoa	345	19
P18137	Sus scrofa (Pig)	Metazoa	141	19
P18329	Dendroaspis angusticeps (Eastern green mamba) (Naja angusticeps)	Metazoa	80	21
P18417	Catharanthus roseus (Madagascar periwinkle) (Vinca rosea)	Plants	352	31
P18626	Capra hircus (Goat)	Metazoa	214	15
P18657	Macaca fascicularis (Crab-eating macaque) (Cynomolgus monkey)	Metazoa	83	26
P18659	Macaca fascicularis (Crab-eating macaque) (Cynomolgus monkey)	Metazoa	99	20
P18709	Xenopus laevis (African clawed frog)	Metazoa	1807	15
P18829	Schistocerca gregaria (Desert locust) (Gryllus gregarius)	Metazoa	63	22
P18892	Bos taurus (Bovine)	Metazoa	526	26
P18915	Bos taurus (Bovine)	Metazoa	319	14
P18926	Centruroides tecomanus (Scorpion) (Centruroides limpidus tecomanus)	Metazoa	87	19
P19035	Bos taurus (Bovine)	Metazoa	96	23
P19111	Bos taurus (Bovine)	Metazoa	533	19
P19136	Phanerodontia chrysosporium (White-rot fungus) (Sporotrichum pruinosum)	Fungi	382	24
P19329	Phaseolus vulgaris (Kidney bean) (French bean)	Plants	265	21
P19400	Ascaris suum (Pig roundworm) (Ascaris lumbricoides)	Metazoa	169	20
P19425	Aedes aegypti (Yellowfever mosquito) (Culex aegypti)	Metazoa	97	19
P19594	Glycine max (Soybean) (Glycine hispida)	Plants	158	21
P19707	Felis catus (Cat) (Felis silvestris catus)	Metazoa	129	18
P19708	Canis lupus familiaris (Dog) (Canis familiaris)	Metazoa	129	18
P19855	Leiurus quinquestriatus quinquestriatus (Egyptian scorpion) (Deathstalker scorpion)	Metazoa	82	21
P19876	Homo sapiens (Human)	Metazoa	107	34
P20013	Trametes versicolor (White-rot fungus) (Coriolus versicolor)	Fungi	372	26
P20059	Rattus norvegicus (Rat)	Metazoa	460	23
P20476	Craspedocephalus gramineus (Bamboo pit viper) (Trimeresurus gramineus)	Metazoa	138	16
P20656	Saponaria officinalis (Common soapwort) (Lychnis saponaria)	Plants	299	24
P20740	Gallus gallus (Chicken)	Metazoa	1473	36
P20757	Ovis aries (Sheep)	Metazoa	476	24
P21226	Pisum sativum (Garden pea) (Lathyrus oleraceus)	Plants	324	20
P21326	Mirabilis jalapa (Garden four-o'clock)	Plants	278	28
P21828	Bombyx mori (Silk moth)	Metazoa	262	16
P21837	Dictyostelium discoideum (Social amoeba)	Other	550	19
P21919	Gadus morhua (Atlantic cod)	Metazoa	235	26
P22325	Cavia porcellus (Guinea pig)	Metazoa	405	24
P22952	Sus scrofa (Pig)	Metazoa	117	36
P22969	Equus caballus (Horse)	Metazoa	182	25
P23028	Pseudonaja textilis (Eastern brown snake)	Metazoa	152	19
P23035	Oryctolagus cuniculus (Rabbit)	Metazoa	413	24
P23360	Thermoascus aurantiacus	Fungi	329	26
P23502	Entamoeba histolytica (strain ATCC 30459 / HM-1:IMSS / ABRM)	Other	1286	15
P23577	Chlamydomonas reinhardtii (Chlamydomonas smithii)	Plants	317	31
P23806	Protobothrops flavoviridis (Habu) (Trimeresurus flavoviridis)	Metazoa	152	23
P24258	Chlamydomonas reinhardtii (Chlamydomonas smithii)	Plants	380	20
P24476	Dianthus caryophyllus (Carnation) (Clove pink)	Plants	293	23
P24792	Cucurbita maxima (Pumpkin) (Winter squash)	Plants	579	30
P24817	Momordica charantia (Bitter gourd) (Balsam pear)	Plants	286	23
P25033	Hyalophora cecropia (Cecropia moth) (Samia cecropia)	Metazoa	413	19
P25796	Cavia porcellus (Guinea pig)	Metazoa	391	19
P26652	Gallus gallus (Chicken)	Metazoa	212	24
P26729	Bombyx mori (Silk moth)	Metazoa	92	19
P26730	Bombyx mori (Silk moth)	Metazoa	92	19
P26732	Bombyx mori (Silk moth)	Metazoa	92	19
P26776	Sus scrofa (Pig)	Metazoa	153	20
P27485	Sus scrofa (Pig)	Metazoa	201	18
P28316	Ascaris suum (Pig roundworm) (Ascaris lumbricoides)	Metazoa	338	18
P28351	Aspergillus niger	Fungi	545	31
P29007	Bombina orientalis (Oriental fire-bellied toad)	Metazoa	155	31
P30224	Arabidopsis thaliana (Mouse-ear cress)	Plants	80	29
P31226	Aquarana catesbeiana (American bullfrog) (Rana catesbeiana)	Metazoa	844	19
P31231	Pelophylax lessonae (Pool frog) (Rana lessonae)	Metazoa	420	22
P31235	Oryctolagus cuniculus (Rabbit)	Metazoa	409	19
P31532	Mus musculus (Mouse)	Metazoa	130	18
P31779	Aquarana catesbeiana (American bullfrog) (Rana catesbeiana)	Metazoa	153	24
P31854	Vipera berus berus (Common viper)	Metazoa	138	16
P32358	Bombyx mori (Silk moth)	Metazoa	579	15
P32936	Hordeum vulgare (Barley)	Plants	149	24
P33093	Macaca mulatta (Rhesus macaque)	Metazoa	217	26
P33183	Sambucus nigra (European elder)	Plants	563	25
P33185	Bryonia dioica (Red bryony) (Bryonia cretica subsp. dioica)	Plants	290	23
P33557	Aspergillus kawachii (strain NBRC 4308) (White koji mold) (Aspergillus awamori var. kawachi)	Fungi	211	27
P33559	Aspergillus kawachii (strain NBRC 4308) (White koji mold) (Aspergillus awamori var. kawachi)	Fungi	327	25
P33579	Rattus norvegicus (Rat)	Metazoa	238	30
P34095	Entamoeba histolytica (strain ATCC 30459 / HM-1:IMSS / ABRM)	Other	98	21
P34180	Vipera ammodytes ammodytes (Western sand viper)	Metazoa	137	16
P34207	Rattus norvegicus (Rat)	Metazoa	223	28
P34745	Ictalurus punctatus (Channel catfish) (Silurus punctatus)	Metazoa	200	22
P34746	Oreochromis mossambicus (Mozambique tilapia) (Tilapia mossambica)	Metazoa	204	17
P35496	Sus scrofa (Pig)	Metazoa	137	21
P35541	Bos taurus (Bovine)	Metazoa	130	18
P35572	Rattus norvegicus (Rat)	Metazoa	226	25
P35778	Solenopsis invicta (Red imported fire ant) (Solenopsis wagneri)	Metazoa	234	22
P35807	Schistocerca nitens (Vagrant locust) (Gray bird grasshopper)	Metazoa	61	22
P35859	Rattus norvegicus (Rat)	Metazoa	603	23
P36438	Brassica rapa subsp. rapa (Turnip)	Plants	320	35
P37240	Oncorhynchus mykiss (Rainbow trout) (Salmo gairdneri)	Metazoa	147	20
P38660	Mesocricetus auratus (Golden hamster)	Metazoa	439	19
P41361	Bos taurus (Bovine)	Metazoa	465	32
P41822	Aedes aegypti (Yellowfever mosquito) (Culex aegypti)	Metazoa	209	27
P42578	Lymnaea stagnalis (Great pond snail) (Helix stagnalis)	Metazoa	239	18
P42660	Aedes aegypti (Yellowfever mosquito) (Culex aegypti)	Metazoa	471	19
P42705	Canis lupus familiaris (Dog) (Canis familiaris)	Metazoa	352	23
P45628	Leiurus hebraeus (Hebrew deathstalker scorpion) (Leiurus quinquestriatus hebraeus)	Metazoa	59	22
P45662	Centruroides noxius (Mexican scorpion)	Metazoa	87	19
P45663	Centruroides noxius (Mexican scorpion)	Metazoa	87	19
P46162	Bos taurus (Bovine)	Metazoa	63	22
P46163	Bos taurus (Bovine)	Metazoa	64	22
P46165	Bos taurus (Bovine)	Metazoa	62	22
P46168	Bos taurus (Bovine)	Metazoa	62	22
P47853	Rattus norvegicus (Rat)	Metazoa	369	16
P48747	Oryctolagus cuniculus (Rabbit)	Metazoa	557	21
P49141	Monodelphis domestica (Gray short-tailed opossum)	Metazoa	149	20
P49921	Sus scrofa (Pig)	Metazoa	91	23
P50448	Bos taurus (Bovine)	Metazoa	468	23
P50828	Sus scrofa (Pig)	Metazoa	459	28
P51918	Haplochromis burtoni (Burton's mouthbrooder) (Chromis burtoni)	Metazoa	94	22
P51925	Sparus aurata (Gilthead sea bream)	Metazoa	85	23
P52753	Cryphonectria parasitica (Chestnut blight fungus) (Endothia parasitica)	Fungi	118	22
P53543	Clarias gariepinus (North African catfish) (Silurus gariepinus)	Metazoa	138	21
P54107	Homo sapiens (Human)	Metazoa	249	21
P55803	Bos taurus (Bovine)	Metazoa	246	28
P56526	Aspergillus niger	Fungi	985	25
P56595	Canis lupus familiaris (Dog) (Canis familiaris)	Metazoa	88	26
P56612	Tityus stigmurus (Brazilian scorpion)	Metazoa	84	19
P56742	Crotalus atrox (Western diamondback rattlesnake)	Metazoa	516	18
P56829	Ovis aries (Sheep)	Metazoa	195	23
P56972	Pandinus imperator (Emperor scorpion)	Metazoa	94	19
P58294	Homo sapiens (Human)	Metazoa	105	19
P59938	Olivierus martensii (Manchurian scorpion) (Mesobuthus martensii)	Metazoa	57	21
P60153	Homo sapiens (Human)	Metazoa	205	26
P60213	Tityus obscurus (Amazonian scorpion) (Tityus cambridgei)	Metazoa	86	20
P60215	Tityus obscurus (Amazonian scorpion) (Tityus cambridgei)	Metazoa	86	20
P60301	Naja atra (Chinese cobra)	Metazoa	81	21
P60304	Naja atra (Chinese cobra)	Metazoa	81	21
P60616	Bungarus multicinctus (Many-banded krait)	Metazoa	95	21
P61629	Papio anubis (Olive baboon)	Metazoa	148	18
P61917	Pan troglodytes (Chimpanzee)	Metazoa	151	19
P62375	Naja atra (Chinese cobra)	Metazoa	83	21
P62520	Chilobrachys guangxiensis (Chinese earth tiger tarantula) (Chilobrachys jingzhao)	Metazoa	63	27
P63152	Cavia porcellus (Guinea pig)	Metazoa	143	23
P67876	Aspergillus restrictus	Fungi	176	27
P67976	Ovis aries (Sheep)	Metazoa	180	18
P67977	Semnopithecus entellus (Northern plains gray langur) (Presbytis entellus)	Metazoa	148	18
P69130	Oncorhynchus keta (Chum salmon) (Salmo keta)	Metazoa	211	23
P69241	Raphanus sativus (Radish) (Raphanus raphanistrum var. sativus)	Plants	80	29
P70090	Craspedocephalus gramineus (Bamboo pit viper) (Trimeresurus gramineus)	Metazoa	138	16
P78733	Phanerodontia chrysosporium (White-rot fungus) (Sporotrichum pruinosum)	Fungi	380	25
P80022	Solanum lycopersicum (Tomato) (Lycopersicon esculentum)	Plants	230	25
P80060	Locusta migratoria (Migratory locust)	Metazoa	92	19
P80195	Bos taurus (Bovine)	Metazoa	153	18
P80245	Naja atra (Chinese cobra)	Metazoa	81	21
P80284	Hordeum vulgare (Barley)	Plants	513	25
P80325	Cavia porcellus (Guinea pig)	Metazoa	96	23
P80356	Avena sativa (Oat)	Plants	220	19
P80426	Salmo salar (Atlantic salmon)	Metazoa	690	18
P80429	Salmo salar (Atlantic salmon)	Metazoa	691	18
P80463	Phaseolus lunatus (Lima bean) (Phaseolus limensis)	Plants	428	24
P80513	Bos taurus (Bovine)	Metazoa	179	21
P80748	Homo sapiens (Human)	Metazoa	117	17
P80958	Naja atra (Chinese cobra)	Metazoa	82	21
P81019	Bos taurus (Bovine)	Metazoa	183	25
P81264	Bos taurus (Bovine)	Metazoa	98	22
P81447	Capra hircus (Goat)	Metazoa	154	18
P81497	Suncus murinus (Asian house shrew) (Musk shrew)	Metazoa	387	16
P81498	Suncus murinus (Asian house shrew) (Musk shrew)	Metazoa	389	16
P81761	Hottentotta tamulus (Eastern Indian scorpion) (Mesobuthus tamulus)	Metazoa	62	24
P81783	Bungarus candidus (Malayan krait)	Metazoa	87	21
P82358	Acanthoscurria gomesiana (Tarantula spider) (Phormictopus pheopygus)	Metazoa	84	23
P82592	Aedes aegypti (Yellowfever mosquito) (Culex aegypti)	Metazoa	59	23
P82662	Ophiophagus hannah (King cobra) (Naja hannah)	Metazoa	91	21
P82966	Ophiophagus hannah (King cobra) (Naja hannah)	Metazoa	83	25
P83313	Opistophthalmus carinatus (African yellow leg scorpion)	Metazoa	82	22
P83326	Actinidia deliciosa (Kiwi)	Plants	185	32
P83371	Oncorhynchus keta (Chum salmon) (Salmo keta)	Metazoa	508	25
P83400	Hottentotta tamulus (Eastern Indian scorpion) (Mesobuthus tamulus)	Metazoa	60	24
P83636	Faxonius limosus (Spinycheek crayfish) (Orconectes limosus)	Metazoa	106	29
P84039	Rattus norvegicus (Rat)	Metazoa	477	24
P84527	Actinidia deliciosa (Kiwi)	Plants	213	24
P84693	Tityus obscurus (Amazonian scorpion) (Tityus cambridgei)	Metazoa	84	19
P84809	Buthus occitanus tunetanus (Common European scorpion) (Buthus tunetanus)	Metazoa	95	22
P84843	Hybomitra bimaculata (Horse fly)	Metazoa	76	20
P85213	Galleria mellonella (Greater wax moth)	Metazoa	72	29
P85261	Actinidia chinensis var. chinensis (Chinese soft-hair kiwi)	Plants	213	24
P85966	Triticum kiharae (Wheat)	Plants	116	34
P86403	Mesobuthus eupeus (Lesser Asian scorpion) (Buthus eupeus)	Metazoa	85	19
P86404	Mesobuthus eupeus (Lesser Asian scorpion) (Buthus eupeus)	Metazoa	86	19
P86405	Mesobuthus eupeus (Lesser Asian scorpion) (Buthus eupeus)	Metazoa	86	19
P86406	Mesobuthus eupeus (Lesser Asian scorpion) (Buthus eupeus)	Metazoa	86	20
P86407	Mesobuthus eupeus (Lesser Asian scorpion) (Buthus eupeus)	Metazoa	75	22
P86798	Cupiennius salei (American wandering spider)	Metazoa	140	19
P86841	Clitoria ternatea (Butterfly pea)	Plants	124	28
P86875	Vespa magnifica (Hornet)	Metazoa	357	26
P93543	Sambucus nigra (European elder)	Plants	569	28
P97535	Rattus norvegicus (Rat)	Metazoa	456	24
P98140	Bos taurus (Bovine)	Metazoa	612	19
Q00017	Aspergillus aculeatus	Fungi	250	17
Q00293	Aspergillus tubingensis	Fungi	435	22
Q00870	Fusarium solani subsp. phaseoli (Nectria haematococca)	Fungi	350	19
Q01117	Lipomyces kononenkoae (Yeast)	Fungi	624	28
Q01490	Orpinomyces sp. (strain PC-2)	Fungi	203	22
Q02862	Mus musculus (Mouse)	Metazoa	184	15
Q04457	Caenorhabditis elegans	Metazoa	562	16
Q05091	Pyrus communis (Pear) (Pyrus domestica)	Plants	330	24
Q05186	Mus musculus (Mouse)	Metazoa	325	23
Q05443	Bos taurus (Bovine)	Metazoa	342	18
Q05538	Solanum lycopersicum (Tomato) (Lycopersicon esculentum)	Plants	322	22
Q06K77	Phlebotomus duboscqi (Sandfly)	Metazoa	336	21
Q07081	Aquarana catesbeiana (American bullfrog) (Rana catesbeiana)	Metazoa	464	16
Q07154	Zea mays (Maize)	Plants	269	24
Q07203	Xenopus laevis (African clawed frog)	Metazoa	238	16
Q08127	Anguilla anguilla (European freshwater eel) (Muraena anguilla)	Metazoa	147	20
Q0GY40	Hoffmannihadrurus gertschi (Scorpion) (Hadrurus gertschi)	Metazoa	95	19
Q0P569	Bos taurus (Bovine)	Metazoa	474	24
Q10E50	Oryza sativa subsp. japonica (Rice)	Plants	163	43
Q10NX8	Oryza sativa subsp. japonica (Rice)	Plants	858	30
Q12546	Aspergillus ficuum	Fungi	614	22
Q14641	Homo sapiens (Human)	Metazoa	139	25
Q16927	Aedes aegypti (Yellowfever mosquito) (Culex aegypti)	Metazoa	2169	46
Q17058	Apis mellifera (Honeybee)	Metazoa	567	17
Q18184	Caenorhabditis elegans	Metazoa	89	23
Q1HAY7	Holotrichia diomphalia (Korean black chafer)	Metazoa	317	23
Q1ZY03	Deinagkistrodon acutus (Hundred-pace snake) (Agkistrodon acutus)	Metazoa	138	16
Q26636	Sarcophaga peregrina (Flesh fly) (Boettcherisca peregrina)	Metazoa	339	17
Q27085	Tachypleus tridentatus (Japanese horseshoe crab)	Metazoa	418	24
Q27086	Tachypleus tridentatus (Japanese horseshoe crab)	Metazoa	408	22
Q27972	Bos taurus (Bovine)	Metazoa	361	24
Q28862	Bos taurus (Bovine)	Metazoa	310	16
Q28989	Sus scrofa (Pig)	Metazoa	421	26
Q29381	Sus scrofa (Pig)	Metazoa	439	25
Q29422	Ovis aries (Sheep)	Metazoa	333	20
Q2HZ28	Bothrops erythromelas (Caatinga lance head)	Metazoa	138	16
Q2NME3	Tityus zulianus (Venezuelan scorpion)	Metazoa	86	20
Q2PG81	Protobothrops elegans (Elegant pitviper) (Trimeresurus elegans)	Metazoa	137	16
Q2PGV8	Aureobasidium pullulans (Black yeast) (Pullularia pullulans)	Fungi	361	26
Q2PGY1	Penicillium citrinum	Fungi	217	27
Q2PWA3	Protobothrops mucrosquamatus (Taiwan habu) (Trimeresurus mucrosquamatus)	Metazoa	138	16
Q2U4L7	Aspergillus oryzae (strain ATCC 42149 / RIB 40) (Yellow koji mold)	Fungi	690	20
Q2YHJ4	Craspedocephalus borneensis (Borneo pit viper) (Trimeresurus borneensis)	Metazoa	138	16
Q2YHJ8	Craspedocephalus puniceus (Flat-nosed pitviper) (Trimeresurus puniceus)	Metazoa	138	16
Q2YHJ9	Craspedocephalus puniceus (Flat-nosed pitviper) (Trimeresurus puniceus)	Metazoa	138	16
Q39487	Colocasia esculenta (Wild taro) (Arum esculentum)	Plants	267	26
Q39528	Cladrastis kentukea (Yellow wood) (Cladrastis lutea)	Plants	293	35
Q39529	Cladrastis kentukea (Yellow wood) (Cladrastis lutea)	Plants	290	35
Q39649	Cucurbita maxima (Pumpkin) (Winter squash)	Plants	141	22
Q3C258	Actinia equina (Beadlet anemone)	Metazoa	70	20
Q3HLQ4	Protobothrops mucrosquamatus (Taiwan habu) (Trimeresurus mucrosquamatus)	Metazoa	138	16
Q3UN54	Mus musculus (Mouse)	Metazoa	99	21
Q3YBN2	Mesocricetus auratus (Golden hamster)	Metazoa	398	19
Q41161	Robinia pseudoacacia (Black locust)	Plants	285	31
Q41162	Robinia pseudoacacia (Black locust)	Plants	285	31
Q41649	Vicia faba (Broad bean) (Faba vulgaris)	Plants	151	22
Q45Z11	Oxyuranus scutellatus scutellatus (Australian taipan) (Coastal taipan)	Metazoa	83	21
Q4LCS8	Androctonus australis (Sahara scorpion)	Metazoa	82	22
Q4LCS9	Androctonus australis (Sahara scorpion)	Metazoa	80	22
Q4LCT0	Androctonus australis (Sahara scorpion)	Metazoa	80	22
Q4TUA4	Olivierus martensii (Manchurian scorpion) (Mesobuthus martensii)	Metazoa	85	19
Q4V645	Drosophila melanogaster (Fruit fly)	Metazoa	108	29
Q53NL5	Oryza sativa subsp. japonica (Rice)	Plants	290	27
Q55GS3	Dictyostelium discoideum (Social amoeba)	Other	607	19
Q56EB0	Bothrops jararaca (Jararaca) (Bothrops jajaraca)	Metazoa	150	23
Q56EB1	Bothrops jararaca (Jararaca) (Bothrops jajaraca)	Metazoa	155	23
Q56TT9	Hottentotta judaicus (Black scorpion) (Buthotus judaicus)	Metazoa	85	19
Q5B428	Emericella nidulans (strain FGSC A4 / ATCC 38163 / CBS 112.46 / NRRL 194 / M139) (Aspergillus nidulans)	Fungi	244	23
Q5B833	Emericella nidulans (strain FGSC A4 / ATCC 38163 / CBS 112.46 / NRRL 194 / M139) (Aspergillus nidulans)	Fungi	387	24
Q5BGU9	Emericella nidulans (strain FGSC A4 / ATCC 38163 / CBS 112.46 / NRRL 194 / M139) (Aspergillus nidulans)	Fungi	366	18
Q5DT21	Homo sapiens (Human)	Metazoa	86	19
Q5DW47	Apis mellifera (Honeybee)	Metazoa	107	21
Q5EPH2	Rhipicephalus bursa (Tick)	Metazoa	97	22
Q5FWE3	Homo sapiens (Human)	Metazoa	981	27
Q5I2B2	Amaranthus retroflexus (Redroot amaranth) (American pigweed)	Plants	89	25
Q5JNJ5	Oryza sativa subsp. japonica (Rice)	Plants	237	28
Q5KQS1	Gloydius blomhoffii (Mamushi) (Agkistrodon halys blomhoffi)	Metazoa	324	19
Q5KQS4	Gloydius brevicauda (Korean slamosa snake) (Agkistrodon halys brevicaudus)	Metazoa	324	19
Q5KSB7	Oligobrachia mashikoi (Beard worm)	Metazoa	161	16
Q5MJP5	Anuroctonus phaiodactylus (Mafia scorpion)	Metazoa	90	18
Q5NAT0	Oryza sativa subsp. japonica (Rice)	Plants	640	34
Q5PP12	Arabidopsis thaliana (Mouse-ear cress)	Plants	69	25
Q5WPU9	Lutzomyia longipalpis (Sand fly)	Metazoa	399	18
Q60767	Mus musculus (Mouse)	Metazoa	1723	27
Q60GF7	Rattus norvegicus (Rat)	Metazoa	252	22
Q62632	Rattus norvegicus (Rat)	Metazoa	306	18
Q62703	Rattus norvegicus (Rat)	Metazoa	320	25
Q62894	Rattus norvegicus (Rat)	Metazoa	562	19
Q63010	Rattus norvegicus (Rat)	Metazoa	561	18
Q63191	Rattus norvegicus (Rat)	Metazoa	1216	21
Q63345	Rattus norvegicus (Rat)	Metazoa	245	27
Q69CK0	Ophiophagus hannah (King cobra) (Naja hannah)	Metazoa	84	21
Q6F495	Molineria latifolia (Lumbah) (Curculigo latifolia)	Plants	158	22
Q6GU94	Centruroides limpidus (Mexican scorpion)	Metazoa	56	24
Q6H3C7	Trimeresurus stejnegeri (Chinese green tree viper) (Viridovipera stejnegeri)	Metazoa	139	16
Q6H3D2	Trimeresurus stejnegeri (Chinese green tree viper) (Viridovipera stejnegeri)	Metazoa	138	16
Q6H3D3	Trimeresurus stejnegeri (Chinese green tree viper) (Viridovipera stejnegeri)	Metazoa	138	16
Q6H3D4	Trimeresurus stejnegeri (Chinese green tree viper) (Viridovipera stejnegeri)	Metazoa	138	16
Q6H3D5	Trimeresurus stejnegeri (Chinese green tree viper) (Viridovipera stejnegeri)	Metazoa	138	16
Q6H3D6	Trimeresurus stejnegeri (Chinese green tree viper) (Viridovipera stejnegeri)	Metazoa	137	16
Q6H3D7	Trimeresurus stejnegeri (Chinese green tree viper) (Viridovipera stejnegeri)	Metazoa	137	16
Q6QX33	Bothrops insularis (Golden lancehead) (Lachesis insularis)	Metazoa	158	23
Q6RG02	Penaeus merguiensis (Banana prawn) (Fenneropenaeus merguiensis)	Metazoa	2586	18
Q6TPK4	Actinidia deliciosa (Kiwi)	Plants	116	26
Q6UW32	Homo sapiens (Human)	Metazoa	110	24
Q6UWM5	Homo sapiens (Human)	Metazoa	242	22
Q6UWM7	Homo sapiens (Human)	Metazoa	567	21
Q6UWV2	Homo sapiens (Human)	Metazoa	235	31
Q6UXK5	Homo sapiens (Human)	Metazoa	716	25
Q6ZBZ2	Oryza sativa subsp. japonica (Rice)	Plants	213	23
Q70DJ5	Arachis hypogaea (Peanut)	Plants	280	26
Q70LM3	Phlebia radiata (Wrinkled crust fungus)	Fungi	390	23
Q75WF2	Acanthaster planci (Crown-of-thorns starfish)	Metazoa	358	26
Q76CA2	Monoplex parthenopeus (Giant triton) (Monoplex echo)	Metazoa	275	23
Q76CE6	Typhula ishikariensis (Gray snow mold fungus)	Fungi	243	20
Q76FB0	Cyanidium caldarium (Red alga)	Other	155	20
Q76FP5	Hypocrea rufa (Trichoderma viride)	Fungi	479	20
Q7M413	Oligobrachia mashikoi (Beard worm)	Metazoa	158	16
Q7M418	Oligobrachia mashikoi (Beard worm)	Metazoa	163	16
Q7M419	Oligobrachia mashikoi (Beard worm)	Metazoa	156	16
Q7M438	Dictyostelium discoideum (Social amoeba)	Other	223	25
Q7Q7R8	Anopheles gambiae (African malaria mosquito)	Metazoa	89	29
Q7SCE9	Neurospora crassa (strain ATCC 24698 / 74-OR23-1A / CBS 708.71 / DSM 1257 / FGSC 987)	Fungi	385	18
Q7T045	Macrovipera lebetinus (Levantine viper) (Vipera lebetina)	Metazoa	146	23
Q7T1K6	Naja atra (Chinese cobra)	Metazoa	239	18
Q7T2Q0	Echis multisquamatus (Central Asian sand viper)	Metazoa	154	26
Q7T2Q1	Echis multisquamatus (Central Asian sand viper)	Metazoa	157	23
Q7T3J2	Bungarus candidus (Malayan krait)	Metazoa	95	21
Q7YZS9	Conus virgo (Virgin cone)	Metazoa	67	26
Q7ZT99	Crotalus atrox (Western diamondback rattlesnake)	Metazoa	240	19
Q7ZTA6	Crotalus viridis viridis (Prairie rattlesnake)	Metazoa	138	16
Q7ZTA8	Crotalus viridis viridis (Prairie rattlesnake)	Metazoa	138	16
Q800A0	Aquarana catesbeiana (American bullfrog) (Rana catesbeiana)	Metazoa	397	16
Q800Y2	Argyrosomus regius (Meagre)	Metazoa	118	19
Q84V39	Olea europaea (Common olive)	Plants	123	21
Q867F4	Androctonus australis (Sahara scorpion)	Metazoa	59	22
Q86SC0	Oryctes rhinoceros (Coconut rhinoceros beetle) (Scarabaeus rhinoceros)	Metazoa	66	26
Q875I9	Aspergillus fumigatus (Neosartorya fumigata)	Fungi	238	17
Q8AYA2	Bothrops moojeni (Lance-headed viper) (Caissaca)	Metazoa	166	19
Q8CEK3	Mus musculus (Mouse)	Metazoa	90	23
Q8GTM0	Nicotiana alata (Winged tobacco) (Persian tobacco)	Plants	105	25
Q8H6Q1	Petunia hybrida (Petunia)	Plants	103	25
Q8HY17	Sus scrofa (Pig)	Metazoa	140	26
Q8I948	Acanthoscurria gomesiana (Tarantula spider) (Phormictopus pheopygus)	Metazoa	156	23
Q8J0I9	Trichoderma harzianum (Hypocrea lixii)	Fungi	490	28
Q8JFX7	Bungarus multicinctus (Many-banded krait)	Metazoa	103	21
Q8JGT6	Protobothrops mucrosquamatus (Taiwan habu) (Trimeresurus mucrosquamatus)	Metazoa	146	23
Q8JGT7	Protobothrops mucrosquamatus (Taiwan habu) (Trimeresurus mucrosquamatus)	Metazoa	158	23
Q8JI39	Protobothrops flavoviridis (Habu) (Trimeresurus flavoviridis)	Metazoa	240	19
Q8JIY9	Protobothrops jerdonii (Jerdon's pitviper) (Trimeresurus jerdonii)	Metazoa	138	16
Q8L9T8	Arabidopsis thaliana (Mouse-ear cress)	Plants	63	27
Q8LD43	Arabidopsis thaliana (Mouse-ear cress)	Plants	62	22
Q8LG54	Arabidopsis thaliana (Mouse-ear cress)	Plants	130	21
Q8MI01	Bos taurus (Bovine)	Metazoa	330	23
Q8MMH3	Pimpla hypochondriaca (Parasitoid wasp)	Metazoa	488	19
Q8NBI3	Homo sapiens (Human)	Metazoa	349	25
Q8NJ73	Pyricularia grisea (Crabgrass-specific blast fungus) (Magnaporthe grisea)	Fungi	380	21
Q8NK90	Aspergillus kawachii (strain NBRC 4308) (White koji mold) (Aspergillus awamori var. kawachi)	Fungi	628	25
Q8QG87	Bothrops insularis (Golden lancehead) (Lachesis insularis)	Metazoa	138	16
Q8T0W8	Gastrophysa atrocyanea (Leaf beetle)	Metazoa	65	24
Q8T0Y7	Aplysia californica (California sea hare)	Metazoa	141	26
Q8T9R8	Stomoxys calcitrans (Stable fly) (Conops calcitrans)	Metazoa	67	24
Q8TAL6	Homo sapiens (Human)	Metazoa	211	18
Q8UUG0	Morone saxatilis (Striped bass) (Perca saxatilis)	Metazoa	79	22
Q8UUG2	Morone chrysops (White bass) (Perca chrysops)	Metazoa	79	22
Q8UVU7	Cerrophidion godmani (Porthidium godmani) (Bothrops godmani)	Metazoa	137	16
Q8UVZ7	Crotalus atrox (Western diamondback rattlesnake)	Metazoa	137	16
Q8W257	Ptilota filicina (Red alga)	Other	500	21
Q8WPD0	Patiria pectinifera (Starfish) (Asterina pectinifera)	Metazoa	168	18
Q90VW1	Laticauda semifasciata (Black-banded sea krait) (Pseudolaticauda semifasciata)	Metazoa	83	21
Q90W22	Aquarana catesbeiana (American bullfrog) (Rana catesbeiana)	Metazoa	114	24
Q90W54	Gloydius blomhoffii (Mamushi) (Agkistrodon halys blomhoffi)	Metazoa	504	18
Q90WA1	Pseudonaja textilis textilis (Eastern brown snake)	Metazoa	83	24
Q90WJ7	Takifugu pardalis (Panther puffer) (Tetraodon pardalis)	Metazoa	391	20
Q90Y77	Protobothrops flavoviridis (Habu) (Trimeresurus flavoviridis)	Metazoa	138	16
Q91XV6	Rattus norvegicus (Rat)	Metazoa	94	17
Q945U0	Phytophthora sojae (Soybean stem and root rot agent) (Phytophthora megasperma f. sp. glycines)	Other	257	28
Q94637	Oscheius tipulae (Nematode worm)	Metazoa	1648	15
Q94823	Tachypleus tridentatus (Japanese horseshoe crab)	Metazoa	414	22
Q95121	Bos taurus (Bovine)	Metazoa	416	20
Q95NJ8	Olivierus martensii (Manchurian scorpion) (Mesobuthus martensii)	Metazoa	55	23
Q95NK7	Olivierus martensii (Manchurian scorpion) (Mesobuthus martensii)	Metazoa	54	23
Q95NY5	Anopheles stephensi (Indo-Pakistan malaria mosquito)	Metazoa	315	18
Q95P08	Scutigera coleoptrata (House centipede)	Metazoa	656	18
Q95VF0	Epiphyas postvittana (Light brown apple moth) (Teras postvittana)	Metazoa	164	23
Q95WX6	Olivierus martensii (Manchurian scorpion) (Mesobuthus martensii)	Metazoa	85	21
Q96I82	Homo sapiens (Human)	Metazoa	304	30
Q96IQ7	Homo sapiens (Human)	Metazoa	327	23
Q96PL1	Homo sapiens (Human)	Metazoa	93	21
Q96QR1	Homo sapiens (Human)	Metazoa	104	20
Q98967	Oncorhynchus keta (Chum salmon) (Salmo keta)	Metazoa	130	19
Q98996	Daboia palaestinae (Palestine viper) (Vipera palaestinae)	Metazoa	138	16
Q99013	Pseudopleuronectes americanus (Winter flounder) (Pleuronectes americanus)	Metazoa	82	23
Q9BX93	Homo sapiens (Human)	Metazoa	195	19
Q9C5S0	Arabidopsis thaliana (Mouse-ear cress)	Plants	191	20
Q9C8A4	Arabidopsis thaliana (Mouse-ear cress)	Plants	58	24
Q9C9H5	Arabidopsis thaliana (Mouse-ear cress)	Plants	484	21
Q9D3H2	Mus musculus (Mouse)	Metazoa	163	16
Q9FK16	Arabidopsis thaliana (Mouse-ear cress)	Plants	63	27
Q9GK12	Camelus dromedarius (Dromedary) (Arabian camel)	Metazoa	193	21
Q9H4G1	Homo sapiens (Human)	Metazoa	147	28
Q9HB40	Homo sapiens (Human)	Metazoa	452	26
Q9I840	Calloselasma rhodostoma (Malayan pit viper) (Agkistrodon rhodostoma)	Metazoa	146	23
Q9I8P7	Malayopython reticulatus (Reticulate python) (Python reticulatus)	Metazoa	201	19
Q9IAM1	Deinagkistrodon acutus (Hundred-pace snake) (Agkistrodon acutus)	Metazoa	152	23
Q9LJD9	Arabidopsis thaliana (Mouse-ear cress)	Plants	60	27
Q9LYF6	Arabidopsis thaliana (Mouse-ear cress)	Plants	61	22
Q9M0S4	Arabidopsis thaliana (Mouse-ear cress)	Plants	127	21
Q9M373	Arabidopsis thaliana (Mouse-ear cress)	Plants	74	26
Q9MYV1	Canis lupus familiaris (Dog) (Canis familiaris)	Metazoa	128	25
Q9N2D2	Callithrix jacchus (White-tufted-ear marmoset) (Simia Jacchus)	Metazoa	381	16
Q9N2D3	Callithrix jacchus (White-tufted-ear marmoset) (Simia Jacchus)	Metazoa	388	16
Q9N2D4	Callithrix jacchus (White-tufted-ear marmoset) (Simia Jacchus)	Metazoa	387	15
Q9NBW2	Olivierus martensii (Manchurian scorpion) (Mesobuthus martensii)	Metazoa	83	19
Q9NII5	Olivierus martensii (Manchurian scorpion) (Mesobuthus martensii)	Metazoa	58	21
Q9NII6	Olivierus martensii (Manchurian scorpion) (Mesobuthus martensii)	Metazoa	57	20
Q9NJP7	Olivierus martensii (Manchurian scorpion) (Mesobuthus martensii)	Metazoa	56	28
Q9NL38	Pinctada maxima (Silver-lipped pearl oyster) (White-lipped pearl oyster)	Metazoa	568	22
Q9NTU7	Homo sapiens (Human)	Metazoa	201	27
Q9PTC3	Notechis ater (Black tiger snake)	Metazoa	201	19
Q9PW66	Bombina variegata (Yellow-bellied toad)	Metazoa	96	19
Q9PWI4	Elaphe quadrivirgata (Japanese four-lined ratsnake) (Coluber quadrivirgatus)	Metazoa	202	19
Q9QXU1	Mesocricetus auratus (Golden hamster)	Metazoa	172	15
Q9S8P4	Pisum sativum (Garden pea) (Lathyrus oleraceus)	Plants	217	20
Q9SJY7	Arabidopsis thaliana (Mouse-ear cress)	Plants	131	21
Q9SLY8	Oryza sativa subsp. japonica (Rice)	Plants	424	29
Q9STQ3	Arabidopsis thaliana (Mouse-ear cress)	Plants	59	27
Q9TRM8	Canis lupus familiaris (Dog) (Canis familiaris)	Metazoa	177	25
Q9TW32	Dictyostelium discoideum (Social amoeba)	Other	197	22
Q9U3Z3	Conus betulinus (Beech cone)	Metazoa	70	26
Q9U8D1	Olivierus martensii (Manchurian scorpion) (Mesobuthus martensii)	Metazoa	56	28
Q9U8D2	Olivierus martensii (Manchurian scorpion) (Mesobuthus martensii)	Metazoa	57	28
Q9U8W7	Tachypleus tridentatus (Japanese horseshoe crab)	Metazoa	316	27
Q9U8X3	Tachypleus tridentatus (Japanese horseshoe crab)	Metazoa	67	23
Q9U943	Locusta migratoria (Migratory locust)	Metazoa	3380	21
Q9UAC9	Olivierus martensii (Manchurian scorpion) (Mesobuthus martensii)	Metazoa	85	19
Q9UN67	Homo sapiens (Human)	Metazoa	800	26
Q9XSC9	Bos taurus (Bovine)	Metazoa	432	18
Q9XY87	Olivierus martensii (Manchurian scorpion) (Mesobuthus martensii)	Metazoa	85	21
Q9Y0Y0	Aedes albopictus (Asian tiger mosquito) (Stegomyia albopicta)	Metazoa	60	24
Q9YGG9	Gloydius blomhoffii (Mamushi) (Agkistrodon halys blomhoffi)	Metazoa	157	21
Q9YGJ0	Bungarus multicinctus (Many-banded krait)	Metazoa	89	21
Q9YGP1	Trimeresurus stejnegeri (Chinese green tree viper) (Viridovipera stejnegeri)	Metazoa	158	23
Q9YI92	Gloydius blomhoffii (Mamushi) (Agkistrodon halys blomhoffi)	Metazoa	146	23
Q9ZT16	Arabidopsis thaliana (Mouse-ear cress)	Plants	135	21
U6A629	Penicillium canescens	Fungi	631	17
W0HJ53	Rhizopus oryzae (Mucormycosis agent) (Rhizopus arrhizus var. delemar)	Fungi	216	27
W5XCJ6	Macrovipera lebetinus (Levantine viper) (Vipera lebetina)	Metazoa	154	23
W5XDM0	Macrovipera lebetinus (Levantine viper) (Vipera lebetina)	Metazoa	152	23
A0A023W140	Ethmostigmus rubripes (Giant centipede)	Metazoa	88	24
A0A1S6EK92	Moringa oleifera (Horseradish tree) (Moringa pterygosperma)	Plants	79	20
A0A1W6EVM7	Ampulex compressa (Emerald cockroach wasp)	Metazoa	50	26
A0A1W6EVN2	Ampulex compressa (Emerald cockroach wasp)	Metazoa	50	26
A0A3N2PQC3	Sodiomyces alkalinus (strain CBS 110278 / VKM F-3762 / F11) (Alkaliphilic filamentous fungus)	Fungi	99	26
A0AT29	Lens culinaris (Lentil) (Cicer lens)	Plants	118	25
A1XCI9	Fusarium culmorum	Fungi	191	18
A2AEP0	Mus musculus (Mouse)	Metazoa	171	19
A2CKF6	Bungarus fasciatus (Banded krait) (Pseudoboa fasciata)	Metazoa	86	21
A2CKF7	Bungarus fasciatus (Banded krait) (Pseudoboa fasciata)	Metazoa	86	21
A7L035	Chironex fleckeri (Australian box jellyfish)	Metazoa	456	20
A7L036	Chironex fleckeri (Australian box jellyfish)	Metazoa	462	17
A7VN13	Protobothrops flavoviridis (Habu) (Trimeresurus flavoviridis)	Metazoa	107	19
A7VN14	Protobothrops flavoviridis (Habu) (Trimeresurus flavoviridis)	Metazoa	109	19
A7VN15	Protobothrops flavoviridis (Habu) (Trimeresurus flavoviridis)	Metazoa	79	19
A9UGV5	Oryza sativa subsp. japonica (Rice)	Plants	68	30
A9UGV6	Oryza sativa subsp. japonica (Rice)	Plants	61	26
A9UGV7	Oryza sativa subsp. japonica (Rice)	Plants	63	26
A9XE60	Mesobuthus eupeus (Lesser Asian scorpion) (Buthus eupeus)	Metazoa	91	19
B0CPC6	Laccaria bicolor (strain S238N-H82 / ATCC MYA-4686) (Bicoloured deceiver) (Laccaria laccata var. bicolor)	Fungi	206	21
B0JFB8	Antheraea mylitta (Tasar silkworm)	Metazoa	105	19
B2BRQ5	Austrelaps labialis (Pygmy copperhead) (Denisonia superba)	Metazoa	96	21
B2KTG1	Bungarus fasciatus (Banded krait) (Pseudoboa fasciata)	Metazoa	83	24
B3EWG0	Penaeus monodon (Giant tiger prawn)	Metazoa	93	21
B3EWY1	Mesobuthus gibbosus (Mediterranean checkered scorpion) (Buthus gibbosus)	Metazoa	59	22
B3F051	Lens culinaris subsp. culinaris (Cultivated lentil) (Lens esculenta)	Plants	74	27
B5LYJ9	Remusatia vivipara (Hitchhiker elephant ear) (Arum viviparum)	Plants	256	23
B9A8D7	Crassostrea virginica (Eastern oyster)	Metazoa	85	18
C0HJQ5	Mesobuthus eupeus (Lesser Asian scorpion) (Buthus eupeus)	Metazoa	57	28
C0HKR1	Agrotis ipsilon (Black cutworm moth)	Metazoa	73	20
C0HL62	Drosophila melanogaster (Fruit fly)	Metazoa	104	18
C0HL63	Drosophila melanogaster (Fruit fly)	Metazoa	104	18
C0HL64	Drosophila melanogaster (Fruit fly)	Metazoa	105	18
C0HL65	Drosophila melanogaster (Fruit fly)	Metazoa	105	18
C0HL82	Stellaria media (Common chickweed) (Alsine media)	Plants	81	31
C0HL83	Stellaria media (Common chickweed) (Alsine media)	Plants	81	31
C0HLA0	Chamaecyparis obtusa (Hinoki false-cypress) (Retinospora obtusa)	Plants	556	28
C0STK6	Elaphe climacophora (Japanese rat snake) (Coluber climacophorus)	Metazoa	167	19
C0STK7	Elaphe climacophora (Japanese rat snake) (Coluber climacophorus)	Metazoa	332	23
C0STK8	Elaphe climacophora (Japanese rat snake) (Coluber climacophorus)	Metazoa	202	19
C1IC48	Walterinnesia aegyptia (Desert black snake)	Metazoa	83	21
C1IC50	Walterinnesia aegyptia (Desert black snake)	Metazoa	81	24
C1IC52	Walterinnesia aegyptia (Desert black snake)	Metazoa	81	24
C1IC53	Walterinnesia aegyptia (Desert black snake)	Metazoa	83	24
C5J887	Opisthacanthus cayaporum (South American scorpion)	Metazoa	69	23
C6JUN9	Micrurus corallinus (Painted coral snake) (Elaps corallinus)	Metazoa	158	23
C6JUP3	Micrurus corallinus (Painted coral snake) (Elaps corallinus)	Metazoa	82	21
C9X4J8	Tityus discrepans (Venezuelan scorpion)	Metazoa	86	20
C9X4J9	Tityus discrepans (Venezuelan scorpion)	Metazoa	80	20
C9X4K1	Tityus discrepans (Venezuelan scorpion)	Metazoa	83	20
C9X4K4	Tityus discrepans (Venezuelan scorpion)	Metazoa	82	20
C9X4K7	Tityus discrepans (Venezuelan scorpion)	Metazoa	85	21
E0XKJ8	Tabanus yao (Horsefly)	Metazoa	256	16
E2DQZ5	Protobothrops jerdonii (Jerdon's pitviper) (Trimeresurus jerdonii)	Metazoa	148	23
E2DQZ6	Protobothrops jerdonii (Jerdon's pitviper) (Trimeresurus jerdonii)	Metazoa	158	23
F0UZ12	Cavia porcellus (Guinea pig)	Metazoa	170	15
F2QXM5	Komagataella phaffii (strain ATCC 76273 / CBS 7435 / CECT 11047 / NRRL Y-11430 / Wegner 21-1) (Yeast) (Pichia pastoris)	Fungi	587	19
F5CPD3	Micrurus altirostris (Uruguayan coral snake) (Elaps altirostris)	Metazoa	85	21
F5CPD5	Micrurus altirostris (Uruguayan coral snake) (Elaps altirostris)	Metazoa	81	21
F5CPD8	Micrurus altirostris (Uruguayan coral snake) (Elaps altirostris)	Metazoa	81	21
F5CPE0	Micrurus altirostris (Uruguayan coral snake) (Elaps altirostris)	Metazoa	80	21
F5CPE4	Micrurus altirostris (Uruguayan coral snake) (Elaps altirostris)	Metazoa	83	21
F8S0Z5	Crotalus adamanteus (Eastern diamondback rattlesnake)	Metazoa	516	18
G9M8X1	Nephotettix cincticeps (Green rice leafhopper) (Selenocephalus cincticeps)	Metazoa	687	19
I6S390	Scolopendra mutilans (Chinese red-headed centipede) (Scolopendra subspinipes mutilans)	Metazoa	76	22
I7ICN3	Bitis rhinoceros (West African gaboon viper) (Vipera rhinoceros)	Metazoa	150	23
I7JUQ0	Bitis rhinoceros (West African gaboon viper) (Vipera rhinoceros)	Metazoa	156	23
K9N4Q4	Phlebotomus papatasi (Sandfly)	Metazoa	246	23
O00105	Aspergillus niger	Fungi	564	19
O04004	Ambrosia artemisiifolia (Common ragweed)	Plants	118	25
O14412	Orpinomyces sp. (strain PC-2)	Fungi	245	29
O42257	Naja sputatrix (Malayan spitting cobra) (Naja naja sputatrix)	Metazoa	90	21
O46654	Sorex araneus (Eurasian common shrew) (European shrew)	Metazoa	147	20
O46655	Sus scrofa (Pig)	Metazoa	132	19
O48540	Solanum lycopersicum (Tomato) (Lycopersicon esculentum)	Plants	397	23
O57690	Protobothrops flavoviridis (Habu) (Trimeresurus flavoviridis)	Metazoa	200	19
O60046	Neurospora crassa (strain ATCC 24698 / 74-OR23-1A / CBS 708.71 / DSM 1257 / FGSC 987)	Fungi	217	20
O62605	Galleria mellonella (Greater wax moth)	Metazoa	218	16
O62644	Bos taurus (Bovine)	Metazoa	151	18
O73856	Naja sputatrix (Malayan spitting cobra) (Naja naja sputatrix)	Metazoa	81	21
O73857	Naja sputatrix (Malayan spitting cobra) (Naja naja sputatrix)	Metazoa	81	21
O76537	Trichoplusia ni (Cabbage looper)	Metazoa	182	16
O80327	Pyrus pyrifolia (Chinese pear) (Pyrus serotina)	Plants	244	22
O95157	Homo sapiens (Human)	Metazoa	252	22
O96059	Bombyx mori (Silk moth)	Metazoa	66	24
P00652	Aspergillus clavatus (strain ATCC 1007 / CBS 513.65 / DSM 816 / NCTC 3887 / NRRL 1 / QM 1276 / 107)	Fungi	132	26
P00719	Struthio camelus (Common ostrich)	Metazoa	204	19
P00996	Bos taurus (Bovine)	Metazoa	79	23
P01076	Solanum lycopersicum (Tomato) (Lycopersicon esculentum)	Plants	77	32
P01174	Rattus norvegicus (Rat)	Metazoa	137	19
P01226	Equus caballus (Horse)	Metazoa	129	18
P01227	Ovis aries (Sheep)	Metazoa	129	19
P01299	Canis lupus familiaris (Dog) (Canis familiaris)	Metazoa	93	29
P01302	Bos taurus (Bovine)	Metazoa	131	29
P01307	Sus scrofa (Pig)	Metazoa	119	25
P01364	Aplysia californica (California sea hare)	Metazoa	108	23
P01384	Notechis scutatus scutatus (Eastern tiger snake) (Naja scutata scutata)	Metazoa	94	21
P01412	Ophiophagus hannah (King cobra) (Naja hannah)	Metazoa	83	21
P01477	Crotalus helleri (Southern pacific rattlesnake) (Crotalus oreganus helleri)	Metazoa	70	22
P01499	Apis mellifera (Honeybee)	Metazoa	50	27
P01538	Viscum album (European mistletoe)	Plants	111	26
P01543	Triticum aestivum (Wheat)	Plants	136	27
P01545	Hordeum vulgare (Barley)	Plants	127	18
P01633	Mus musculus (Mouse)	Metazoa	149	29
P01639	Mus musculus (Mouse)	Metazoa	130	22
P02221	Chironomus thummi thummi (Midge)	Metazoa	158	15
P02222	Chironomus thummi thummi (Midge)	Metazoa	160	15
P02223	Chironomus thummi thummi (Midge)	Metazoa	161	16
P02224	Chironomus thummi thummi (Midge)	Metazoa	162	15
P02226	Chironomus thummi thummi (Midge)	Metazoa	161	16
P02230	Chironomus thummi thummi (Midge)	Metazoa	151	15
P02739	Neogale vison (American mink) (Mustela vison)	Metazoa	129	18
P02758	Equus caballus (Horse)	Metazoa	180	18
P02782	Rattus norvegicus (Rat)	Metazoa	111	23
P02883	Thaumatococcus daniellii (Katemfe) (Phrynium daniellii)	Plants	235	22
P02896	Trypanosoma brucei brucei	Other	526	33
P03998	Limulus polyphemus (Atlantic horseshoe crab)	Metazoa	195	20
P04148	Bombyx mori (Silk moth)	Metazoa	220	16
P04706	Zea mays (Maize)	Plants	223	19
P05367	Mus musculus (Mouse)	Metazoa	122	19
P06306	Felis catus (Cat) (Felis silvestris catus)	Metazoa	110	24
P06908	Canis lupus familiaris (Dog) (Canis familiaris)	Metazoa	248	17
P06912	Oryctolagus cuniculus (Rabbit)	Metazoa	201	18
P07380	Equus caballus (Horse)	Metazoa	181	18
P07439	Megabalanus rosa (Acorn barnacle)	Metazoa	162	24
P07457	Zoarces americanus (Ocean pout) (Macrozoarces americanus)	Metazoa	87	22
P07479	Sagittaria sagittifolia (Arrowhead)	Plants	181	24
P07529	Naganishia albida (Cryptococcus albidus)	Fungi	332	21
P07596	Hordeum vulgare (Barley)	Plants	203	22
P07712	Aplysia californica (California sea hare)	Metazoa	112	23
P08299	Nicotiana tabacum (Common tobacco)	Plants	168	30
P08375	Sarcophaga peregrina (Flesh fly) (Boettcherisca peregrina)	Metazoa	63	23
P08376	Sarcophaga peregrina (Flesh fly) (Boettcherisca peregrina)	Metazoa	63	23
P09318	Oreochromis mossambicus (Mozambique tilapia) (Tilapia mossambica)	Metazoa	200	23
P09319	Oreochromis mossambicus (Mozambique tilapia) (Tilapia mossambica)	Metazoa	212	24
P09350	Badhamia polycephala (Many-headed slime mold) (Physarum polycephalum)	Other	246	19
P09585	Cyprinus carpio (Common carp)	Metazoa	210	23
P09989	Trichosanthes kirilowii (Chinese snake gourd) (Chinese cucumber)	Plants	289	23
P0C1X6	Tityus discrepans (Venezuelan scorpion)	Metazoa	62	26
P0C1Y5	Zea mays (Maize)	Plants	269	30
P0C292	Androctonus crassicauda (Arabian fat-tailed scorpion)	Metazoa	80	22
P0C293	Androctonus crassicauda (Arabian fat-tailed scorpion)	Metazoa	80	22
P0C552	Bungarus fasciatus (Banded krait) (Pseudoboa fasciata)	Metazoa	78	21
P0C553	Bungarus fasciatus (Banded krait) (Pseudoboa fasciata)	Metazoa	79	21
P0C554	Bungarus fasciatus (Banded krait) (Pseudoboa fasciata)	Metazoa	86	21
P0C908	Buthus israelis (Israeli scorpion) (Buthus occitanus israelis)	Metazoa	59	22
P0DL40	Vespa magnifica (Hornet)	Metazoa	67	21
P0DPT6	Scolopendra dehaani (Thai centipede) (Scolopendra subspinipes dehaani)	Metazoa	76	23
P0DPU0	Scolopendra dehaani (Thai centipede) (Scolopendra subspinipes dehaani)	Metazoa	210	23
P0DPU1	Scolopendra dehaani (Thai centipede) (Scolopendra subspinipes dehaani)	Metazoa	210	23
P0DPU2	Scolopendra dehaani (Thai centipede) (Scolopendra subspinipes dehaani)	Metazoa	211	20
P0DPU3	Scolopendra dehaani (Thai centipede) (Scolopendra subspinipes dehaani)	Metazoa	577	25
P0DPU8	Scolopendra dehaani (Thai centipede) (Scolopendra subspinipes dehaani)	Metazoa	105	24
P0DPU9	Myrmecia gulosa (Red bulldog ant)	Metazoa	67	25
P0DPV0	Scolopendra dehaani (Thai centipede) (Scolopendra subspinipes dehaani)	Metazoa	101	23
P0DPV1	Scolopendra dehaani (Thai centipede) (Scolopendra subspinipes dehaani)	Metazoa	97	23
P0DPV2	Scolopendra dehaani (Thai centipede) (Scolopendra subspinipes dehaani)	Metazoa	210	23
P0DPV3	Scolopendra dehaani (Thai centipede) (Scolopendra subspinipes dehaani)	Metazoa	73	23
P0DPV5	Scolopendra dehaani (Thai centipede) (Scolopendra subspinipes dehaani)	Metazoa	76	23
P0DPV6	Scolopendra dehaani (Thai centipede) (Scolopendra subspinipes dehaani)	Metazoa	76	23
P0DPZ2	Scolopendra dehaani (Thai centipede) (Scolopendra subspinipes dehaani)	Metazoa	101	23
P0DQB8	Scolopendra dehaani (Thai centipede) (Scolopendra subspinipes dehaani)	Metazoa	73	20
P0DQC1	Scolopendra dehaani (Thai centipede) (Scolopendra subspinipes dehaani)	Metazoa	92	20
P0DQE1	Scolopendra dehaani (Thai centipede) (Scolopendra subspinipes dehaani)	Metazoa	109	23
P0DSJ6	Myrmecia gulosa (Red bulldog ant)	Metazoa	62	24
P0DUQ6	Conus planorbis (Planorbis cone)	Metazoa	70	21
P0DUS5	Doratifera vulnerans (Mottled cup moth)	Metazoa	57	24
P0DUS7	Doratifera vulnerans (Mottled cup moth)	Metazoa	56	19
P0DUS8	Doratifera vulnerans (Mottled cup moth)	Metazoa	59	17
P0DUS9	Doratifera vulnerans (Mottled cup moth)	Metazoa	59	19
P0DUT0	Doratifera vulnerans (Mottled cup moth)	Metazoa	46	19
P10282	Fusarium fujikuroi (Bakanae and foot rot disease fungus) (Gibberella fujikuroi)	Fungi	131	25
P10298	Cyprinus carpio (Common carp)	Metazoa	210	23
P10459	Laticauda laticaudata (Blue-ringed sea krait) (Blue-lipped sea krait)	Metazoa	83	21
P10562	Canavalia gladiata (Sword bean) (Dolichos gladiatus)	Plants	445	26
P10675	Schistocerca americana (American grasshopper)	Metazoa	662	24
P10822	Psophocarpus tetragonolobus (Winged bean) (Dolichos tetragonolobus)	Plants	207	24
P10975	Ricinus communis (Castor bean)	Plants	116	24
P11643	Hordeum vulgare (Barley)	Plants	171	24
P11839	Ovis aries (Sheep)	Metazoa	222	15
P11919	Manduca sexta (Tobacco hawkmoth) (Tobacco hornworm)	Metazoa	88	26
P12548	Chironomus thummi thummi (Midge)	Metazoa	161	16
P12549	Chironomus thummi thummi (Midge)	Metazoa	161	16
P12550	Chironomus thummi thummi (Midge)	Metazoa	162	16
P12992	Heliothis virescens (Tobacco budworm moth)	Metazoa	564	19
P13083	Cavia porcellus (Guinea pig)	Metazoa	126	26
P13384	Bos taurus (Bovine)	Metazoa	317	33
P13691	Hordeum vulgare (Barley)	Plants	152	30
P14170	Nicotiana tabacum (Common tobacco)	Plants	246	21
P14213	Tachypleus tridentatus (Japanese horseshoe crab)	Metazoa	77	23
P14214	Tachypleus tridentatus (Japanese horseshoe crab)	Metazoa	77	23
P14217	Chlamydomonas reinhardtii (Chlamydomonas smithii)	Plants	647	21
P14946	Lolium perenne (Perennial ryegrass)	Plants	263	23
P15223	Centruroides noxius (Mexican scorpion)	Metazoa	86	19
P15270	Dictyostelium discoideum (Social amoeba)	Other	424	23
P15399	Rattus norvegicus (Rat)	Metazoa	177	17
P15570	Phytophthora cryptogea	Other	118	20
P15818	Bungarus multicinctus (Many-banded krait)	Metazoa	87	21
P16030	Bauhinia purpurea (Camel's foot tree) (Phanera purpurea)	Plants	290	28
P16094	Momordica charantia (Bitter gourd) (Balsam pear)	Plants	286	23
P16159	Triticum aestivum (Wheat)	Plants	143	24
P16850	Triticum aestivum (Wheat)	Plants	145	25
P16851	Triticum aestivum (Wheat)	Plants	145	25
P17314	Triticum aestivum (Wheat)	Plants	168	25
P18328	Dendroaspis angusticeps (Eastern green mamba) (Naja angusticeps)	Metazoa	86	21
P18684	Protophormia terraenovae (Northern blowfly) (Lucilia terraenovae)	Metazoa	101	18
P18959	Manduca sexta (Tobacco hawkmoth) (Tobacco hornworm)	Metazoa	168	26
P19007	Oryctolagus cuniculus (Rabbit)	Metazoa	347	18
P19204	Gallus gallus (Chicken)	Metazoa	406	19
P19656	Zea mays (Maize)	Plants	120	27
P19667	Molineria latifolia (Lumbah) (Curculigo latifolia)	Plants	158	22
P19872	Locusta migratoria (Migratory locust)	Metazoa	77	22
P19959	Aipysurus laevis (Olive sea snake)	Metazoa	81	21
P20112	Sus scrofa (Pig)	Metazoa	300	17
P20362	Paralichthys olivaceus (Bastard halibut) (Hippoglossus olivaceus)	Metazoa	231	24
P20462	Notamacropus eugenii (Tammar wallaby) (Macropus eugenii)	Metazoa	176	18
P20797	Antheraea polyphemus (Polyphemus moth)	Metazoa	163	21
P21814	Ovis aries (Sheep)	Metazoa	429	25
P22297	Manduca sexta (Tobacco hawkmoth) (Tobacco hornworm)	Metazoa	681	18
P22323	Cavia porcellus (Guinea pig)	Metazoa	410	24
P22864	Aspergillus niger	Fungi	373	19
P22922	Bombyx mori (Silk moth)	Metazoa	392	16
P23044	Robillarda sp. (strain Y-20)	Fungi	385	17
P23438	Canis lupus familiaris (Dog) (Canis familiaris)	Metazoa	183	17
P24052	Gallus gallus (Chicken)	Metazoa	142	21
P24330	Crotalus adamanteus (Eastern diamondback rattlesnake)	Metazoa	70	22
P24336	Hottentotta judaicus (Black scorpion) (Buthotus judaicus)	Metazoa	85	21
P24478	Trichosanthes kirilowii (Chinese snake gourd) (Chinese cucumber)	Plants	289	21
P24854	Sus scrofa (Pig)	Metazoa	259	22
P25068	Bos taurus (Bovine)	Metazoa	64	26
P25289	Lymnaea stagnalis (Great pond snail) (Helix stagnalis)	Metazoa	137	31
P25331	Bombyx mori (Silk moth)	Metazoa	88	26
P25404	Mirabilis jalapa (Garden four-o'clock)	Plants	63	27
P25497	Pseudechis australis (Mulga snake) (King brown snake)	Metazoa	83	21
P25871	Nicotiana tabacum (Common tobacco)	Plants	251	21
P26202	Oryctolagus cuniculus (Rabbit)	Metazoa	137	20
P26203	Oryctolagus cuniculus (Rabbit)	Metazoa	137	20
P26461	Sus scrofa (Pig)	Metazoa	97	26
P26780	Sinapis alba (White mustard) (Brassica hirta)	Plants	99	30
P27275	Amaranthus caudatus (Love-lies-bleeding) (Inca-wheat)	Plants	86	25
P27559	Saponaria officinalis (Common soapwort) (Lychnis saponaria)	Plants	292	24
P27613	Trichostrongylus colubriformis (Black scour worm)	Metazoa	173	15
P28041	Hordeum vulgare (Barley)	Plants	145	25
P28770	Oncorhynchus mykiss (Rainbow trout) (Salmo gairdneri)	Metazoa	221	21
P29060	Nicotiana tabacum (Common tobacco)	Plants	291	22
P29064	Candida tsukubaensis (Yeast) (Pseudozyma tsukubaensis)	Fungi	1070	35
P29392	Bos taurus (Bovine)	Metazoa	134	20
P29421	Oryza sativa subsp. japonica (Rice)	Plants	200	22
P29523	Bombyx mori (Silk moth)	Metazoa	550	39
P29701	Ovis aries (Sheep)	Metazoa	364	15
P31418	Manduca sexta (Tobacco hawkmoth) (Tobacco hornworm)	Metazoa	166	22
P31419	Manduca sexta (Tobacco hawkmoth) (Tobacco hornworm)	Metazoa	161	20
P31420	Manduca sexta (Tobacco hawkmoth) (Tobacco hornworm)	Metazoa	274	18
P31608	Sagittaria sagittifolia (Arrowhead)	Plants	181	24
P32947	Diutina rugosa (Yeast) (Candida rugosa)	Fungi	549	15
P33575	Petromyzon marinus (Sea lamprey)	Metazoa	139	19
P33577	Petromyzon marinus (Sea lamprey)	Metazoa	119	19
P33679	Zea mays (Maize)	Plants	227	20
P34170	Bombyx mori (Silk moth)	Metazoa	160	20
P34171	Bombyx mori (Silk moth)	Metazoa	164	18
P34174	Bombyx mori (Silk moth)	Metazoa	164	22
P34754	Aspergillus niger	Fungi	479	19
P34951	Hordeum vulgare (Barley)	Plants	143	24
P35334	Phaseolus vulgaris (Kidney bean) (French bean)	Plants	342	29
P35481	Cyprinus carpio (Common carp)	Metazoa	129	18
P35501	Myzus persicae (Green peach aphid) (Aphis persicae)	Metazoa	552	23
P35502	Myzus persicae (Green peach aphid) (Aphis persicae)	Metazoa	564	23
P35578	Zootoca vivipara (Common lizard) (Lacerta vivipara)	Metazoa	172	21
P35759	Polistes exclamans (Paper wasp)	Metazoa	226	21
P35775	Solenopsis invicta (Red imported fire ant) (Solenopsis wagneri)	Metazoa	138	19
P35777	Solenopsis invicta (Red imported fire ant) (Solenopsis wagneri)	Metazoa	137	19
P35784	Vespula germanica (German yellow jacket) (Paravespula germanica)	Metazoa	227	23
P35785	Vespula pensylvanica (Western yellow jacket) (Wasp)	Metazoa	227	23
P37109	Sus scrofa (Pig)	Metazoa	86	26
P38029	Equus caballus (Horse)	Metazoa	421	24
P39037	Sus scrofa (Pig)	Metazoa	232	15
P39873	Bos taurus (Bovine)	Metazoa	167	26
P41547	Canis lupus familiaris (Dog) (Canis familiaris)	Metazoa	130	25
P42254	Aspergillus niger	Fungi	628	25
P42255	Aspergillus niger	Fungi	499	18
P42256	Aspergillus niger	Fungi	321	19
P42889	Myocastor coypus (Coypu) (Mus coypus)	Metazoa	111	17
P43077	Candida albicans (Yeast)	Fungi	562	22
P43306	Clarias gariepinus (North African catfish) (Silurus gariepinus)	Metazoa	86	24
P45696	Androctonus australis (Sahara scorpion)	Metazoa	59	22
P46169	Bos taurus (Bovine)	Metazoa	60	22
P47796	Gadus morhua (Atlantic cod)	Metazoa	263	18
P48816	Bombyx mori (Silk moth)	Metazoa	137	18
P48842	Aspergillus aculeatus	Fungi	350	16
P49125	Latrodectus tredecimguttatus (Mediterranean black widow spider) (Latrodectus mactans tredecimguttatus)	Metazoa	88	18
P50694	Prunus avium (Cherry) (Cerasus avium)	Plants	245	23
P51919	Sparus aurata (Gilthead sea bream)	Metazoa	95	25
P55057	Oryctolagus cuniculus (Rabbit)	Metazoa	124	27
P55319	Locusta migratoria (Migratory locust)	Metazoa	63	22
P55320	Homarus americanus (American lobster)	Metazoa	112	31
P55847	Penaeus japonicus (Kuruma prawn) (Marsupenaeus japonicus)	Metazoa	105	28
P55955	Caenorhabditis elegans	Metazoa	132	19
P56611	Tityus bahiensis (Brazilian scorpion)	Metazoa	84	20
P56626	Trichosanthes anguina (Snake gourd)	Plants	294	19
P58823	Phaseolus vulgaris (Kidney bean) (French bean)	Plants	342	29
P58912	Phyllodiscus semoni (Night anemone)	Metazoa	488	21
P59899	Centruroides limpidus (Mexican scorpion)	Metazoa	87	19
P60302	Naja sputatrix (Malayan spitting cobra) (Naja naja sputatrix)	Metazoa	81	21
P60303	Naja kaouthia (Monocled cobra) (Naja siamensis)	Metazoa	81	21
P60771	Naja kaouthia (Monocled cobra) (Naja siamensis)	Metazoa	83	21
P62928	Pisum sativum (Garden pea) (Lathyrus oleraceus)	Plants	130	26
P62931	Pisum sativum (Garden pea) (Lathyrus oleraceus)	Plants	130	26
P67788	Manduca sexta (Tobacco hawkmoth) (Tobacco hornworm)	Metazoa	65	19
P68248	Gallus gallus (Chicken)	Metazoa	80	25
P68416	Hydrophis hardwickii (Hardwick's spine-bellied seasnake) (Lapemis hardwickii)	Metazoa	81	21
P69770	Conus marmoreus (Marble cone)	Metazoa	94	25
P80090	Lymnaea stagnalis (Great pond snail) (Helix stagnalis)	Metazoa	122	29
P80391	Meleagris gallopavo (Wild turkey)	Metazoa	65	25
P80392	Meleagris gallopavo (Wild turkey)	Metazoa	64	28
P80686	Tenebrio molitor (Yellow mealworm beetle)	Metazoa	211	16
P80915	Macadamia integrifolia (Macadamia nut)	Plants	102	26
P80961	Myoxocephalus octodecemspinosus (Longhorn sculpin) (Cottus octodecemspinosus)	Metazoa	128	20
P80964	Sus scrofa (Pig)	Metazoa	130	25
P81025	Oreochromis niloticus (Nile tilapia) (Tilapia nilotica)	Metazoa	113	24
P81295	Juniperus ashei (Ozark white cedar)	Plants	225	26
P81370	Actinidia deliciosa (Kiwi)	Plants	225	24
P81417	Aedes albopictus (Asian tiger mosquito) (Stegomyia albopicta)	Metazoa	59	23
P81418	Phytolacca americana (American pokeweed) (Phytolacca decandra)	Plants	65	27
P81492	Hirudinaria manillensis (Asian medical leech) (Poecilobdella manillensis)	Metazoa	84	20
P81511	Hirudo medicinalis (Medicinal leech)	Metazoa	81	15
P81623	Bos taurus (Bovine)	Metazoa	258	29
P81656	Polistes dominula (European paper wasp) (Vespa dominula)	Metazoa	227	21
P81941	Pseudopleuronectes americanus (Winter flounder) (Pleuronectes americanus)	Metazoa	68	22
P81999	Canis lupus familiaris (Dog) (Canis familiaris)	Metazoa	358	22
P82007	Helianthus annuus (Common sunflower)	Plants	116	26
P82102	Mytilus galloprovincialis (Mediterranean mussel)	Metazoa	96	20
P82103	Mytilus galloprovincialis (Mediterranean mussel)	Metazoa	96	20
P82143	Gloydius brevicaudus siniticus (Chinese mamushi) (Agkistrodon blomhoffii siniticus)	Metazoa	200	19
P82144	Gloydius brevicaudus siniticus (Chinese mamushi) (Agkistrodon blomhoffii siniticus)	Metazoa	200	19
P82187	Equus caballus (Horse)	Metazoa	185	20
P82818	Bombyx mori (Silk moth)	Metazoa	66	24
P82900	Triticum aestivum (Wheat)	Plants	96	29
P82943	Bos taurus (Bovine)	Metazoa	92	21
P83234	Ophiophagus hannah (King cobra) (Naja hannah)	Metazoa	190	20
P83472	Lumbricus terrestris (Common earthworm)	Metazoa	86	22
P83508	Cavia porcellus (Guinea pig)	Metazoa	170	16
P83618	Panax ginseng (Korean ginseng)	Plants	238	23
P83632	Galleria mellonella (Greater wax moth)	Metazoa	236	17
P83880	Pinus monticola (Western white pine) (Strobus monticola)	Plants	105	26
P83958	Actinidia chinensis var. chinensis (Chinese soft-hair kiwi)	Plants	225	24
P84296	Chironomus thummi thummi (Midge)	Metazoa	161	16
P84298	Chironomus thummi thummi (Midge)	Metazoa	161	16
P84685	Tityus obscurus (Amazonian scorpion) (Tityus cambridgei)	Metazoa	85	20
P84688	Tityus obscurus (Amazonian scorpion) (Tityus cambridgei)	Metazoa	84	20
P84805	Naja kaouthia (Monocled cobra) (Naja siamensis)	Metazoa	239	18
P85204	Actinidia chinensis var. chinensis (Chinese soft-hair kiwi)	Plants	114	25
P85840	Tityus serrulatus (Brazilian yellow scorpion)	Metazoa	416	24
P86009	Dromaius novaehollandiae (Emu)	Metazoa	238	17
P86473	Actinidia chinensis var. chinensis (Chinese soft-hair kiwi)	Plants	322	21
P86797	Cupiennius salei (American wandering spider)	Metazoa	142	19
P86870	Vespa magnifica (Hornet)	Metazoa	225	23
P86929	Metaphire guillelmi (Earthworm) (Pheretima guillelmi)	Metazoa	73	14
P91627	Drosophila miranda (Fruit fly)	Metazoa	138	16
P91745	Lucilia cuprina (Green bottle fly) (Australian sheep blowfly)	Metazoa	375	20
P97515	Meriones unguiculatus (Mongolian jird) (Gerbillus unguiculatus)	Metazoa	348	18
P98184	Bryonia dioica (Red bryony) (Bryonia cretica subsp. dioica)	Plants	282	21
Q00802	Bombyx mori (Silk moth)	Metazoa	256	17
Q00855	Dermatophagoides farinae (American house dust mite)	Metazoa	146	17
Q00945	Lymnaea stagnalis (Great pond snail) (Helix stagnalis)	Metazoa	155	26
Q01528	Limulus polyphemus (Atlantic horseshoe crab)	Metazoa	172	19
Q01584	Rhinella marina (Cane toad) (Bufo marinus)	Metazoa	183	20
Q02126	Hordeum vulgare (Barley)	Plants	330	25
Q02942	Blaberus discoidalis (Tropical cockroach)	Metazoa	726	16
Q02988	Pleurodeles waltl (Iberian ribbed newt)	Metazoa	172	20
Q03044	Didelphis virginiana (North American opossum) (Didelphis marsupialis virginiana)	Metazoa	410	21
Q03383	Bombyx mori (Silk moth)	Metazoa	400	16
Q03472	Sus scrofa (Pig)	Metazoa	202	28
Q04672	Glycine max (Soybean) (Glycine hispida)	Plants	524	29
Q04791	Anas platyrhynchos (Mallard) (Anas boschas)	Metazoa	557	25
Q06153	Ophiostoma ulmi (Dutch elm disease fungus)	Fungi	100	25
Q06575	Tamias sibiricus (Siberian chipmunk) (Eutamias sibiricus)	Metazoa	196	23
Q06576	Tamias sibiricus (Siberian chipmunk) (Eutamias sibiricus)	Metazoa	215	28
Q06577	Tamias sibiricus (Siberian chipmunk) (Eutamias sibiricus)	Metazoa	215	30
Q06K53	Phlebotomus duboscqi (Sandfly)	Metazoa	399	18
Q06K61	Phlebotomus duboscqi (Sandfly)	Metazoa	516	20
Q06K97	Phlebotomus duboscqi (Sandfly)	Metazoa	395	18
Q06KA2	Phlebotomus duboscqi (Sandfly)	Metazoa	249	19
Q06KA5	Phlebotomus duboscqi (Sandfly)	Metazoa	142	20
Q07558	Hirudinaria manillensis (Asian medical leech) (Poecilobdella manillensis)	Metazoa	84	20
Q07831	Entamoeba histolytica	Other	97	20
Q08738	Bombyx mori (Silk moth)	Metazoa	239	16
Q09022	Xenopus laevis (African clawed frog)	Metazoa	84	18
Q09117	Populus deltoides (Eastern poplar) (Eastern cottonwood)	Plants	312	24
Q0IQK9	Oryza sativa subsp. japonica (Rice)	Plants	116	25
Q0ZSU5	Phlebotomus argentipes (Phlebotomine sand fly)	Metazoa	398	18
Q10ST8	Oryza sativa subsp. japonica (Rice)	Plants	96	27
Q17043	Aplysia kurodai (Kuroda's sea hare)	Metazoa	556	19
Q17128	Blaberus discoidalis (Tropical cockroach)	Metazoa	72	21
Q1ZYQ8	Zea mays (Maize)	Plants	270	31
Q20224	Caenorhabditis elegans	Metazoa	161	19
Q24824	Entamoeba histolytica (strain ATCC 30459 / HM-1:IMSS / ABRM)	Other	96	19
Q24825	Entamoeba histolytica (strain ATCC 30459 / HM-1:IMSS / ABRM)	Other	101	24
Q25055	Holotrichia diomphalia (Korean black chafer)	Metazoa	104	20
Q25154	Homarus americanus (American lobster)	Metazoa	134	24
Q25255	Lucilia cuprina (Green bottle fly) (Australian sheep blowfly)	Metazoa	356	23
Q25588	Faxonius limosus (Spinycheek crayfish) (Orconectes limosus)	Metazoa	135	26
Q25589	Faxonius limosus (Spinycheek crayfish) (Orconectes limosus)	Metazoa	135	26
Q26239	Rhodnius prolixus (Triatomid bug)	Metazoa	207	23
Q26427	Galleria mellonella (Greater wax moth)	Metazoa	267	16
Q26643	Sarcophaga peregrina (Flesh fly) (Boettcherisca peregrina)	Metazoa	629	21
Q27270	Tenebrio molitor (Yellow mealworm beetle)	Metazoa	96	18
Q27441	Aplysia californica (California sea hare)	Metazoa	92	21
Q27967	Bos taurus (Bovine)	Metazoa	203	23
Q28085	Bos taurus (Bovine)	Metazoa	1236	18
Q28388	Equus caballus (Horse)	Metazoa	180	18
Q28631	Oryctolagus cuniculus (Rabbit)	Metazoa	123	28
Q29143	Trichosurus vulpecula (Brush-tailed possum)	Metazoa	102	20
Q29616	Macropus giganteus (Eastern gray kangaroo)	Metazoa	149	22
Q29W25	Crocus sativus (Saffron crocus)	Plants	168	26
Q2KJF1	Bos taurus (Bovine)	Metazoa	503	21
Q30HU9	Crassostrea virginica (Eastern oyster)	Metazoa	90	19
Q38L02	Daboia siamensis (Eastern Russel's viper) (Daboia russelii siamensis)	Metazoa	154	23
Q39688	Daucus carota (Wild carrot)	Plants	389	24
Q3YJT5	Solanum tuberosum (Potato)	Plants	387	23
Q40975	Papaver rhoeas (Common poppy)	Plants	139	19
Q41015	Pisum sativum (Garden pea) (Lathyrus oleraceus)	Plants	217	26
Q41159	Robinia pseudoacacia (Black locust)	Plants	285	31
Q42372	Robinia pseudoacacia (Black locust)	Plants	286	31
Q42502	Solanum tuberosum (Potato)	Plants	386	23
Q42656	Coffea arabica (Arabian coffee)	Plants	378	15
Q43413	Capsicum annuum (Capsicum pepper)	Plants	75	27
Q43418	Colocasia esculenta (Wild taro) (Arum esculentum)	Plants	229	23
Q43767	Hordeum vulgare (Barley)	Plants	115	25
Q43871	Hordeum vulgare (Barley)	Plants	115	25
Q4WZ11	Aspergillus fumigatus (strain ATCC MYA-4609 / CBS 101355 / FGSC A1100 / Af293) (Neosartorya fumigata)	Fungi	87	19
Q50KB1	Emiliania huxleyi (Coccolithophore) (Pontosphaera huxleyi)	Other	223	17
Q53B47	Ophiophagus hannah (King cobra) (Naja hannah)	Metazoa	78	21
Q53B52	Ophiophagus hannah (King cobra) (Naja hannah)	Metazoa	78	21
Q53B59	Ophiophagus hannah (King cobra) (Naja hannah)	Metazoa	91	21
Q56S59	Nicotiana tabacum (Common tobacco)	Plants	150	23
Q589G4	Anoplius samariensis (Solitary wasp)	Metazoa	75	17
Q5D710	Scylla serrata (Mud crab)	Metazoa	126	24
Q5F0I3	Gynostemma pentaphyllum (Jiaogulan) (Sweet tea vine)	Plants	300	23
Q5FZI5	Protobothrops mucrosquamatus (Taiwan habu) (Trimeresurus mucrosquamatus)	Metazoa	144	23
Q5FZI6	Protobothrops mucrosquamatus (Taiwan habu) (Trimeresurus mucrosquamatus)	Metazoa	156	23
Q5G8A6	Tityus costatus (Brazilian scorpion)	Metazoa	87	19
Q5GQ85	Argas reflexus (European pigeon tick)	Metazoa	159	16
Q5K0E0	Androctonus amoreuxi (African fattail scorpion) (Scorpio amoreuxi)	Metazoa	59	22
Q5MIW7	Aedes albopictus (Asian tiger mosquito) (Stegomyia albopicta)	Metazoa	332	21
Q5UFR8	Hydrophis peronii (Spiny-headed seasnake) (Acalyptophis peronii)	Metazoa	81	21
Q5W280	Bombina orientalis (Oriental fire-bellied toad)	Metazoa	96	19
Q5WPZ4	Lutzomyia longipalpis (Sand fly)	Metazoa	115	22
Q60477	Cavia porcellus (Guinea pig)	Metazoa	244	21
Q64HC7	Armadillidium vulgare (Common pill woodlouse) (Armadillo vulgare)	Metazoa	73	19
Q653V7	Oryza sativa subsp. japonica (Rice)	Plants	885	33
Q696W1	Macrovipera lebetinus (Levantine viper) (Vipera lebetina)	Metazoa	158	23
Q6ASY2	Oryza sativa subsp. japonica (Rice)	Plants	178	26
Q6F4C6	Pinctada fucata (Akoya pearl oyster) (Pinctada imbricata fucata)	Metazoa	121	16
Q6IV20	Gallus gallus (Chicken)	Metazoa	104	22
Q6IY74	Oryctolagus cuniculus (Rabbit)	Metazoa	141	18
Q6T6C1	Theromyzon tessulatum (Duck leech)	Metazoa	107	21
Q6T6C2	Theromyzon tessulatum (Duck leech)	Metazoa	97	22
Q6T6S5	Bitis gabonica (Gaboon adder) (Gaboon viper)	Metazoa	90	24
Q6T6T4	Bitis gabonica (Gaboon adder) (Gaboon viper)	Metazoa	140	26
Q6T6T5	Bitis gabonica (Gaboon adder) (Gaboon viper)	Metazoa	90	24
Q6TPH0	Protobothrops mucrosquamatus (Taiwan habu) (Trimeresurus mucrosquamatus)	Metazoa	158	23
Q6UW01	Homo sapiens (Human)	Metazoa	205	32
Q6UW10	Homo sapiens (Human)	Metazoa	78	19
Q6UWE3	Homo sapiens (Human)	Metazoa	100	21
Q6UWI4	Homo sapiens (Human)	Metazoa	295	33
Q6UWJ8	Homo sapiens (Human)	Metazoa	174	29
Q6UWN8	Homo sapiens (Human)	Metazoa	80	23
Q6UWY5	Homo sapiens (Human)	Metazoa	402	28
Q6UX52	Homo sapiens (Human)	Metazoa	265	20
Q6UXB1	Homo sapiens (Human)	Metazoa	125	24
Q6X5T3	Bitis arietans (African puff adder)	Metazoa	152	23
Q6XE38	Homo sapiens (Human)	Metazoa	83	21
Q6YZY5	Oryza sativa subsp. japonica (Rice)	Plants	224	22
Q6Z232	Oryza sativa subsp. japonica (Rice)	Plants	146	42
Q70SU7	Salvelinus alpinus (Arctic char) (Salmo alpinus)	Metazoa	342	19
Q765P3	Holotrichia diomphalia (Korean black chafer)	Metazoa	187	19
Q765P4	Holotrichia diomphalia (Korean black chafer)	Metazoa	197	23
Q78CF9	Notechis ater (Black tiger snake)	Metazoa	200	19
Q7JZV0	Drosophila melanogaster (Fruit fly)	Metazoa	117	16
Q7M4T0	Neurospora crassa (strain ATCC 24698 / 74-OR23-1A / CBS 708.71 / DSM 1257 / FGSC 987)	Fungi	480	17
Q7T2I5	Laticauda semifasciata (Black-banded sea krait) (Pseudolaticauda semifasciata)	Metazoa	83	21
Q7T2Q6	Bungarus flaviceps flaviceps (Red-headed krait)	Metazoa	83	24
Q7YT16	Musca domestica (House fly)	Metazoa	141	19
Q7Z0H4	Olivierus martensii (Manchurian scorpion) (Mesobuthus martensii)	Metazoa	55	23
Q7Z0T3	Aplysia californica (California sea hare)	Metazoa	125	22
Q7Z5L0	Homo sapiens (Human)	Metazoa	202	24
Q7ZT98	Ophiophagus hannah (King cobra) (Naja hannah)	Metazoa	239	18
Q7ZTA0	Agkistrodon piscivorus piscivorus (Eastern cottonmouth)	Metazoa	240	19
Q7ZZN8	Naja atra (Chinese cobra)	Metazoa	238	19
Q867W1	Procambarus clarkii (Red swamp crayfish) (Cambarus clarkii)	Metazoa	76	27
Q86R84	Dermatophagoides farinae (American house dust mite)	Metazoa	462	25
Q86SD9	Androctonus amoreuxi (African fattail scorpion) (Scorpio amoreuxi)	Metazoa	86	19
Q86SE0	Androctonus amoreuxi (African fattail scorpion) (Scorpio amoreuxi)	Metazoa	86	20
Q86SE1	Androctonus amoreuxi (African fattail scorpion) (Scorpio amoreuxi)	Metazoa	83	19
Q8AV97	Protobothrops flavoviridis (Habu) (Trimeresurus flavoviridis)	Metazoa	158	23
Q8AV98	Protobothrops flavoviridis (Habu) (Trimeresurus flavoviridis)	Metazoa	148	23
Q8H6Q0	Petunia hybrida (Petunia)	Plants	101	25
Q8HYA9	Sus scrofa (Pig)	Metazoa	185	20
Q8I7X1	Porcellio scaber (Common rough woodlouse) (Oniscus granulatus)	Metazoa	145	21
Q8I817	Aplysia californica (California sea hare)	Metazoa	88	19
Q8IFJ8	Scutigera coleoptrata (House centipede)	Metazoa	659	18
Q8J0D2	Geotrichum sp. (strain M128)	Fungi	812	23
Q8JFQ0	Bombina maxima (Giant fire-bellied toad) (Chinese red belly toad)	Metazoa	96	19
Q8JGT9	Rhabdophis tigrinus tigrinus (Tiger keelback snake)	Metazoa	237	18
Q8JI40	Gloydius blomhoffii (Mamushi) (Agkistrodon halys blomhoffi)	Metazoa	240	19
Q8JIW1	Deinagkistrodon acutus (Hundred-pace snake) (Agkistrodon acutus)	Metazoa	146	23
Q8MI35	Sus scrofa (Pig)	Metazoa	152	32
Q8MJV4	Bos taurus (Bovine)	Metazoa	122	24
Q8MMG9	Pimpla hypochondriaca (Parasitoid wasp)	Metazoa	585	32
Q8MP00	Aedes aegypti (Yellowfever mosquito) (Culex aegypti)	Metazoa	90	27
Q8MUC5	Manduca sexta (Tobacco hawkmoth) (Tobacco hornworm)	Metazoa	342	15
Q8MUP7	Ixodes scapularis (Black-legged tick) (Deer tick)	Metazoa	102	21
Q8MVA6	Ixodes scapularis (Black-legged tick) (Deer tick)	Metazoa	69	23
Q8RVH5	Glycine max (Soybean) (Glycine hispida)	Plants	433	24
Q8T0W2	Pimpla hypochondriaca (Parasitoid wasp)	Metazoa	203	19
Q8T0W4	Pimpla hypochondriaca (Parasitoid wasp)	Metazoa	77	23
Q8T4J9	Manduca sexta (Tobacco hawkmoth) (Tobacco hornworm)	Metazoa	180	15
Q8T635	Manduca sexta (Tobacco hawkmoth) (Tobacco hornworm)	Metazoa	200	18
Q8WQK0	Cotesia rubecula (Cabbage white butterfly parasite) (Apanteles rubecula)	Metazoa	65	23
Q8WRY4	Centruroides limpidus (Mexican scorpion)	Metazoa	84	19
Q90WJ9	Takifugu pardalis (Panther puffer) (Tetraodon pardalis)	Metazoa	391	20
Q90ZY0	Pseudopleuronectes americanus (Winter flounder) (Pleuronectes americanus)	Metazoa	68	22
Q91055	Heloderma horridum horridum (Mexican beaded lizard)	Metazoa	242	19
Q92154	Coturnix japonica (Japanese quail) (Coturnix coturnix japonica)	Metazoa	620	17
Q942A7	Oryza sativa subsp. japonica (Rice)	Plants	235	27
Q94733	Rhodnius prolixus (Triatomid bug)	Metazoa	202	23
Q95UE8	Lucilia cuprina (Green bottle fly) (Australian sheep blowfly)	Metazoa	220	19
Q95VE9	Epiphyas postvittana (Light brown apple moth) (Teras postvittana)	Metazoa	164	23
Q963A9	Aedes albopictus (Asian tiger mosquito) (Stegomyia albopicta)	Metazoa	60	24
Q965E2	Psoroptes ovis (Sheep scab mite)	Metazoa	143	17
Q96X54	Aspergillus awamori (Black koji mold)	Fungi	628	25
Q99MG7	Mesocricetus auratus (Golden hamster)	Metazoa	172	16
Q9BJX2	Olivierus martensii (Manchurian scorpion) (Mesobuthus martensii)	Metazoa	54	23
Q9BKB4	Olivierus martensii (Manchurian scorpion) (Mesobuthus martensii)	Metazoa	54	23
Q9DEA1	Deinagkistrodon acutus (Hundred-pace snake) (Agkistrodon acutus)	Metazoa	146	23
Q9DEA2	Deinagkistrodon acutus (Hundred-pace snake) (Agkistrodon acutus)	Metazoa	155	23
Q9GSA4	Galleria mellonella (Greater wax moth)	Metazoa	113	19
Q9GU69	Lymnaea stagnalis (Great pond snail) (Helix stagnalis)	Metazoa	64	21
Q9GV28	Bombyx mori (Silk moth)	Metazoa	433	16
Q9HGE1	Humicola insolens (Soft-rot fungus)	Fungi	227	36
Q9LLT1	Juniperus virginiana (Eastern redcedar) (Sabina virginiana)	Plants	367	21
Q9M069	Arabidopsis thaliana (Mouse-ear cress)	Plants	504	22
Q9NBW4	Theromyzon tessulatum (Duck leech)	Metazoa	101	19
Q9NRC9	Homo sapiens (Human)	Metazoa	128	17
Q9NRR1	Homo sapiens (Human)	Metazoa	136	22
Q9PTT0	Naja naja (Indian cobra)	Metazoa	83	21
Q9PVW8	Silurus asotus (Amur catfish) (Parasilurus asotus)	Metazoa	308	23
Q9PW19	Bungarus multicinctus (Many-banded krait)	Metazoa	103	21
Q9PW68	Typhlonectes natans (Rubber eel) (Caecilia natans)	Metazoa	97	28
Q9PWI3	Elaphe quadrivirgata (Japanese four-lined ratsnake) (Coluber quadrivirgatus)	Metazoa	200	19
Q9SLP4	Tulipa saxatilis subsp. bakeri (Tulip) (Tulipa bakeri)	Plants	314	26
Q9SW93	Lilium longiflorum (Trumpet lily)	Plants	113	22
Q9TW98	Pinctada fucata (Akoya pearl oyster) (Pinctada imbricata fucata)	Metazoa	131	23
Q9UAH3	Pinctada fucata (Akoya pearl oyster) (Pinctada imbricata fucata)	Metazoa	129	23
Q9W7J5	Pseudonaja textilis (Eastern brown snake)	Metazoa	103	21
Q9XFS7	Arabidopsis thaliana (Mouse-ear cress)	Plants	118	25
Q9XTN0	Bombyx mori (Silk moth)	Metazoa	196	23
Q9Y0X9	Aedes albopictus (Asian tiger mosquito) (Stegomyia albopicta)	Metazoa	59	23
Q9YGI0	Bungarus multicinctus (Many-banded krait)	Metazoa	86	21
Q9YGN4	Gloydius brevicauda (Korean slamosa snake) (Agkistrodon halys brevicaudus)	Metazoa	145	23
Q9YGN5	Gloydius brevicauda (Korean slamosa snake) (Agkistrodon halys brevicaudus)	Metazoa	154	23
Q9Z0M9	Mus musculus (Mouse)	Metazoa	193	28
Q9ZT66	Zea mays (Maize)	Plants	303	43
W1I921	Achatina achatina (Giant Ghana snail)	Metazoa	184	26
A0A023W145	Ethmostigmus rubripes (Giant centipede)	Metazoa	88	24
A0A0F7YYX3	Conus victoriae (Queen Victoria cone)	Metazoa	196	25
A0A2J6KL39	Lactuca sativa (Garden lettuce)	Plants	117	25
A0AT32	Lens culinaris (Lentil) (Cicer lens)	Plants	118	25
A3RJ36	Bubalus bubalis (Domestic water buffalo)	Metazoa	64	24
B3STN5	Nosema bombycis (strain CQ1 / CVCC 102059) (Microsporidian parasite) (Pebrine of silkworm)	Fungi	278	19
B3STN7	Nosema bombycis (strain CQ1 / CVCC 102059) (Microsporidian parasite) (Pebrine of silkworm)	Fungi	316	18
B5LZ79	Gymnadenia conopsea (Fragrant orchid) (Orchis conopsea)	Plants	75	30
C6JUP1	Micrurus corallinus (Painted coral snake) (Elaps corallinus)	Metazoa	84	21
C6JUP2	Micrurus corallinus (Painted coral snake) (Elaps corallinus)	Metazoa	88	21
E0X9F6	Thaumetopoea pityocampa (Pine processionary moth) (Bombyx pityocampa)	Metazoa	126	18
F5CPD6	Micrurus altirostris (Uruguayan coral snake) (Elaps altirostris)	Metazoa	83	21
F5CPE2	Micrurus altirostris (Uruguayan coral snake) (Elaps altirostris)	Metazoa	82	21
F5CPE3	Micrurus altirostris (Uruguayan coral snake) (Elaps altirostris)	Metazoa	74	21
F8S0Y4	Crotalus adamanteus (Eastern diamondback rattlesnake)	Metazoa	240	19
I6RA76	Scolopendra mutilans (Chinese red-headed centipede) (Scolopendra subspinipes mutilans)	Metazoa	64	18
I6S7I0	Scolopendra mutilans (Chinese red-headed centipede) (Scolopendra subspinipes mutilans)	Metazoa	64	18
O02380	Tyrophagus putrescentiae (Mold mite) (Acarus putrescentiae)	Metazoa	141	15
O76192	Galleria mellonella (Greater wax moth)	Metazoa	167	17
P01634	Mus musculus (Mouse)	Metazoa	136	29
P01658	Mus musculus (Mouse)	Metazoa	132	20
P01661	Mus musculus (Mouse)	Metazoa	131	20
P01724	Mus musculus (Mouse)	Metazoa	129	19
P01729	Mus musculus (Mouse)	Metazoa	129	19
P01795	Mus musculus (Mouse)	Metazoa	144	19
P01822	Mus musculus (Mouse)	Metazoa	137	18
P05560	Dromaius novaehollandiae (Emu)	Metazoa	207	23
P0DMD3	Scolopendra mutilans (Chinese red-headed centipede) (Scolopendra subspinipes mutilans)	Metazoa	105	21
P0DPU7	Scolopendra dehaani (Thai centipede) (Scolopendra subspinipes dehaani)	Metazoa	78	25
P10456	Laticauda colubrina (Yellow-lipped sea krait) (Banded sea krait)	Metazoa	83	21
P10457	Laticauda colubrina (Yellow-lipped sea krait) (Banded sea krait)	Metazoa	83	21
P10976	Spinacia oleracea (Spinach)	Plants	117	26
P14612	Pseudechis australis (Mulga snake) (King brown snake)	Metazoa	89	21
P15450	Apis mellifera (Honeybee)	Metazoa	53	19
P21978	Leishmania amazonensis	Other	476	32
P22327	Trichoplusia ni (Cabbage looper)	Metazoa	624	18
P27919	Avena sativa (Oat)	Plants	214	28
P31110	Oryza sativa subsp. japonica (Rice)	Plants	177	26
P42579	Lymnaea stagnalis (Great pond snail) (Helix stagnalis)	Metazoa	100	23
P43174	Ambrosia psilostachya (Western ragweed) (Ambrosia coronopifolia)	Plants	77	22
P45590	Hyalophora cecropia (Cecropia moth) (Samia cecropia)	Metazoa	129	17
P51456	Oryctolagus cuniculus (Rabbit)	Metazoa	178	20
P58370	Micrurus corallinus (Painted coral snake) (Elaps corallinus)	Metazoa	86	21
P81827	Rattus norvegicus (Rat)	Metazoa	101	21
P81828	Rattus norvegicus (Rat)	Metazoa	101	21
P82384	Drosophila melanogaster (Fruit fly)	Metazoa	92	16
P85196	Lonomia obliqua (Giant silkworm moth)	Metazoa	183	15
P85197	Lonomia obliqua (Giant silkworm moth)	Metazoa	180	16
P86872	Margaritifera margaritifera (Freshwater pearl mussel)	Metazoa	260	19
P91629	Drosophila miranda (Fruit fly)	Metazoa	126	16
Q01774	Drosophila miranda (Fruit fly)	Metazoa	112	16
Q07CZ7	Lutzomyia longipalpis (Sand fly)	Metazoa	397	18
Q0ZS87	Phlebotomus perniciosus (Phlebotomine sand fly)	Metazoa	393	18
Q0ZS88	Phlebotomus perniciosus (Phlebotomine sand fly)	Metazoa	388	18
Q2A783	Triticum aestivum (Wheat)	Plants	285	18
Q39962	Hevea brasiliensis (Para rubber tree) (Siphonia brasiliensis)	Plants	238	31
Q41260	Phalaris aquatica (Canary grass)	Plants	269	29
Q5D231	Illawarra wisharti (Illawarra funnel-web spider)	Metazoa	84	18
Q7M3V1	Chelonus sp. nr. curvimaculatus (Parasitic wasp)	Metazoa	246	20
Q7Z1K3	Anisakis simplex (Herring worm)	Metazoa	194	23
Q7ZZN9	Protobothrops jerdonii (Jerdon's pitviper) (Trimeresurus jerdonii)	Metazoa	240	19
Q8JFE6	Bombina maxima (Giant fire-bellied toad) (Chinese red belly toad)	Metazoa	96	19
Q8MMH0	Pimpla hypochondriaca (Parasitoid wasp)	Metazoa	109	21
Q8MMH5	Pimpla hypochondriaca (Parasitoid wasp)	Metazoa	61	20
Q8T0W1	Pimpla hypochondriaca (Parasitoid wasp)	Metazoa	115	22
Q8T0W3	Pimpla hypochondriaca (Parasitoid wasp)	Metazoa	63	25
Q8T113	Bombyx mori (Silk moth)	Metazoa	227	17
Q95VP2	Epiphyas postvittana (Light brown apple moth) (Teras postvittana)	Metazoa	161	20
Q95VP3	Epiphyas postvittana (Light brown apple moth) (Teras postvittana)	Metazoa	166	24
Q9NL39	Pinctada maxima (Silver-lipped pearl oyster) (White-lipped pearl oyster)	Metazoa	140	25
Q9PRI1	Micrurus corallinus (Painted coral snake) (Elaps corallinus)	Metazoa	78	21
Q9PUB7	Micrurus corallinus (Painted coral snake) (Elaps corallinus)	Metazoa	78	21
Q9TT95	Sus scrofa (Pig)	Metazoa	120	22
Q9YGI4	Naja atra (Chinese cobra)	Metazoa	86	21
Q41350	Solanum lycopersicum (Tomato) (Lycopersicon esculentum)	Plants	252	24
